MFR URL,Ref URL 1,Ref URL 2,Ref URL 3,Ref URL 4,Ref URL 5,PART_NUMBER,Dept,Class,Fine,SKU - MY_PART_NUMBER,Mfg_Part_Num,Part_Desc,E1_Brand,Unilog_Brand,DIB_Brand,Part_Manuf,MANUFACTURER_NAME,BRAND_NAME,TRADE_NAME,MANUFACTURER_PART_NUMBER,ALTERNATE_PART_NUMBER,Classpath,MOBILE_DESC,INVOICE_DESC,SHORT_DESC,LONG_DESC1,RETAIL_DESC,MARKETING_DESCRIPTION,ITEM_FEATURES_1,ITEM_FEATURES_2,ITEM_FEATURES_3,ITEM_FEATURES_4,ITEM_FEATURES_5,ITEM_FEATURES_6,ITEM_FEATURES_7,ITEM_FEATURES_8,ITEM_FEATURES_9,ITEM_FEATURES_10,ITEM_FEATURES_11,ITEM_FEATURES_12,ITEM_FEATURES_13,ITEM_FEATURES_14,ITEM_FEATURES_15,ITEM_FEATURES_16,ITEM_FEATURES_17,ITEM_FEATURES_18,ITEM_FEATURES_19,ITEM_FEATURES_20,With,Standard/Approvals,Prop 65,Application,Includes,Product Name,ATTRIBUTE_LABEL 1,ATTRIBUTE_VALUE 1,ATTRIBUTE_UOM 1,ATTRIBUTE_LABEL 2,ATTRIBUTE_VALUE 2,ATTRIBUTE_UOM 2,ATTRIBUTE_LABEL 3,ATTRIBUTE_VALUE 3,ATTRIBUTE_UOM 3,ATTRIBUTE_LABEL 4,ATTRIBUTE_VALUE 4,ATTRIBUTE_UOM 4,ATTRIBUTE_LABEL 5,ATTRIBUTE_VALUE 5,ATTRIBUTE_UOM 5,ATTRIBUTE_LABEL 6,ATTRIBUTE_VALUE 6,ATTRIBUTE_UOM 6,ATTRIBUTE_LABEL 7,ATTRIBUTE_VALUE 7,ATTRIBUTE_UOM 7,ATTRIBUTE_LABEL 8,ATTRIBUTE_VALUE 8,ATTRIBUTE_UOM 8,ATTRIBUTE_LABEL 9,ATTRIBUTE_VALUE 9,ATTRIBUTE_UOM 9,ATTRIBUTE_LABEL 10,ATTRIBUTE_VALUE 10,ATTRIBUTE_UOM 10,ATTRIBUTE_LABEL 11,ATTRIBUTE_VALUE 11,ATTRIBUTE_UOM 11,ATTRIBUTE_LABEL 12,ATTRIBUTE_VALUE 12,ATTRIBUTE_UOM 12,ATTRIBUTE_LABEL 13,ATTRIBUTE_VALUE 13,ATTRIBUTE_UOM 13,ATTRIBUTE_LABEL 14,ATTRIBUTE_VALUE 14,ATTRIBUTE_UOM 14,ATTRIBUTE_LABEL 15,ATTRIBUTE_VALUE 15,ATTRIBUTE_UOM 15,ATTRIBUTE_LABEL 16,ATTRIBUTE_VALUE 16,ATTRIBUTE_UOM 16,ATTRIBUTE_LABEL 17,ATTRIBUTE_VALUE 17,ATTRIBUTE_UOM 17,ATTRIBUTE_LABEL 18,ATTRIBUTE_VALUE 18,ATTRIBUTE_UOM 18,ATTRIBUTE_LABEL 19,ATTRIBUTE_VALUE 19,ATTRIBUTE_UOM 19,ATTRIBUTE_LABEL 20,ATTRIBUTE_VALUE 20,ATTRIBUTE_UOM 20,ATTRIBUTE_LABEL 21,ATTRIBUTE_VALUE 21,ATTRIBUTE_UOM 21,ATTRIBUTE_LABEL 22,ATTRIBUTE_VALUE 22,ATTRIBUTE_UOM 22,ATTRIBUTE_LABEL 23,ATTRIBUTE_VALUE 23,ATTRIBUTE_UOM 23,ATTRIBUTE_LABEL 24,ATTRIBUTE_VALUE 24,ATTRIBUTE_UOM 24,ATTRIBUTE_LABEL 25,ATTRIBUTE_VALUE 25,ATTRIBUTE_UOM 25,ATTRIBUTE_LABEL 26,ATTRIBUTE_VALUE 26,ATTRIBUTE_UOM 26,ATTRIBUTE_LABEL 27,ATTRIBUTE_VALUE 27,ATTRIBUTE_UOM 27,ATTRIBUTE_LABEL 28,ATTRIBUTE_VALUE 28,ATTRIBUTE_UOM 28,ATTRIBUTE_LABEL 29,ATTRIBUTE_VALUE 29,ATTRIBUTE_UOM 29,ATTRIBUTE_LABEL 30,ATTRIBUTE_VALUE 30,ATTRIBUTE_UOM 30,ATTRIBUTE_LABEL 31,ATTRIBUTE_VALUE 31,ATTRIBUTE_UOM 31,ATTRIBUTE_LABEL 32,ATTRIBUTE_VALUE 32,ATTRIBUTE_UOM 32,ATTRIBUTE_LABEL 33,ATTRIBUTE_VALUE 33,ATTRIBUTE_UOM 33,ATTRIBUTE_LABEL 34,ATTRIBUTE_VALUE 34,ATTRIBUTE_UOM 34,ATTRIBUTE_LABEL 35,ATTRIBUTE_VALUE 35,ATTRIBUTE_UOM 35,ATTRIBUTE_LABEL 36,ATTRIBUTE_VALUE 36,ATTRIBUTE_UOM 36,ATTRIBUTE_LABEL 37,ATTRIBUTE_VALUE 37,ATTRIBUTE_UOM 37,ATTRIBUTE_LABEL 38,ATTRIBUTE_VALUE 38,ATTRIBUTE_UOM 38,ATTRIBUTE_LABEL 39,ATTRIBUTE_VALUE 39,ATTRIBUTE_UOM 39,ATTRIBUTE_LABEL 40,ATTRIBUTE_VALUE 40,ATTRIBUTE_UOM 40,ATTRIBUTE_LABEL 41,ATTRIBUTE_VALUE 41,ATTRIBUTE_UOM 41,ATTRIBUTE_LABEL 42,ATTRIBUTE_VALUE 42,ATTRIBUTE_UOM 42,ATTRIBUTE_LABEL 43,ATTRIBUTE_VALUE 43,ATTRIBUTE_UOM 43,ATTRIBUTE_LABEL 44,ATTRIBUTE_VALUE 44,ATTRIBUTE_UOM 44,ATTRIBUTE_LABEL 45,ATTRIBUTE_VALUE 45,ATTRIBUTE_UOM 45,ATTRIBUTE_LABEL 46,ATTRIBUTE_VALUE 46,ATTRIBUTE_UOM 46,ATTRIBUTE_LABEL 47,ATTRIBUTE_VALUE 47,ATTRIBUTE_UOM 47,ATTRIBUTE_LABEL 48,ATTRIBUTE_VALUE 48,ATTRIBUTE_UOM 48,ATTRIBUTE_LABEL 49,ATTRIBUTE_VALUE 49,ATTRIBUTE_UOM 49,ATTRIBUTE_LABEL 50,ATTRIBUTE_VALUE 50,ATTRIBUTE_UOM 50,UPC,EAN,GTIN,UNSPSC,Warranty,List Price,Selling Qty,Selling UOM,Standard Packaging Information,LENGTH,LENGTH_UOM,HEIGHT,HEIGHT_UOM,WIDTH,WIDTH_UOM,WEIGHT,WEIGHT_UOM,VOLUME,VOLUME_UOM,Product Image,Alternate Image 1,Alternate Image 2,Alternate Image 3,Alternate Image 4,SDS,SDS_1,Warranty Information,Catalog,Specification Sheet,Instruction/Installation Manual,Service Manual,Owners/User Manual,Line Drawing,MTR,RoHS,Full Engineering Drawing,Energy Star Guide,Technical Bulletin,Submittal,Compatibility Chart,Size Chart,Product Label/Insert,Video Link,Video Link 1,Country Of Origin,Discontinued,Actual Image (Yes/No)
,,,,,,DCB518ASTS06G,,,,DCB518ASTS06G,DCB518ASTS06G,DCB518ASTS06G Diablo 1/2 x18  - Sanding Belt 6pc,-- Unbranded --,,,Freud Inc (2435),Freud,Freud,,,,,,,,,,,,,,,,,,,,,,,,,,,,,,,,,,,,,,,,,,,,,,,,,,,,,,,,,,,,,,,,,,,,,,,,,,,,,,,,,,,,,,,,,,,,,,,,,,,,,,,,,,,,,,,,,,,,,,,,,,,,,,,,,,,,,,,,,,,,,,,,,,,,,,,,,,,,,,,,,,,,,,,,,,,,,,,,,,,,,,,,,,,,,,,,,,,,,,,,,,,,,,,,,,,,,,,,,,,,,,,,,,,,,,,,,
,,,,,,3MABR-7100075678,,,,3MABR-7100075678,3MABR-7100075678,3M 775L Stikit Film P150 - Cubitron II 50 Disc/Box,-- Unbranded --,,,Jam Industrial Supply LLC (JAMIN),,,,,,,,,,,,,,,,,,,,,,,,,,,,,,,,,,,,,,,,,,,,,,,,,,,,,,,,,,,,,,,,,,,,,,,,,,,,,,,,,,,,,,,,,,,,,,,,,,,,,,,,,,,,,,,,,,,,,,,,,,,,,,,,,,,,,,,,,,,,,,,,,,,,,,,,,,,,,,,,,,,,,,,,,,,,,,,,,,,,,,,,,,,,,,,,,,,,,,,,,,,,,,,,,,,,,,,,,,,,,,,,,,,,,,,,,,,
,,,,,,3MABR-7100045865,,,,3MABR-7100045865,3MABR-7100045865,3M 775L Stikit Film P120 - Cubitron II 50 Disc/Box,-- Unbranded --,,,Jam Industrial Supply LLC (JAMIN),,,,,,,,,,,,,,,,,,,,,,,,,,,,,,,,,,,,,,,,,,,,,,,,,,,,,,,,,,,,,,,,,,,,,,,,,,,,,,,,,,,,,,,,,,,,,,,,,,,,,,,,,,,,,,,,,,,,,,,,,,,,,,,,,,,,,,,,,,,,,,,,,,,,,,,,,,,,,,,,,,,,,,,,,,,,,,,,,,,,,,,,,,,,,,,,,,,,,,,,,,,,,,,,,,,,,,,,,,,,,,,,,,,,,,,,,,,
,,,,,,3MABR-7100048736,,,,3MABR-7100048736,3MABR-7100048736,3M 775L Stikit Film P80 - Cubitron II 50 Disc/Box,-- Unbranded --,,,Jam Industrial Supply LLC (JAMIN),,,,,,,,,,,,,,,,,,,,,,,,,,,,,,,,,,,,,,,,,,,,,,,,,,,,,,,,,,,,,,,,,,,,,,,,,,,,,,,,,,,,,,,,,,,,,,,,,,,,,,,,,,,,,,,,,,,,,,,,,,,,,,,,,,,,,,,,,,,,,,,,,,,,,,,,,,,,,,,,,,,,,,,,,,,,,,,,,,,,,,,,,,,,,,,,,,,,,,,,,,,,,,,,,,,,,,,,,,,,,,,,,,,,,,,,,,,
,,,,,,3MABR-7100075690,,,,3MABR-7100075690,3MABR-7100075690,3M 775L Stikit Film P180 - Cubitron II 50 Disc/Box,-- Unbranded --,,,Jam Industrial Supply LLC (JAMIN),,,,,,,,,,,,,,,,,,,,,,,,,,,,,,,,,,,,,,,,,,,,,,,,,,,,,,,,,,,,,,,,,,,,,,,,,,,,,,,,,,,,,,,,,,,,,,,,,,,,,,,,,,,,,,,,,,,,,,,,,,,,,,,,,,,,,,,,,,,,,,,,,,,,,,,,,,,,,,,,,,,,,,,,,,,,,,,,,,,,,,,,,,,,,,,,,,,,,,,,,,,,,,,,,,,,,,,,,,,,,,,,,,,,,,,,,,,
,,,,,,3MABR-7100075692,,,,3MABR-7100075692,3MABR-7100075692,3M 775L Stikit Film P220 - Cubitron II 50 Disc/Box,-- Unbranded --,,,Jam Industrial Supply LLC (JAMIN),,,,,,,,,,,,,,,,,,,,,,,,,,,,,,,,,,,,,,,,,,,,,,,,,,,,,,,,,,,,,,,,,,,,,,,,,,,,,,,,,,,,,,,,,,,,,,,,,,,,,,,,,,,,,,,,,,,,,,,,,,,,,,,,,,,,,,,,,,,,,,,,,,,,,,,,,,,,,,,,,,,,,,,,,,,,,,,,,,,,,,,,,,,,,,,,,,,,,,,,,,,,,,,,,,,,,,,,,,,,,,,,,,,,,,,,,,,
,,,,,,3MABR-7100145365,,,,3MABR-7100145365,3MABR-7100145365,3M 775L Stikit Film P320 - Cubitron II 50 Disc/Box,-- Unbranded --,,,Jam Industrial Supply LLC (JAMIN),,,,,,,,,,,,,,,,,,,,,,,,,,,,,,,,,,,,,,,,,,,,,,,,,,,,,,,,,,,,,,,,,,,,,,,,,,,,,,,,,,,,,,,,,,,,,,,,,,,,,,,,,,,,,,,,,,,,,,,,,,,,,,,,,,,,,,,,,,,,,,,,,,,,,,,,,,,,,,,,,,,,,,,,,,,,,,,,,,,,,,,,,,,,,,,,,,,,,,,,,,,,,,,,,,,,,,,,,,,,,,,,,,,,,,,,,,,
,,,,,,5B-332-080,,,,5B-332-080,5B-332-080,5B-332-080 HIOLIT 5  P80,-- Unbranded --,,,Mirka Abrasives Inc (MIRUS),,,,,,,,,,,,,,,,,,,,,,,,,,,,,,,,,,,,,,,,,,,,,,,,,,,,,,,,,,,,,,,,,,,,,,,,,,,,,,,,,,,,,,,,,,,,,,,,,,,,,,,,,,,,,,,,,,,,,,,,,,,,,,,,,,,,,,,,,,,,,,,,,,,,,,,,,,,,,,,,,,,,,,,,,,,,,,,,,,,,,,,,,,,,,,,,,,,,,,,,,,,,,,,,,,,,,,,,,,,,,,,,,,,,,,,,,,,
,,,,,,5B-332-120,,,,5B-332-120,5B-332-120,5B-332-120 HIOLIT 5  P120,-- Unbranded --,,,Mirka Abrasives Inc (MIRUS),,,,,,,,,,,,,,,,,,,,,,,,,,,,,,,,,,,,,,,,,,,,,,,,,,,,,,,,,,,,,,,,,,,,,,,,,,,,,,,,,,,,,,,,,,,,,,,,,,,,,,,,,,,,,,,,,,,,,,,,,,,,,,,,,,,,,,,,,,,,,,,,,,,,,,,,,,,,,,,,,,,,,,,,,,,,,,,,,,,,,,,,,,,,,,,,,,,,,,,,,,,,,,,,,,,,,,,,,,,,,,,,,,,,,,,,,,,
,,,,,,9A-570-240,,,,9A-570-240,9A-570-240,9A-570-240 Abranet 2.75x30,-- Unbranded --,,,Mirka Abrasives Inc (MIRUS),,,,,,,,,,,,,,,,,,,,,,,,,,,,,,,,,,,,,,,,,,,,,,,,,,,,,,,,,,,,,,,,,,,,,,,,,,,,,,,,,,,,,,,,,,,,,,,,,,,,,,,,,,,,,,,,,,,,,,,,,,,,,,,,,,,,,,,,,,,,,,,,,,,,,,,,,,,,,,,,,,,,,,,,,,,,,,,,,,,,,,,,,,,,,,,,,,,,,,,,,,,,,,,,,,,,,,,,,,,,,,,,,,,,,,,,,,,
,,,,,,9A-570-320,,,,9A-570-320,9A-570-320,9A-570-320 Abranet 2.75x30,-- Unbranded --,,,Mirka Abrasives Inc (MIRUS),,,,,,,,,,,,,,,,,,,,,,,,,,,,,,,,,,,,,,,,,,,,,,,,,,,,,,,,,,,,,,,,,,,,,,,,,,,,,,,,,,,,,,,,,,,,,,,,,,,,,,,,,,,,,,,,,,,,,,,,,,,,,,,,,,,,,,,,,,,,,,,,,,,,,,,,,,,,,,,,,,,,,,,,,,,,,,,,,,,,,,,,,,,,,,,,,,,,,,,,,,,,,,,,,,,,,,,,,,,,,,,,,,,,,,,,,,,
,,,,,,DBD090094101F,,,,DBD090094101F,DBD090094101F,DBD090094101F Diablo 9  - Metal Cut-Off Disc,-- Unbranded --,,,Freud Inc (2435),Freud,Freud,,,,,,,,,,,,,,,,,,,,,,,,,,,,,,,,,,,,,,,,,,,,,,,,,,,,,,,,,,,,,,,,,,,,,,,,,,,,,,,,,,,,,,,,,,,,,,,,,,,,,,,,,,,,,,,,,,,,,,,,,,,,,,,,,,,,,,,,,,,,,,,,,,,,,,,,,,,,,,,,,,,,,,,,,,,,,,,,,,,,,,,,,,,,,,,,,,,,,,,,,,,,,,,,,,,,,,,,,,,,,,,,,,,,,,,,,
,,,,,,DBDS12125A01F,,,,DBDS12125A01F,DBDS12125A01F,DBDS12125A01F Diablo 12  - Steel Demon Metal Cut-Off Disc,-- Unbranded --,,,Freud Inc (2435),Freud,Freud,,,,,,,,,,,,,,,,,,,,,,,,,,,,,,,,,,,,,,,,,,,,,,,,,,,,,,,,,,,,,,,,,,,,,,,,,,,,,,,,,,,,,,,,,,,,,,,,,,,,,,,,,,,,,,,,,,,,,,,,,,,,,,,,,,,,,,,,,,,,,,,,,,,,,,,,,,,,,,,,,,,,,,,,,,,,,,,,,,,,,,,,,,,,,,,,,,,,,,,,,,,,,,,,,,,,,,,,,,,,,,,,,,,,,,,,,
,,,,,,DBDS12125G01F,,,,DBDS12125G01F,DBDS12125G01F,DBDS12125G01F Diablo 12 x20mm - Speed Demon Metal Cut-Off Disc,-- Unbranded --,,,Freud Inc (2435),Freud,Freud,,,,,,,,,,,,,,,,,,,,,,,,,,,,,,,,,,,,,,,,,,,,,,,,,,,,,,,,,,,,,,,,,,,,,,,,,,,,,,,,,,,,,,,,,,,,,,,,,,,,,,,,,,,,,,,,,,,,,,,,,,,,,,,,,,,,,,,,,,,,,,,,,,,,,,,,,,,,,,,,,,,,,,,,,,,,,,,,,,,,,,,,,,,,,,,,,,,,,,,,,,,,,,,,,,,,,,,,,,,,,,,,,,,,,,,,,
,,,,,,DBDS14125A01F,,,,DBDS14125A01F,DBDS14125A01F,DBDS14125A01F Diablo 14 x1  - Steel Demon Metal Cut-Off Disc,-- Unbranded --,,,Freud Inc (2435),Freud,Freud,,,,,,,,,,,,,,,,,,,,,,,,,,,,,,,,,,,,,,,,,,,,,,,,,,,,,,,,,,,,,,,,,,,,,,,,,,,,,,,,,,,,,,,,,,,,,,,,,,,,,,,,,,,,,,,,,,,,,,,,,,,,,,,,,,,,,,,,,,,,,,,,,,,,,,,,,,,,,,,,,,,,,,,,,,,,,,,,,,,,,,,,,,,,,,,,,,,,,,,,,,,,,,,,,,,,,,,,,,,,,,,,,,,,,,,,,
,,,,,,DBDS14125G01F,,,,DBDS14125G01F,DBDS14125G01F,DBDS14125G01F Diablo 14 x20mm - Steel Demon Metal Cut-Off Disc,-- Unbranded --,,,Freud Inc (2435),Freud,Freud,,,,,,,,,,,,,,,,,,,,,,,,,,,,,,,,,,,,,,,,,,,,,,,,,,,,,,,,,,,,,,,,,,,,,,,,,,,,,,,,,,,,,,,,,,,,,,,,,,,,,,,,,,,,,,,,,,,,,,,,,,,,,,,,,,,,,,,,,,,,,,,,,,,,,,,,,,,,,,,,,,,,,,,,,,,,,,,,,,,,,,,,,,,,,,,,,,,,,,,,,,,,,,,,,,,,,,,,,,,,,,,,,,,,,,,,,
https://www.milwaukeetool.com/products/details/5-x-045-x-7-8-metal-cut-off-wheel-type-1/49-94-0013,,,,,,49-94-0013,,,,49-94-0013,49-94-0013,49-94-0013 Milw 5 x.045 x7/8  Metal Cut Off Disc,-- Unbranded --,,,Milwaukee Accessory (4031),Milwaukee Tool,Milwaukee,,,,,"Milwaukee 5 IN. diameter, 0.045 IN. thick metal cut off wheel with a 7/8 IN.",MILWAUKEE 49-94-0013 5 IN. METAL CUT OFF,Milwaukee 5 in x 0.045 in x 7/8 in Metal Cut Off Wheel -Type 1 for metal applications.,"The Milwaukee 49-94-0013 is a Type 1 metal cut off wheel measuring 5 in in diameter with a thickness of 0.045 in and a 7/8 in arbor size. Engineered for durability and superior performance in metalwork, this Milwaukee cut off wheel delivers long-lasting, fast cuts.","Get long-lasting, fast cuts with the Milwaukee 5 in Metal Cut Off Wheel. Engineered for durability and superior performance in metalwork, this Type 1 wheel features a 5 in diameter, 0.045 in thickness, and 7/8 in arbor size.","Experience long-lasting, fast cuts with Milwaukee's 5"" Metal Cut Off Wheel—engineered for durability and superior performance in metalwork.",Application: Metal,Arbor size: 7/8 in,Diameter: 5 in,Product type: Cut Off Wheel -Type 1,Thickness: 0.045 in,Engineered for durability and superior performance in metalwork,,,,,,,,,,,,,,,,,,Metal,,Metal Cut Off Disc,diameter,5,in,thickness,0.045,in,arbor size,7/8,in,application,Metal,,product type,Cut Off Wheel -Type 1,,brand,Milwaukee,,,,,,,,,,,,,,,,,,,,,,,,,,,,,,,,,,,,,,,,,,,,,,,,,,,,,,,,,,,,,,,,,,,,,,,,,,,,,,,,,,,,,,,,,,,,,,,,,,,,,,,,,,,,,,,,,,,,,,,,,,,,,,,,,,,,,,,,,,,,,,,,,,,,,,,,,,,,,,,,,,,,,,,,,,,,,,,,,,,,
https://www.milwaukeetool.com/products/details/6-1-2-x-1-8-x-5-8-dko-metal-cut-off-wheel-type-1/49-94-0029,,,,,,49-94-0029,,,,49-94-0029,49-94-0029,49-94-0029 Milw 6-1/2 x1/8 x5/8  DKO Metal Cut Off Disc,-- Unbranded --,,,Milwaukee Accessory (4031),Milwaukee Tool,Milwaukee,,,,,Milwaukee 6-1/2 IN. x 1/8 IN. x 5/8 IN. DKO Type 1 Metal Cut Off Wheel for metal,MILW 49-94-0029 6-1/2 X 1/8 X 5/8 DKO,Milwaukee 49-94-0029 6-1/2 in DKO Metal Cut Off Wheel - Type 1 with a 5/8 in arbor and 0.125 in thickness.,"The Milwaukee Tool 49-94-0029 is a 6-1/2 in x 1/8 in x 5/8 in DKO Metal Cut Off Wheel - Type 1. Designed for long life, fast cuts, and 2X durability in metal and stainless-steel applications.","Discover Milwaukee's 6-1/2"" DKO Cut Off Wheel for long life, fast cuts, and 2X durability in metal and stainless-steel applications. This Type 1 wheel features a 6.5 in diameter, 0.125 in thickness, and a 0.625 in arbor size.","Discover Milwaukee's 6-1/2"" DKO Cut Off Wheel for long life, fast cuts, and 2X durability in metal and stainless-steel applications.",Diameter: 6.5 in,Thickness: 0.125 in,Arbor Size: 0.625 in,Wheel Type: Type 1,Designed for metal and stainless-steel applications,"Provides long life, fast cuts, and 2X durability",,,,,,,,,,,,,,,,,,metal and stainless-steel applications,,6-1/2 x 1/8 x 5/8 DKO Metal Cut Off Disc,Diameter,6.5,in,Thickness,0.125,in,Arbor Size,0.625,in,Wheel Type,Type 1,,,,,,,,,,,,,,,,,,,,,,,,,,,,,,,,,,,,,,,,,,,,,,,,,,,,,,,,,,,,,,,,,,,,,,,,,,,,,,,,,,,,,,,,,,,,,,,,,,,,,,,,,,,,,,,,,,,,,,,,,,,,,,,,,,,,,,,,,,,,,,,,,,,,,,,,,,,,,,,,,,,,,,,,,,,,,,,,,,,,,,,,,,
https://www.milwaukeetool.com/products/details/7-x-1-16-x-7-8-metal-cut-off-wheel-type-1/49-94-0033,,,,,,49-94-0033,,,,49-94-0033,49-94-0033,49-94-0033 Milw 7 x1/16 x7/8  Metal Cut Off Disc,-- Unbranded --,,,Milwaukee Accessory (4031),Milwaukee Tool,Milwaukee,,,,,Milwaukee 7 IN. metal cut off disc with 7/8 IN. arbor size and 1/16 IN.,MILWAUKEE 49-94-0033 7 IN. METAL CUT OFF,"Milwaukee 7 in x 1/16 in x 7/8 in Type 1 Metal Cut Off Wheel for fast, durable cuts in metal.","Discover Milwaukee's 7"" Metal Cut-Off Wheel for fast, durable cuts—2X life & 10% faster than standard wheels. Perfect for all metal types! This Type 1 metal cut off wheel features a 7 in diameter, 1/16 in thickness, and a 7/8 in arbor size.","Get fast, durable cuts in all metal types with the Milwaukee 7 in x 1/16 in x 7/8 in Type 1 Metal Cut Off Wheel. It delivers 2X life and is 10% faster than standard wheels.","Discover Milwaukee's 7"" Metal Cut-Off Wheel for fast, durable cuts—2X life & 10% faster than standard wheels. Perfect for all metal types!",Application: Metal,Arbor Size: 7/8 in,Diameter: 7 in,Product Type: Metal Cut Off Wheel,Thickness: 1/16 in,Wheel Type: 1,Offers 2X life & 10% faster cuts than standard wheels,Perfect for all metal types,,,,,,,,,,,,,,,,Metal,,Metal Cut Off Disc,Product Type,Metal Cut Off Wheel,,Wheel Type,1,,Diameter,7,in,Thickness,1/16,in,Arbor Size,7/8,in,Application,Metal,,,,,,,,,,,,,,,,,,,,,,,,,,,,,,,,,,,,,,,,,,,,,,,,,,,,,,,,,,,,,,,,,,,,,,,,,,,,,,,,,,,,,,,,,,,,,,,,,,,,,,,,,,,,,,,,,,,,,,,,,,,,,,,,,,,,,,,,,,,,,,,,,,,,,,,,,,,,,,,,,,,,,,,,,,,,,,,,,,,,
https://www.milwaukeetool.com/products/details/4-x-040-x-5-8-metal-cut-off-wheel-type-1/49-94-0001,,,,,,49-94-0001,,,,49-94-0001,49-94-0001,49-94-0001 Milw 4 x.040 x5/8  Metal Cut Off Disc,-- Unbranded --,,,Milwaukee Accessory (4031),Milwaukee Tool,Milwaukee,,,,,Milwaukee 4-inch Type 1 metal cut off wheel with 5/8-inch arbor and 0.040-inch,MILW 49-94-0001 4 X .040 X 5/8 METAL CUT,Milwaukee 4 in. x 0.040 in. x 5/8 in. Type 1 Metal Cut Off Wheel for stainless and carbon steel applications.,"The Milwaukee 49-94-0001 is a Metal Cut Off Wheel designed for stainless and carbon steel applications. It features a 4 inch diameter, 0.040 in thickness, a 5/8 in arbor size, and a Type 1 wheel design. Discover Milwaukee's 4-inch Metal Cut Off Wheel for long life, fast cuts, and 2X durability in stainless and carbon steel applications.","Get fast cuts and long life with the Milwaukee 4 in. x 0.040 in. x 5/8 in. Type 1 Metal Cut Off Wheel. Engineered for stainless and carbon steel applications, this metal cut off wheel delivers 2X durability.","Discover Milwaukee's 4"" Metal Cut Off Wheel for long life, fast cuts, and 2X durability in stainless and carbon steel applications.",Diameter: 4 in,Thickness: 0.040 in,Arbor Size: 5/8 in,Wheel Type: 1,Application: stainless and carbon steel,"Long life, fast cuts, and 2X durability",,,,,,,,,,,,,,,,,,stainless and carbon steel,,Metal Cut Off Wheel,Diameter,4,in,Thickness,0.040,in,Arbor Size,5/8,in,Product Type,Metal Cut Off Wheel,,Wheel Type,1,,Application,stainless and carbon steel,,,,,,,,,,,,,,,,,,,,,,,,,,,,,,,,,,,,,,,,,,,,,,,,,,,,,,,,,,,,,,,,,,,,,,,,,,,,,,,,,,,,,,,,,,,,,,,,,,,,,,,,,,,,,,,,,,,,,,,,,,,,,,,,,,,,,,,,,,,,,,,,,,,,,,,,,,,,,,,,,,,,,,,,,,,,,,,,,,,,
https://www.milwaukeetool.com/products/details/7-x-1-8-x-5-8-dko-metal-cut-off-wheel-type-1/49-94-0039,,,,,,49-94-0039,,,,49-94-0039,49-94-0039,49-94-0039 Milw 7 x1/8 x5/8  DKO Metal Cut Off Disc,-- Unbranded --,,,Milwaukee Accessory (4031),Milwaukee Tool,Milwaukee,,,,,,,,,,,,,,,,,,,,,,,,,,,,,,,,,,,,,,,,,,,,,,,,,,,,,,,,,,,,,,,,,,,,,,,,,,,,,,,,,,,,,,,,,,,,,,,,,,,,,,,,,,,,,,,,,,,,,,,,,,,,,,,,,,,,,,,,,,,,,,,,,,,,,,,,,,,,,,,,,,,,,,,,,,,,,,,,,,,,,,,,,,,,,,,,,,,,,,,,,,,,,,,,,,,,,,,,,,,,,,,,,,,,,,,,,
https://www.milwaukeetool.com/products/details/9-x-3-32-x-7-8-metal-cut-off-wheel-type-1/49-94-0043,,,,,,49-94-0043,,,,49-94-0043,49-94-0043,49-94-0043 Milw 9 x3/32 x7/8  Metal Cut Off Disc,-- Unbranded --,,,Milwaukee Accessory (4031),Milwaukee Tool,Milwaukee,,,,,Milwaukee 9 IN. Type 1 Metal Cut Off Wheel with 7/8 IN. arbor and 3/32 IN.,MILW 49-94-0043 9 X 3/32 X 7/8 METAL CUT,Milwaukee 9 in x 3/32 in x 7/8 in Type 1 Metal Cut Off Wheel for steel and stainless steel.,"Experience long-lasting performance with Milwaukee's 9"" Metal Cut Off Wheel for fast, clean cuts in steel and stainless steel. This Type 1 metal cut off wheel features a 9 inch diameter, 3/32 inch thickness, and a 7/8 inch arbor size.","Get long-lasting performance with the Milwaukee 9 in x 3/32 in x 7/8 in Type 1 Metal Cut Off Wheel, designed for fast, clean cuts in steel and stainless steel.","Experience long-lasting performance with Milwaukee's 9"" Metal Cut Off Wheel for fast, clean cuts in steel and stainless steel.",9 in diameter,3/32 in thickness,7/8 in arbor size,Type 1 wheel type,Metal cut off wheel design,"Delivers long-lasting performance for fast, clean cuts in steel and stainless steel",,,,,,,,,,,,,,,,,,Steel and stainless steel cutting,,Metal Cut Off Wheel,Diameter,9,in,Thickness,3/32,in,Arbor Size,7/8,in,Product Type,Metal Cut Off Wheel,,Wheel Type,1,,,,,,,,,,,,,,,,,,,,,,,,,,,,,,,,,,,,,,,,,,,,,,,,,,,,,,,,,,,,,,,,,,,,,,,,,,,,,,,,,,,,,,,,,,,,,,,,,,,,,,,,,,,,,,,,,,,,,,,,,,,,,,,,,,,,,,,,,,,,,,,,,,,,,,,,,,,,,,,,,,,,,,,,,,,,,,,,,,,,,,,
https://www.milwaukeetool.com/products/details/12-x-7-64-x-1-metal-cut-off-wheel-type-1/49-94-0048,,,,,,49-94-0048,,,,49-94-0048,49-94-0048,49-94-0048 Milw 12 x7/64 x1  Metal Cut Off Disc General Purpose,-- Unbranded --,,,Milwaukee Accessory (4031),Milwaukee Tool,Milwaukee,,,,,Milwaukee 12 IN. x 7/64 IN. x 1 IN. Type 1 Metal Cut Off Wheel. Features up to,MILWAUKEE 49-94-0048 12 IN. X 7/64 IN. X,Milwaukee 12 in x 7/64 in x 1 in Type 1 Metal Cut Off Wheel for general purpose metal cutting applications.,"Experience long-lasting, fast cuts with Milwaukee's 12"" Metal Cut Off Wheel—up to 2X life and 10% faster than competitors. This Type 1 metal cut off wheel measures 12 in in diameter with a 7/64 in thickness and a 1 in arbor size.","Get long-lasting, fast cuts with the Milwaukee 12"" Metal Cut Off Wheel. Engineered to deliver up to 2X life and 10% faster performance than competitors, this Type 1 wheel is designed for metal cutting applications.","Experience long-lasting, fast cuts with Milwaukee's 12"" Metal Cut Off Wheel—up to 2X life and 10% faster than competitors.",Up to 2X life compared to competitors,10% faster cuts than competitors,12 in diameter,7/64 in thickness,1 in arbor size,Type 1 wheel design,Designed for metal applications,,,,,,,,,,,,,,,,,Metal,,Metal Cut Off Wheel,product type,Metal Cut Off Wheel,,wheel type,1,,diameter,12,in,thickness,7/64,in,arbor size,1,in,brand,Milwaukee,,application,Metal,,,,,,,,,,,,,,,,,,,,,,,,,,,,,,,,,,,,,,,,,,,,,,,,,,,,,,,,,,,,,,,,,,,,,,,,,,,,,,,,,,,,,,,,,,,,,,,,,,,,,,,,,,,,,,,,,,,,,,,,,,,,,,,,,,,,,,,,,,,,,,,,,,,,,,,,,,,,,,,,,,,,,,,,,,,,,,,,,
https://www.milwaukeetool.com/products/details/12-x-1-8-x-1-metal-cut-off-wheel-type-1/49-94-0053,,,,,,49-94-0053,,,,49-94-0053,49-94-0053,49-94-0053 Milw 12 x1/8 x1  Metal Cut Off Disc,-- Unbranded --,,,Milwaukee Accessory (4031),Milwaukee Tool,Milwaukee,,,,,Milwaukee 12-inch metal cut off wheel with 1-inch arbor and 1/8-inch thickness.,MILWAUKEE 49-94-0053 12 IN. X 1/8 IN. X,"Milwaukee 12"" x 1/8"" x 1"" Type 1 Metal Cut Off Wheel designed for metal applications.","The Milwaukee 49-94-0053 is a 12"" x 1/8"" x 1"" Metal Cut Off Wheel -Type 1 manufactured by Milwaukee Tool. It delivers long-lasting, fast cuts offering up to 2X life and 10% faster performance than standard options for metal applications.","Experience long-lasting, fast cuts with Milwaukee's 12"" Metal Cut Off Wheel, providing up to 2X life and 10% faster cuts than standard options. This Type 1 wheel features a 12-inch diameter, 1/8-inch thickness, and a 1-inch arbor size built for metal applications.","Experience long-lasting, fast cuts with Milwaukee's 12"" Metal Cut Off Wheel—up to 2X life and 10% faster than standard options.",Up to 2X life compared to standard options,10% faster cuts than standard options,12 in diameter,1/8 in thickness,1 in arbor size,Type 1 wheel design,Application: Metal,,,,,,,,,,,,,,,,,Metal,,"12"" x 1/8"" x 1"" Metal Cut Off Wheel -Type 1",Product Name,"12"" x 1/8"" x 1"" Metal Cut Off Wheel -Type 1",,Wheel Type,1,,Application,Metal,,Diameter,12,in,Thickness,1/8,in,Arbor Size,1,in,Brand,Milwaukee,,,,,,,,,,,,,,,,,,,,,,,,,,,,,,,,,,,,,,,,,,,,,,,,,,,,,,,,,,,,,,,,,,,,,,,,,,,,,,,,,,,,,,,,,,,,,,,,,,,,,,,,,,,,,,,,,,,,,,,,,,,,,,,,,,,,,,,,,,,,,,,,,,,,,,,,,,,,,,,,,,,,,,,,,,,,,,,,,
https://www.milwaukeetool.com/products/details/12-x-1-8-x-20mm-metal-cut-off-wheel-type-1/49-94-0058,,,,,,49-94-0058,,,,49-94-0058,49-94-0058,49-94-0058 Milw 12 x1/8 x20mm Metal Cut Off Disc,-- Unbranded --,,,Milwaukee Accessory (4031),Milwaukee Tool,Milwaukee,,,,,Milwaukee 12-inch metal cut off wheel with a 1/8-inch thickness and 20 MM arbor,MILWAUKEE 49-94-0058 12 X 1/8 X 20 MM,"Milwaukee 12"" x 1/8"" x 20mm Type 1 Metal Cut Off Wheel designed for metal applications.","Experience long-lasting performance with Milwaukee's 12"" Metal Cut Off Wheel—cut faster and last longer in all your metal projects. This Type 1 metal cut off wheel features a 12-inch diameter, 1/8-inch thickness, and a 20mm arbor size.","Experience long-lasting performance with the Milwaukee 12"" Metal Cut Off Wheel. Cut faster and last longer in all your metal projects with this Type 1 wheel, measuring 12"" x 1/8"" with a 20mm arbor.","Experience long-lasting performance with Milwaukee's 12"" Metal Cut Off Wheel—cut faster and last longer in all your metal projects.",Designed for metal applications,12-inch diameter,1/8-inch thickness,20 mm arbor size,Type 1 wheel design,Cuts faster and lasts longer in metal projects,,,,,,,,,,,,,,,,,,metal,,Metal Cut Off Disc,Wheel Type,1,,Diameter,12,in,Thickness,1/8,in,Arbor Size,20,mm,Application,metal,,,,,,,,,,,,,,,,,,,,,,,,,,,,,,,,,,,,,,,,,,,,,,,,,,,,,,,,,,,,,,,,,,,,,,,,,,,,,,,,,,,,,,,,,,,,,,,,,,,,,,,,,,,,,,,,,,,,,,,,,,,,,,,,,,,,,,,,,,,,,,,,,,,,,,,,,,,,,,,,,,,,,,,,,,,,,,,,,,,,,,,
https://www.milwaukeetool.com/products/details/14-x-7-64-x-1-metal-cut-off-wheel-type-1/49-94-0063,,,,,,49-94-0063,,,,49-94-0063,49-94-0063,49-94-0063 Milw 14 x7/64 x1  Metal Cut Off Disc General Purpose,-- Unbranded --,,,Milwaukee Accessory (4031),Milwaukee Tool,Milwaukee,,,,,Milwaukee Tool 14 IN. x 7/64 IN. x 1 IN. Type 1 Metal Cut Off Wheel for,MILWAUKEE 49-94-0063 14 IN. X 7/64 IN. X,"Milwaukee Tool 14"" x 7/64"" x 1"" Metal Cut Off Wheel -Type 1 for stainless and carbon steel applications.","Discover Milwaukee's 14"" Metal Cut-Off Wheel for long life, fast cuts, and 2X durability in stainless and carbon steel applications. This Type 1 metal cut off wheel features a 14-inch diameter, 7/64-inch thickness, and a 1-inch arbor size.","Get long life, fast cuts, and 2X durability in stainless and carbon steel applications with the Milwaukee Tool 14"" x 7/64"" x 1"" Metal Cut Off Wheel -Type 1.","Discover Milwaukee's 14"" Metal Cut-Off Wheel for long life, fast cuts, and 2X durability in stainless and carbon steel applications.","Delivers long life, fast cuts, and 2X durability in stainless and carbon steel applications",14 in diameter,7/64 in thickness,1 in arbor size,Type 1 wheel type,,,,,,,,,,,,,,,,,,,stainless and carbon steel applications,,"14"" x 7/64"" x 1"" Metal Cut Off Wheel -Type 1",Product Name,"14"" x 7/64"" x 1"" Metal Cut Off Wheel -Type 1",,Wheel Type,1,,Diameter,14,in,Thickness,7/64,in,Arbor Size,1,in,Application,stainless and carbon steel applications,,,,,,,,,,,,,,,,,,,,,,,,,,,,,,,,,,,,,,,,,,,,,,,,,,,,,,,,,,,,,,,,,,,,,,,,,,,,,,,,,,,,,,,,,,,,,,,,,,,,,,,,,,,,,,,,,,,,,,,,,,,,,,,,,,,,,,,,,,,,,,,,,,,,,,,,,,,,,,,,,,,,,,,,,,,,,,,,,,,,
https://www.milwaukeetool.com/products/details/14-x-1-8-x-20mm-metal-cut-off-wheel-type-1/49-94-0068,,,,,,49-94-0068,,,,49-94-0068,49-94-0068,49-94-0068 Milw 14 x1/8 x20mm Metal Cut Off Disc,-- Unbranded --,,,Milwaukee Accessory (4031),Milwaukee Tool,Milwaukee,,,,,Milwaukee 14 IN.. metal cut off disc with 20 MM arbor and Type 1 wheel design.,MILWAUKEE 49-94-0068 14 IN. X 1/8 IN. X,Milwaukee 14 in. x 1/8 in. x 20 mm Metal Cut Off Wheel for metal applications.,"Experience long-lasting, fast cuts with Milwaukee's 14 in. Metal Cut Off Wheel, offering up to 2X life and 10% faster cutting for all your metal needs. This Type 1 metal cut off wheel features a 14 in. diameter, 1/8 in. thickness, and a 20 mm arbor size.","Get long-lasting, fast cuts with the Milwaukee 14 in. Metal Cut Off Wheel. Designed for metal applications, this Type 1 wheel delivers up to 2X life and 10% faster cutting.","Experience long-lasting, fast cuts with Milwaukee's 14 in. Metal Cut Off Wheel—up to 2X life & 10% faster cutting for all your metal needs.",14 in. diameter,1/8 in. thickness,20 mm arbor size,Type 1 wheel design,Application: Metal,Up to 2X life and 10% faster cutting,,,,,,,,,,,,,,,,,,Metal,,Metal Cut Off Wheel,Diameter,14,in,Thickness,1/8,in,Arbor Size,20,mm,Product Type,Metal Cut Off Wheel,,Wheel Type,1,,Brand,Milwaukee,,Application,Metal,,,,,,,,,,,,,,,,,,,,,,,,,,,,,,,,,,,,,,,,,,,,,,,,,,,,,,,,,,,,,,,,,,,,,,,,,,,,,,,,,,,,,,,,,,,,,,,,,,,,,,,,,,,,,,,,,,,,,,,,,,,,,,,,,,,,,,,,,,,,,,,,,,,,,,,,,,,,,,,,,,,,,,,,,,,,,,,,,
https://www.milwaukeetool.com/products/details/14-x-1-8-x-1-metal-cut-off-wheel-type-1/49-94-0073,,,,,,49-94-0073,,,,49-94-0073,49-94-0073,49-94-0073 Milw 14 x1/8 x1  Metal Cut Off Disc,-- Unbranded --,,,Milwaukee Accessory (4031),Milwaukee Tool,Milwaukee,,,,,Milwaukee 14 IN. metal cut off disc with 1 IN. arbor and 1/8 IN. thickness.,MILWAUKEE 49-94-0073 14 IN. METAL CUT,Milwaukee 14 in x 1/8 in x 1 in Metal Cut Off Wheel -Type 1 offering 2X life and 10% faster cuts in metal and stainless steel.,Experience long-lasting performance with the Milwaukee 49-94-0073 Metal Cut Off Wheel -Type 1. This 14 in x 1/8 in x 1 in wheel delivers 2X life and 10% faster cuts in metal and stainless steel.,"Get long-lasting performance with the Milwaukee Metal Cut-Off Wheel. Designed with a 14 in diameter, 1/8 in thickness, and 1 in arbor size, it delivers 2X life and 10% faster cuts in metal and stainless steel.","Experience long-lasting performance with our 14"" Metal Cut-Off Wheel—2X life and 10% faster cuts in metal and stainless steel.",Diameter: 14 in,Thickness: 1/8 in,Arbor Size: 1 in,Product Type: Metal Cut Off Wheel -Type 1,2X life and 10% faster cuts in metal and stainless steel,,,,,,,,,,,,,,,,,,,Metal and stainless steel cutting,,Metal Cut Off Wheel -Type 1,Diameter,14,in,Thickness,1/8,in,Arbor Size,1,in,Product Type,Metal Cut Off Wheel -Type 1,,Performance,2X life and 10% faster cuts in metal and stainless steel,,,,,,,,,,,,,,,,,,,,,,,,,,,,,,,,,,,,,,,,,,,,,,,,,,,,,,,,,,,,,,,,,,,,,,,,,,,,,,,,,,,,,,,,,,,,,,,,,,,,,,,,,,,,,,,,,,,,,,,,,,,,,,,,,,,,,,,,,,,,,,,,,,,,,,,,,,,,,,,,,,,,,,,,,,,,,,,,,,,,,,,
https://www.milwaukeetool.com/products/details/4-1-2-x-045-x-7-8-performance-metal-cut-off-wheel-type-1-10pk/49-94-0101,,,,,,49-94-0101,,,,49-94-0101,49-94-0101,49-94-0101 Milw 4-1/2 x.045 x7/8  Perform+ Metal Cut Off Disc 10pc,-- Unbranded --,,,Milwaukee Accessory (4031),Milwaukee Tool,Milwaukee,,,,,"Milwaukee 49-94-0101 Performance+ Metal Cut Off Wheel 10pc, 4-1/2 IN. diameter,",MIL 49-94-0101 METAL CUT OFF DISC 10PC,"Milwaukee 49-94-0101 4-1/2 in. x .045 in. x 7/8 in. Performance+ Metal Cut Off Wheel, 10pc.",Experience up to 5X life and 25% faster cuts with Milwaukee's Performance+ Metal Cut Off Wheel for unmatched durability and precision. This 4-1/2 in. x .045 in. x .045 in. x 7/8 in. Type 1 metal cut off wheel comes in a 10-piece quantity.,Get up to 5X life and 25% faster cuts with the Milwaukee Performance+ Metal Cut Off Wheel. This 10-piece set features 4-1/2 in. diameter Type 1 wheels with a .045 in. thickness and a 7/8 in. arbor size.,Experience up to 5X life and 25% faster cuts with Milwaukee's Performance+ Metal Cut Off Wheel for unmatched durability and precision.,Diameter: 4-1/2 in.,Thickness: .045 in.,Arbor Size: 7/8 in.,Wheel Type: 1,Quantity: 10 pc,Product Type: Metal Cut Off Wheel,Up to 5X life and 25% faster cuts,,,,,,,,,,,,,,,,,Metal cutting,10 pc Metal Cut Off Wheels,Performance+ Metal Cut Off Wheel,Diameter,4-1/2,in,Thickness,.045,in,Arbor Size,7/8,in,Product Type,Metal Cut Off Wheel,,Wheel Type,1,,Quantity,10,pc,,,,,,,,,,,,,,,,,,,,,,,,,,,,,,,,,,,,,,,,,,,,,,,,,,,,,,,,,,,,,,,,,,,,,,,,,,,,,,,,,,,,,,,,,,,,,,,,,,,,,,,,,,,,,,,,,,,,,,,,,,,,,,,,,,,,,,,,,,,,,,,,,,,,,,,,,,,,,,,,,,,,,,,,,,,,,,,,,,,
https://www.milwaukeetool.com/products/details/4-1-2-x-045-x-7-8-performance-metal-cut-off-wheel-type-27/49-94-0107,,,,,,49-94-0107,,,,49-94-0107,49-94-0107,49-94-0107 Milw 4-1/2 x.045 x7/8  Performance+ Metal Cut Off Disc,-- Unbranded --,,,Milwaukee Accessory (4031),Milwaukee Tool,Milwaukee,,,,,Milwaukee 4-1/2 x .045 x 7/8 Performance+ Metal Cut-Off Wheel for metal,MILW 49-94-0107 4-1/2 X .045 X 7/8 METAL,Milwaukee 4-1/2 in x 0.045 in x 7/8 in Performance+ Metal Cut Off Wheel - Type 27.,"Experience faster cuts and longer life with Milwaukee's Performance+ Metal Cut-Off Wheel, designed for durability and efficiency in metal applications. This Type 27 wheel features a diameter of 4.5 inches, a thickness of 0.045 inches, and an arbor size of 7/8 inches.","The Milwaukee Performance+ Metal Cut-Off Wheel is designed for durability and efficiency in metal applications, offering faster cuts and longer life. Features a 4-1/2 inch diameter, 0.045 inch thickness, and 7/8 inch arbor size.","Experience faster cuts and longer life with Milwaukee's Performance+ Metal Cut-Off Wheel, designed for durability and efficiency in metal applications.",Diameter: 4.5 in,Thickness: 0.045 in,Arbor size: 7/8 in,Wheel type: 27,Designed for metal applications,Performance+ product line,,,,,,,,,,,,,,,,,,Metal,,Performance+ Metal Cut Off Wheel,product type,Metal Cut Off Wheel,,diameter,4.5,in,thickness,0.045,in,arbor size,7/8,in,product line,Performance+,,material application,Metal,,wheel type,27,,brand,Milwaukee,,model number,49-94-0107,,,,,,,,,,,,,,,,,,,,,,,,,,,,,,,,,,,,,,,,,,,,,,,,,,,,,,,,,,,,,,,,,,,,,,,,,,,,,,,,,,,,,,,,,,,,,,,,,,,,,,,,,,,,,,,,,,,,,,,,,,,,,,,,,,,,,,,,,,,,,,,,,,,,,,,,,,,,,,,,,,,,,,,,,,,
https://www.milwaukeetool.com/products/details/5-x-045-x-7-8-performance-metal-cut-off-wheel-type-27/49-94-0117,,,,,,49-94-0117,,,,49-94-0117,49-94-0117,49-94-0117 Milw 5 x.045 x7/8  Performance+ Metal Cut Off Disc,-- Unbranded --,,,Milwaukee Accessory (4031),Milwaukee Tool,Milwaukee,,,,,Milwaukee 5 IN. Performance+ Metal Cut Off Wheel with 7/8 IN. arbor and Type 27,MILWAUKEE 49-94-0117 5 IN. X .045 IN. X,"Milwaukee Performance+ Type 27 Metal Cut Off Wheel, 5 in diameter, 0.045 in thickness, 7/8 in arbor size.","Experience longer life and faster cuts with Milwaukee's 5"" Performance+ Metal Cut Off Wheel—up to 5X life and 25% faster cutting! This Type 27 metal cut off wheel features a 5 inch diameter, 0.045 inch thickness, and a 7/8 inch arbor size designed for metal applications.","Get up to 5X life and 25% faster cutting with the Milwaukee 5"" Performance+ Metal Cut Off Wheel. Engineered for metal applications, this Type 27 wheel measures 5 inches in diameter with a 0.045 inch thickness and a 7/8 inch arbor size.","Experience longer life and faster cuts with Milwaukee's 5"" Performance+ Metal Cut Off Wheel—up to 5X life and 25% faster cutting!",Application: Metal,Arbor Size: 7/8 in,Diameter: 5 in,Thickness: 0.045 in,Wheel Type: 27,Product Line: Performance+,Up to 5X life,,,,,,,,,,,,,,,,,Metal,,Performance+ Metal Cut Off Wheel,Diameter,5,in,Thickness,0.045,in,Arbor Size,7/8,in,Product Type,Metal Cut Off Wheel,,Wheel Type,27,,Product Line,Performance+,,Brand,Milwaukee,,Application,Metal,,,,,,,,,,,,,,,,,,,,,,,,,,,,,,,,,,,,,,,,,,,,,,,,,,,,,,,,,,,,,,,,,,,,,,,,,,,,,,,,,,,,,,,,,,,,,,,,,,,,,,,,,,,,,,,,,,,,,,,,,,,,,,,,,,,,,,,,,,,,,,,,,,,,,,,,,,,,,,,,,,,,,,,,,,,,,,
https://www.milwaukeetool.com/products/details/6-x-045-x-7-8-performance-metal-cut-off-wheel-type-1/49-94-0123,,,,,,49-94-0123,,,,49-94-0123,49-94-0123,49-94-0123 Milw 6 x.045 x7/8  Performance+ Metal Cut Off Disc,-- Unbranded --,,,Milwaukee Accessory (4031),Milwaukee Tool,Milwaukee,,,,,Milwaukee 6 IN. x .045 IN. x 7/8 IN. Performance+ Metal Cut Off Wheel - Type 1.,MILWAUKEE 49-94-0123 6 IN. METAL CUT OFF,Milwaukee 6 in x 0.045 in x 7/8 in Performance+ Metal Cut Off Wheel - Type 1 for metal applications.,"Discover Milwaukee's 6"" Performance+ Metal Cut-Off Wheel for longer life, faster cuts, and up to 5X durability in metal applications. This Type 1 metal cut off wheel features a 6 inch diameter, 0.045 inch thickness, and a 7/8 inch arbor size.","Get the Milwaukee 49-94-0123 Performance+ Metal Cut Off Wheel - Type 1. Designed for metal applications, this 6-inch wheel features a 0.045-inch thickness and a 7/8-inch arbor size, delivering longer life, faster cuts, and up to 5X durability.","Discover Milwaukee's 6"" Performance+ Metal Cut-Off Wheel for longer life, faster cuts, and up to 5X durability in metal applications.",Diameter: 6 in,Thickness: 0.045 in,Arbor Size: 7/8 in,Product Type: Metal Cut Off Wheel - Type 1,Designed for metal applications,,,,,,,,,,,,,,,,,,,Metal applications,,Performance+ Metal Cut Off Wheel - Type 1,Diameter,6,in,Thickness,0.045,in,Arbor Size,7/8,in,Product Type,Metal Cut Off Wheel - Type 1,,Brand,Milwaukee,,Model Number,49-94-0123,,,,,,,,,,,,,,,,,,,,,,,,,,,,,,,,,,,,,,,,,,,,,,,,,,,,,,,,,,,,,,,,,,,,,,,,,,,,,,,,,,,,,,,,,,,,,,,,,,,,,,,,,,,,,,,,,,,,,,,,,,,,,,,,,,,,,,,,,,,,,,,,,,,,,,,,,,,,,,,,,,,,,,,,,,,,,,,,,,,,
https://www.milwaukeetool.com/products/details/6-x-045-x-7-8-metal-cut-off-wheel-type-1/49-94-0023,,,,,,49-94-0023,,,,49-94-0023,49-94-0023,49-94-0023 Milw 6 x.045 x7/8  Metal Cut Off Disc,-- Unbranded --,,,Milwaukee Accessory (4031),Milwaukee Tool,Milwaukee,,,,,"Milwaukee 6 IN.. Type 1 Metal Cut Off Wheel, 0.045 IN.. thickness, 7/8 IN..",MILW 49-94-0023 6 X .045 X 7/8 METAL CUT,Milwaukee 6 in. x 0.045 in. x 7/8 in. Type 1 Metal Cut Off Wheel for stainless steel and ferrous metals.,"Discover Milwaukee's 6 in. Metal Cut-Off Wheel designed for long life, fast cuts, and 2X durability. This Type 1 metal cut off wheel features a 6 in. diameter, 0.045 in. thickness, and a 7/8 in. arbor size, making it perfect for stainless steel and ferrous metals.","The Milwaukee 49-94-0023 Metal Cut Off Wheel delivers long life, fast cuts, and 2X durability. Measuring 6 in. in diameter with a 0.045 in. thickness and a 7/8 in. arbor size, this Type 1 wheel is perfect for cutting stainless steel and ferrous metals.","Discover Milwaukee's 6 in. Metal Cut-Off Wheel for long life, fast cuts, and 2X durability—perfect for stainless steel and ferrous metals.",Diameter: 6 in.,Thickness: 0.045 in.,Arbor size: 7/8 in.,Wheel type: Type 1,Application: Stainless steel and ferrous metals,"Offers long life, fast cuts, and 2X durability",,,,,,,,,,,,,,,,,,stainless steel and ferrous metals,,Metal Cut Off Wheel,diameter,6,in,thickness,0.045,in,arbor size,7/8,in,product type,Metal Cut Off Wheel,,wheel type,1,,application,stainless steel and ferrous metals,,,,,,,,,,,,,,,,,,,,,,,,,,,,,,,,,,,,,,,,,,,,,,,,,,,,,,,,,,,,,,,,,,,,,,,,,,,,,,,,,,,,,,,,,,,,,,,,,,,,,,,,,,,,,,,,,,,,,,,,,,,,,,,,,,,,,,,,,,,,,,,,,,,,,,,,,,,,,,,,,,,,,,,,,,,,,,,,,,,,
https://www.milwaukeetool.com/products/details/6-x-045-x-7-8-performance-metal-cut-off-wheel-type-1/49-94-0121,,,,,,49-94-0121,,,,49-94-0121,49-94-0121,49-94-0121 Milw 6 x.045 x7/8  Performance+ Metal Cut Off Disc 10pc,-- Unbranded --,,,Milwaukee Accessory (4031),Milwaukee Tool,Milwaukee,,,,,6 IN. Performance+ Metal Cut Off Wheel by Milwaukee with 7/8 IN. arbor and 0.045,MILWAUKEE 49-94-0121 6 X .045 X 7/8,Milwaukee 6 in x 0.045 in x 7/8 in Performance+ Metal Cut Off Wheel - Type 1 for metal applications.,The Milwaukee 49-94-0121 Performance+ Metal Cut Off Wheel is a Type 1 wheel designed for metal applications. It measures 6 inches in diameter with a 0.045 inch thickness and a 7/8 inch arbor size.,"Discover Milwaukee's 6 in Performance+ Metal Cut-Off Wheel, part number 49-94-0121, designed for metal applications with a Type 1 wheel configuration.","Milwaukee 49-94-0121 Performance+ Metal Cut Off Wheel delivers longer life, faster cuts, and up to 5X durability in metal applications. Features a 6-inch diameter, 0.045-inch thickness, and 7/8-inch arbor size.",6 in diameter,0.045 in thickness,7/8 in arbor size,Type 1 wheel,Performance+ line,Designed for metal applications,,,,,,,,,,,,,,,,,,Metal,,Performance+ Metal Cut Off Disc,Diameter,6,in,Thickness,0.045,in,Arbor Size,7/8,in,Product Type,Metal Cut Off Wheel,,Wheel Type,1,,Line Name,Performance+,,Application,Metal,,,,,,,,,,,,,,,,,,,,,,,,,,,,,,,,,,,,,,,,,,,,,,,,,,,,,,,,,,,,,,,,,,,,,,,,,,,,,,,,,,,,,,,,,,,,,,,,,,,,,,,,,,,,,,,,,,,,,,,,,,,,,,,,,,,,,,,,,,,,,,,,,,,,,,,,,,,,,,,,,,,,,,,,,,,,,,,,,
https://www.milwaukeetool.com/products/details/6-x-045-x-7-8-performance-metal-cut-off-wheel-type-27/49-94-0127,,,,,,49-94-0127,,,,49-94-0127,49-94-0127,49-94-0127 Milw 6 x.045 x7/8  Performance+Metal Cut Off Disc,-- Unbranded --,,,Milwaukee Accessory (4031),Milwaukee Tool,Milwaukee,,,,,Milwaukee 6-inch Performance+ Metal Cut Off Wheel with 7/8-inch arbor size and,MILWAUKEE 49-94-0127 6 X .045 X 7/8,Milwaukee 6 x .045 x 7/8 Performance+ Metal Cut Off Wheel - Type 27 for metal applications.,"The Milwaukee 49-94-0127 Performance+ Metal Cut Off Wheel is a Type 27 wheel designed for metal applications. It features a 6-inch diameter, 0.045-inch thickness, and a 7/8-inch arbor size.","Experience 5X longer life and 25% faster cuts with the Milwaukee 6"" Performance+ Metal Cut Off Wheel. This Type 27 wheel measures 6 inches in diameter with a 0.045-inch thickness and a 7/8-inch arbor size for metal cutting applications.","Experience 5X longer life and 25% faster cuts with Milwaukee's 6"" Performance+ Metal Cut Off Wheel for unmatched durability and precision.",5X longer life,25% faster cuts,6-inch diameter,0.045-inch thickness,7/8-inch arbor size,Type 27 wheel,Designed for metal applications,,,,,,,,,,,,,,,,,Metal,,Performance+ Metal Cut Off Disc,Diameter,6,in,Thickness,0.045,in,Arbor Size,7/8,in,Wheel Type,27,,Application,Metal,,Product Line,Performance+,,,,,,,,,,,,,,,,,,,,,,,,,,,,,,,,,,,,,,,,,,,,,,,,,,,,,,,,,,,,,,,,,,,,,,,,,,,,,,,,,,,,,,,,,,,,,,,,,,,,,,,,,,,,,,,,,,,,,,,,,,,,,,,,,,,,,,,,,,,,,,,,,,,,,,,,,,,,,,,,,,,,,,,,,,,,,,,,,,,,
https://www.milwaukeetool.com/products/details/7-x-3-32-x-7-8-performance-metal-cut-off-wheel-type-27/49-94-0137,,,,,,49-94-0137,,,,49-94-0137,49-94-0137,49-94-0137 Milw 7 x3/32 x7/8  Performance+ Metal Cut Off Disc,-- Unbranded --,,,Milwaukee Accessory (4031),Milwaukee Tool,Milwaukee,,,,,"Milwaukee 7 IN. Performance+ Metal Cut Off Wheel, Type 27, 7/8 IN. arbor, 3/32",MILW 49-94-0137 7X3/32 X 7/8 PERF+ CUT,Milwaukee 7 in x 3/32 in x 7/8 in Performance+ Type 27 Metal Cut Off Wheel for all metal applications.,"Experience longer life and faster cuts with Milwaukee's 7"" Performance+ Metal Cut Off Wheel—up to 5X life for all metal applications. This Type 27 metal cut off wheel features a 7-inch diameter, 3/32-inch thickness, and a 7/8-inch arbor size.","Get longer life and faster cuts with the Milwaukee 7"" Performance+ Metal Cut Off Wheel. Designed for all metal applications, this Type 27 wheel delivers up to 5X life and measures 7"" x 3/32"" x 7/8"".","Experience longer life and faster cuts with Milwaukee's 7"" Performance+ Metal Cut Off Wheel—up to 5X life for all metal applications.",Up to 5X life for all metal applications,7 in diameter,3/32 in thickness,7/8 in arbor size,Type 27 wheel type,,,,,,,,,,,,,,,,,,,all metal,,7 in x 3/32 in x 7/8 in Performance+ Metal Cut Off Wheel,Diameter,7,in,Thickness,3/32,in,Arbor Size,7/8,in,Product Type,Metal Cut Off Wheel,,Wheel Type,27,,Product Line,Performance+,,Application,all metal,,,,,,,,,,,,,,,,,,,,,,,,,,,,,,,,,,,,,,,,,,,,,,,,,,,,,,,,,,,,,,,,,,,,,,,,,,,,,,,,,,,,,,,,,,,,,,,,,,,,,,,,,,,,,,,,,,,,,,,,,,,,,,,,,,,,,,,,,,,,,,,,,,,,,,,,,,,,,,,,,,,,,,,,,,,,,,,,,
https://www.milwaukeetool.com/products/details/14-x-7-64-x-1-performance-metal-cut-off-wheel-type-1-stud-cutter/49-94-0160,,,,,,49-94-0160,,,,49-94-0160,49-94-0160,49-94-0160 Milw 14 x7/64 x1  Performance+ Metal Cut Off Disc,-- Unbranded --,,,Milwaukee Accessory (4031),Milwaukee Tool,Milwaukee,,,,,Milwaukee 14 IN. x 7/64 IN. x 1 IN. Performance+ Metal Cut Off Wheel - Type 1 -,MILW 49-94-0160 14 IN. METAL CUT OFF,Milwaukee 14 in Performance+ Metal Cut Off Wheel for metal and stainless-steel applications.,"Experience faster cuts and 5X longer life with Milwaukee's 14"" Performance+ Metal Cut Off Wheel. This Type 1 stud cutter features a 14 in diameter, 7/64 in thickness, and a 1 in arbor size, making it perfect for metal and stainless-steel applications.","Get faster cuts and 5X longer life with the Milwaukee Performance+ Metal Cut Off Wheel. Designed as a Type 1 stud cutter, this 14 in wheel with a 1 in arbor size and 7/64 in thickness is ideal for metal and stainless-steel applications.","Experience faster cuts and 5X longer life with Milwaukee's 14"" Performance+ Metal Cut Off Wheel. Perfect for metal and stainless-steel applications.",Diameter: 14 in,Thickness: 7/64 in,Arbor Size: 1 in,Model Line: Performance+,Product Type: Metal Cut Off Wheel - Type 1 - Stud Cutter,Application: Metal and stainless-steel applications,Offers faster cuts and 5X longer life,,,,,,,,,,,,,,,,,metal and stainless-steel applications,,Performance+ Metal Cut Off Wheel - Type 1 - Stud Cutter,Diameter,14,in,Thickness,7/64,in,Arbor Size,1,in,Product Type,Metal Cut Off Wheel - Type 1 - Stud Cutter,,Brand,Milwaukee,,Model Line,Performance+,,Application,metal and stainless-steel applications,,,,,,,,,,,,,,,,,,,,,,,,,,,,,,,,,,,,,,,,,,,,,,,,,,,,,,,,,,,,,,,,,,,,,,,,,,,,,,,,,,,,,,,,,,,,,,,,,,,,,,,,,,,,,,,,,,,,,,,,,,,,,,,,,,,,,,,,,,,,,,,,,,,,,,,,,,,,,,,,,,,,,,,,,,,,,,,,,
https://www.milwaukeetool.com/products/details/6-x-045-x-7-8-ceramic-metal-cut-off-wheel-type-1/49-94-0223,,,,,,49-94-0223,,,,49-94-0223,49-94-0223,49-94-0223 Milw 6 x.045 x7/8  Ceramic+ Metal Cut Off Disc,-- Unbranded --,,,Milwaukee Accessory (4031),Milwaukee Tool,Milwaukee,,,,,Milwaukee 6 IN.. x .045 IN.. x 7/8 IN.. Ceramic+ Metal Cut Off Wheel -Type 1 for,MILWAUKEE 49-94-0223 6 IN. X .045 IN. X,Milwaukee 6 in. x .045 in. x 7/8 in. Ceramic+ Metal Cut Off Wheel -Type 1,"Experience 2X faster cuts with Milwaukee's Ceramic+ Metal Cut-Off Wheel, designed for unmatched productivity and durability in metal applications. This Type 1 cut off wheel features a 6 inch diameter, .045 inch thickness, and 7/8 inch arbor size with Ceramic+ abrasive material.","Experience 2X faster cuts with Milwaukee's Ceramic+ Metal Cut-Off Wheel, designed for unmatched productivity and durability in metal applications. This Type 1 cut off wheel measures 6"" x .045"" x 7/8"".","Experience 2X faster cuts with Milwaukee's Ceramic+ Metal Cut-Off Wheel, designed for unmatched productivity and durability in metal applications.",Ceramic+ abrasive material,6 in. diameter,.045 in. thickness,7/8 in. arbor size,Type 1 wheel type,Designed for metal applications,,,,,,,,,,,,,,,,,,Metal,,Ceramic+ Metal Cut Off Wheel,diameter,6,in,thickness,.045,in,arbor size,7/8,in,abrasive material,Ceramic+,,application material,Metal,,product type,Cut Off Wheel,,wheel type,1,,,,,,,,,,,,,,,,,,,,,,,,,,,,,,,,,,,,,,,,,,,,,,,,,,,,,,,,,,,,,,,,,,,,,,,,,,,,,,,,,,,,,,,,,,,,,,,,,,,,,,,,,,,,,,,,,,,,,,,,,,,,,,,,,,,,,,,,,,,,,,,,,,,,,,,,,,,,,,,,,,,,,,,,,,,,,,,,,
https://www.milwaukeetool.com/products/details/10-x-3-32-x-5-8-performance-metal-cut-off-wheel-type-1/49-94-0445,,,,,,49-94-0445,,,,49-94-0445,49-94-0445,49-94-0445 Milw 10 x3/32 x5/8  Performance+ Metal Cut Off Disc,-- Unbranded --,,,Milwaukee Accessory (4031),Milwaukee Tool,Milwaukee,,,,,,,,,,,,,,,,,,,,,,,,,,,,,,,,,,,,,,,,,,,,,,,,,,,,,,,,,,,,,,,,,,,,,,,,,,,,,,,,,,,,,,,,,,,,,,,,,,,,,,,,,,,,,,,,,,,,,,,,,,,,,,,,,,,,,,,,,,,,,,,,,,,,,,,,,,,,,,,,,,,,,,,,,,,,,,,,,,,,,,,,,,,,,,,,,,,,,,,,,,,,,,,,,,,,,,,,,,,,,,,,,,,,,,,,,
https://www.milwaukeetool.com/products/details/4-1-2-x-1-8-x-7-8-dual-metal-cut-grind-wheel-type-27/49-94-0803,,,,,,49-94-0803,,,,49-94-0803,49-94-0803,49-94-0803 Milw 4-1/2 x1/8 x7/8  Dual Metal Cut and Grind Disc,-- Unbranded --,,,Milwaukee Accessory (4031),Milwaukee Tool,Milwaukee,,,,,Milwaukee 4-1/2 IN. Dual Metal Cut & Grind Wheel with 7/8 IN. arbor and 1/8 IN.,MILWAUKEE 49-94-0803 DUAL METAL CUT,Milwaukee 4-1/2 in x 1/8 in x 7/8 in Type 27 Dual Metal Cut & Grind Wheel.,"The Milwaukee 49-94-0803 Dual Metal Cut & Grind Wheel is a Type 27 wheel measuring 4.5 inches in diameter, 1/8 inch in thickness, and featuring a 7/8 inch arbor size. Designed for long-lasting, smooth cutting and grinding in metal and stainless applications.","Get the Milwaukee 4-1/2 in x 1/8 in x 7/8 in Dual Metal Cut & Grind Wheel (Type 27) for long-lasting, smooth cutting and grinding in metal and stainless applications.","Discover Milwaukee's 4-1/2"" Dual Metal Cut & Grind Wheel for long-lasting, smooth cutting and grinding in metal and stainless applications.",Diameter: 4.5 in,Thickness: 1/8 in,Arbor Size: 7/8 in,Wheel Type: Type 27,Dual Metal Cut & Grind Wheel design,,,,,,,,,,,,,,,,,,,metal and stainless applications,,Dual Metal Cut & Grind Wheel,Wheel Type,Type 27,,Diameter,4.5,in,Thickness,1/8,in,Arbor Size,7/8,in,Product Name,Dual Metal Cut & Grind Wheel,,,,,,,,,,,,,,,,,,,,,,,,,,,,,,,,,,,,,,,,,,,,,,,,,,,,,,,,,,,,,,,,,,,,,,,,,,,,,,,,,,,,,,,,,,,,,,,,,,,,,,,,,,,,,,,,,,,,,,,,,,,,,,,,,,,,,,,,,,,,,,,,,,,,,,,,,,,,,,,,,,,,,,,,,,,,,,,,,,,,,,,
https://www.milwaukeetool.com/products/details/4-1-2-x-1-8-x-7-8-performance-dual-metal-cut-grind-wheel-type-27/49-94-0903,,,,,,49-94-0903,,,,49-94-0903,49-94-0903,49-94-0903 Milw 4-1/2 x1/8 x7/8 Perform+Dual Metal Cut and Grind Disc,-- Unbranded --,,,Milwaukee Accessory (4031),Milwaukee Tool,Milwaukee,,,,,"Milwaukee Performance+ Dual Metal Cut & Grind Wheel, Type 27, 4-1/2 IN.",MILW 49-94-0903 4-1/2X1/8 X 7/8 PERF+,"Milwaukee 4-1/2 in x 1/8 in x 7/8 in Performance+ Dual Metal Cut & Grind Wheel, Type 27.","The Milwaukee 49-94-0903 Performance+ Dual Metal Cut & Grind Wheel is a Type 27 wheel measuring 4-1/2 in in diameter with a 1/8 in thickness and a 7/8 in arbor size. Designed for cutting and grinding applications, it delivers longer life and superior control.","Discover Milwaukee's 4-1/2 in Performance+ Dual Metal Cut & Grind Wheel, designed for longer life and superior control in cutting and grinding applications. This Type 27 wheel features a 4-1/2 in diameter, 1/8 in thickness, and 7/8 in arbor size.","Discover Milwaukee's 4-1/2"" Performance+ Dual Metal Cut & Grind Wheel for longer life and superior control in cutting and grinding applications.",Diameter: 4-1/2 in,Thickness: 1/8 in,Arbor Size: 7/8 in,Wheel Type: 27,Designed for cutting and grinding applications,Offers longer life and superior control,,,,,,,,,,,,,,,,,,Cutting and grinding applications,,Performance+ Dual Metal Cut & Grind Wheel,Diameter,4-1/2,in,Thickness,1/8,in,Arbor Size,7/8,in,Product Name,Performance+ Dual Metal Cut & Grind Wheel,,Wheel Type,27,,,,,,,,,,,,,,,,,,,,,,,,,,,,,,,,,,,,,,,,,,,,,,,,,,,,,,,,,,,,,,,,,,,,,,,,,,,,,,,,,,,,,,,,,,,,,,,,,,,,,,,,,,,,,,,,,,,,,,,,,,,,,,,,,,,,,,,,,,,,,,,,,,,,,,,,,,,,,,,,,,,,,,,,,,,,,,,,,,,,,,,
https://www.milwaukeetool.com/products/details/4-1-2-x-1-8-x-5-8-11-performance-dual-metal-cut-grind-wheel-type-27/49-94-0907,,,,,,49-94-0907,,,,49-94-0907,49-94-0907,49-94-0907 Milw 4-1/2 x1/8 x5/8-11 Perform+Dual Metal Cut n Grind Disc,-- Unbranded --,,,Milwaukee Accessory (4031),Milwaukee Tool,Milwaukee,,,,,Milwaukee 4-1/2 IN. Performance+ Dual Metal Cut & Grind Wheel - Type 27 with,MILWAUKEE 49-94-0907 4-1/2 IN. X 1/8 IN.,"Milwaukee 4.5 in x 0.125 in x 5/8-11 in Performance+ Dual Metal Cut & Grind Wheel, Type 27.","Discover Milwaukee's 4-1/2"" Performance+ Dual Metal Cut & Grind Wheel for longer life, better control, and versatile cutting applications. This Type 27 wheel measures 4.5 in in diameter, 0.125 in in thickness, and features a 5/8-11 in thread size.","The Milwaukee 4-1/2"" x 1/8"" x 5/8-11"" Performance+ Dual Metal Cut & Grind Wheel - Type 27 delivers longer life, better control, and versatile cutting applications.","Discover Milwaukee's 4-1/2"" Performance+ Dual Metal Cut & Grind Wheel for longer life, better control, and versatile cutting applications.",Diameter: 4.5 in,Thickness: 0.125 in,Thread size: 5/8-11 in,Wheel type: 27,Performance+ product line,Dual Metal Cut & Grind Wheel type,,,,,,,,,,,,,,,,,,Versatile cutting applications,,Performance+ Dual Metal Cut & Grind Wheel,diameter,4.5,in,thickness,0.125,in,thread size,5/8-11,in,product type,Dual Metal Cut & Grind Wheel,,wheel type,27,,product line,Performance+,,brand,Milwaukee,,,,,,,,,,,,,,,,,,,,,,,,,,,,,,,,,,,,,,,,,,,,,,,,,,,,,,,,,,,,,,,,,,,,,,,,,,,,,,,,,,,,,,,,,,,,,,,,,,,,,,,,,,,,,,,,,,,,,,,,,,,,,,,,,,,,,,,,,,,,,,,,,,,,,,,,,,,,,,,,,,,,,,,,,,,,,,,,,
https://www.milwaukeetool.com/products/details/6-x-1-8-x-7-8-performance-dual-metal-cut-grind-wheel-type-27/49-94-0923,,,,,,49-94-0923,,,,49-94-0923,49-94-0923,49-94-0923 Milw 6 x1/8 x7/8  Perform+Dual Metal Cut and Grind Disc,-- Unbranded --,,,Milwaukee Accessory (4031),Milwaukee Tool,Milwaukee,,,,,"6 IN. x 1/8 IN. x 7/8 IN. Performance+ Dual Metal Cut & Grind Wheel, Type 27 by",MILW 49-94-0923 6 IN. X 1/8 IN. X 7/8,Milwaukee 6 in x 1/8 in x 7/8 in Performance+ Dual Metal Cut & Grind Wheel - Type 27.,"Discover Milwaukee's 6"" Performance+ Dual Metal Cut & Grind Wheel for longer life, better control, and versatile cutting in metal applications. This Type 27 cut and grind wheel measures 6 inches in diameter with a 1/8 inch thickness and a 7/8 inch arbor size.","The Milwaukee Performance+ Dual Metal Cut & Grind Wheel (Model 49-94-0923) is designed for metal applications, offering longer life, better control, and versatile cutting. It features a 6 inch diameter, 1/8 inch thickness, 7/8 inch arbor size, and a Type 27 wheel design.","Discover Milwaukee's 6"" Performance+ Dual Metal Cut & Grind Wheel for longer life, better control, and versatile cutting in metal applications.",Diameter: 6 in,Thickness: 1/8 in,Arbor Size: 7/8 in,Wheel Type: 27,Product Type: Cut & Grind Wheel,Brand: Milwaukee,,,,,,,,,,,,,,,,,,metal applications,,Performance+ Dual Metal Cut & Grind Wheel,Diameter,6,in,Thickness,1/8,in,Arbor Size,7/8,in,Product Type,Cut & Grind Wheel,,Wheel Type,27,,Brand,Milwaukee,,,,,,,,,,,,,,,,,,,,,,,,,,,,,,,,,,,,,,,,,,,,,,,,,,,,,,,,,,,,,,,,,,,,,,,,,,,,,,,,,,,,,,,,,,,,,,,,,,,,,,,,,,,,,,,,,,,,,,,,,,,,,,,,,,,,,,,,,,,,,,,,,,,,,,,,,,,,,,,,,,,,,,,,,,,,,,,,,,,,
https://www.milwaukeetool.com/products/details/4-x-1-8-x-5-8-masonry-cut-off-wheel-type-1/49-94-1900,,,,,,49-94-1900,,,,49-94-1900,49-94-1900,49-94-1900 Milw 4 x1/8 x5/8  Masonry Cut Off Disc,-- Unbranded --,,,Milwaukee Accessory (4031),Milwaukee Tool,Milwaukee,,,,,4 IN. x 1/8 IN. x 5/8 IN. Type 1 Masonry Cut Off Wheel by Milwaukee for masonry,MILWAUKEE 49-94-1900 4 IN. X 1/8 IN. X,"Milwaukee 4 in Masonry Cut-Off Wheel for fast, smooth cuts in concrete and masonry applications.","Experience long-lasting performance with Milwaukee's 4 in Masonry Cut-Off Wheel designed for fast, smooth cuts in concrete and masonry applications. This Type 1 cut off wheel features a 4 in diameter, 1/8 in thickness, and a 5/8 in arbor size.","Get long-lasting performance with the Milwaukee 4 in Masonry Cut-Off Wheel. Engineered for fast, smooth cuts in concrete and masonry applications, this Type 1 wheel measures 4 in x 1/8 in with a 5/8 in arbor size.","Experience long-lasting performance with Milwaukee's 4 in Masonry Cut-Off Wheel for fast, smooth cuts in concrete and masonry applications.",Application: Masonry,Arbor Size: 5/8 in,Diameter: 4 in,Thickness: 1/8 in,Wheel Type: 1,"Delivers long-lasting performance for fast, smooth cuts in concrete and masonry applications",,,,,,,,,,,,,,,,,,Masonry,,4 x1/8 x5/8 Masonry Cut Off Disc,Diameter,4,in,Thickness,1/8,in,Arbor Size,5/8,in,Application,Masonry,,Wheel Type,1,,,,,,,,,,,,,,,,,,,,,,,,,,,,,,,,,,,,,,,,,,,,,,,,,,,,,,,,,,,,,,,,,,,,,,,,,,,,,,,,,,,,,,,,,,,,,,,,,,,,,,,,,,,,,,,,,,,,,,,,,,,,,,,,,,,,,,,,,,,,,,,,,,,,,,,,,,,,,,,,,,,,,,,,,,,,,,,,,,,,,,,
https://www.milwaukeetool.com/products/details/4-1-2-x-1-8-x-7-8-masonry-cut-off-wheel-type-1/49-94-1905,,,,,,49-94-1905,,,,49-94-1905,49-94-1905,49-94-1905 Milw 4-1/2 x1/8 x7/8  Masonry Cut Off Disc,-- Unbranded --,,,Milwaukee Accessory (4031),Milwaukee Tool,Milwaukee,,,,,Milwaukee 4-1/2 IN. x 1/8 IN. x 7/8 IN. Type 1 Masonry Cut Off Wheel.,MILW 49-94-1905 4-1/2 X 1/8 X 7/8,"Milwaukee 4-1/2"" x 1/8"" x 7/8"" Masonry Cut Off Wheel -Type 1 for masonry applications.","The Milwaukee 49-94-1905 4-1/2"" x 1/8"" x 7/8"" Masonry Cut Off Wheel -Type 1 delivers long life and fast, smooth cuts for all concrete and masonry applications.","Get long life and fast, smooth cuts for all concrete and masonry applications with the Milwaukee 4-1/2"" x 1/8"" x 7/8"" Masonry Cut Off Wheel -Type 1.","Milwaukee's 4-1/2"" Masonry Cut-Off Wheel delivers long life and fast, smooth cuts for all concrete and masonry applications.",Diameter: 4-1/2 in,Thickness: 1/8 in,Arbor Size: 7/8 in,Wheel Type: 1,Application: Masonry,"Delivers long life and fast, smooth cuts for all concrete and masonry applications",,,,,,,,,,,,,,,,,,Masonry,,"4-1/2"" x 1/8"" x 7/8"" Masonry Cut Off Wheel -Type 1",Product Name,"4-1/2"" x 1/8"" x 7/8"" Masonry Cut Off Wheel -Type 1",,Diameter,4-1/2,in,Thickness,1/8,in,Arbor Size,7/8,in,Application,Masonry,,Wheel Type,1,,,,,,,,,,,,,,,,,,,,,,,,,,,,,,,,,,,,,,,,,,,,,,,,,,,,,,,,,,,,,,,,,,,,,,,,,,,,,,,,,,,,,,,,,,,,,,,,,,,,,,,,,,,,,,,,,,,,,,,,,,,,,,,,,,,,,,,,,,,,,,,,,,,,,,,,,,,,,,,,,,,,,,,,,,,,,,,,,,,,
https://www.milwaukeetool.com/products/details/6-1-2-x-1-8-x-5-8-dko-masonry-cut-off-wheel-type-1/49-94-1915,,,,,,49-94-1915,,,,49-94-1915,49-94-1915,49-94-1915 Milw 6-1/2 x1/8 x5/8  DKO Masonry Cut Off Disc,-- Unbranded --,,,Milwaukee Accessory (4031),Milwaukee Tool,Milwaukee,,,,,Milwaukee 6-1/2 IN. x 1/8 IN. x 5/8 IN. Type 1 masonry cut off wheel for,MILWAUKEE 49-94-1915 6-1/2 IN. MASONRY,"Milwaukee 6-1/2 in masonry cut off wheel for fast, smooth cuts in concrete and masonry.","Experience long-lasting performance with Milwaukee's 6-1/2"" masonry cut-off wheels for fast, smooth cuts in concrete and masonry. This Type 1 cut off wheel features a 6-1/2 in diameter, 1/8 in thickness, and 5/8 in arbor size.","Experience long-lasting performance with Milwaukee's 6-1/2 in masonry cut-off wheels for fast, smooth cuts in concrete and masonry. Model 49-94-1915 is a Type 1 wheel measuring 6-1/2"" x 1/8"" x 5/8"".","Experience long-lasting performance with Milwaukee's 6-1/2"" masonry cut-off wheels for fast, smooth cuts in concrete and masonry.",Designed for concrete and masonry applications,Type 1 wheel design,6-1/2 in diameter,1/8 in thickness,5/8 in arbor size,"Long-lasting performance for fast, smooth cuts",,,,,,,,,,,,,,,,,,concrete and masonry,,DKO Masonry Cut Off Disc,Product Type,Masonry Cut Off Wheel,,Diameter,6-1/2,in,Thickness,1/8,in,Arbor Size,5/8,in,Wheel Type,1,,Brand,Milwaukee,,Application,concrete and masonry,,Model Number,49-94-1915,,,,,,,,,,,,,,,,,,,,,,,,,,,,,,,,,,,,,,,,,,,,,,,,,,,,,,,,,,,,,,,,,,,,,,,,,,,,,,,,,,,,,,,,,,,,,,,,,,,,,,,,,,,,,,,,,,,,,,,,,,,,,,,,,,,,,,,,,,,,,,,,,,,,,,,,,,,,,,,,,,,,,,,,,,,,,,
https://www.milwaukeetool.com/products/details/7-x-1-8-x-5-8-dko-masonry-cut-off-wheel-type-1/49-94-1920,,,,,,49-94-1920,,,,49-94-1920,49-94-1920,49-94-1920 Milw 7 x1/8 x5/8  DKO Masonry Cut Off Disc,-- Unbranded --,,,Milwaukee Accessory (4031),Milwaukee Tool,Milwaukee,,,,,Milwaukee 7 IN. masonry cut off wheel with a 5/8 IN. arbor size and 1/8 IN.,MILWAUKEE 49-94-1920 7 IN. X 1/8 IN. X,"Milwaukee 7 in x 1/8 in x 5/8 in Type 1 DKO Masonry Cut Off Wheel designed for fast, smooth cuts in concrete and masonry.","Experience long-lasting performance with Milwaukee's 7 in Masonry Cut-Off Wheel for fast, smooth cuts in concrete and masonry. This Type 1 wheel features a 7 in diameter, 1/8 in thickness, and a 5/8 in arbor size.","Get long-lasting performance with the Milwaukee 7 in Masonry Cut-Off Wheel. Engineered for fast, smooth cuts in concrete and masonry, this Type 1 cut-off disc features a 7 in diameter, 1/8 in thickness, and 5/8 in arbor size.","Experience long-lasting performance with Milwaukee's 7 in Masonry Cut-Off Wheel for fast, smooth cuts in concrete and masonry.",Diameter: 7 in,Thickness: 1/8 in,Arbor size: 5/8 in,Wheel Type: Type 1,Application: Masonry and concrete,"Long-lasting performance for fast, smooth cuts",,,,,,,,,,,,,,,,,,Masonry,,7 x1/8 x5/8 DKO Masonry Cut Off Disc,Diameter,7,in,Thickness,1/8,in,Arbor Size,5/8,in,Wheel Type,Type 1,,Application,Masonry,,,,,,,,,,,,,,,,,,,,,,,,,,,,,,,,,,,,,,,,,,,,,,,,,,,,,,,,,,,,,,,,,,,,,,,,,,,,,,,,,,,,,,,,,,,,,,,,,,,,,,,,,,,,,,,,,,,,,,,,,,,,,,,,,,,,,,,,,,,,,,,,,,,,,,,,,,,,,,,,,,,,,,,,,,,,,,,,,,,,,,,
https://www.milwaukeetool.com/products/details/10-x-1-8-x-5-8-masonry-cut-off-wheel-type-1/49-94-1925,,,,,,49-94-1925,,,,49-94-1925,49-94-1925,49-94-1925 Milw 10 x1/8 x5/8  Masonry Cut Off Disc,-- Unbranded --,,,Milwaukee Accessory (4031),Milwaukee Tool,Milwaukee,,,,,Milwaukee 10 IN. x 1/8 IN. x 5/8 IN. Type 1 Masonry Cut Off Wheel for masonry,MILWAUKEE 49-94-1925 10 IN. MASONRY CUT,Milwaukee 10 in x 1/8 in x 5/8 in Type 1 Masonry Cut Off Wheel designed for masonry and concrete applications.,"Discover Milwaukee's 10"" Masonry Cut-Off Wheel for long life, fast cuts, and durability in concrete and masonry applications. This Type 1 cut-off wheel features a 10 inch diameter, 1/8 inch thickness, and a 5/8 inch arbor size.","The Milwaukee 10 in x 1/8 in x 5/8 in Type 1 Masonry Cut Off Wheel is engineered for long life, fast cuts, and durability in concrete and masonry applications.","Discover Milwaukee's 10"" Masonry Cut-Off Wheel for long life, fast cuts, and durability in concrete and masonry applications.",Diameter: 10 in,Thickness: 1/8 in,Arbor Size: 5/8 in,Wheel Type: Type 1,Application: Masonry and concrete,"Engineered for long life, fast cuts, and durability",,,,,,,,,,,,,,,,,,Masonry and concrete applications,,Masonry Cut Off Wheel,Diameter,10,in,Thickness,1/8,in,Arbor Size,5/8,in,Application,Masonry,,Product Type,Cut Off Wheel,,Wheel Type,Type 1,,Brand,Milwaukee,,,,,,,,,,,,,,,,,,,,,,,,,,,,,,,,,,,,,,,,,,,,,,,,,,,,,,,,,,,,,,,,,,,,,,,,,,,,,,,,,,,,,,,,,,,,,,,,,,,,,,,,,,,,,,,,,,,,,,,,,,,,,,,,,,,,,,,,,,,,,,,,,,,,,,,,,,,,,,,,,,,,,,,,,,,,,,,,,
https://www.milwaukeetool.com/products/details/12-x-1-8-x-1-masonry-cut-off-wheel-type-1/49-94-1935,,,,,,49-94-1935,,,,49-94-1935,49-94-1935,49-94-1935 Milw 12 x1/8 x1  Masonry Cut Off Disc,-- Unbranded --,,,Milwaukee Accessory (4031),Milwaukee Tool,Milwaukee,,,,,Milwaukee 12-inch Type 1 masonry cut off wheel with 1-inch arbor and 1/8-inch,MILWAUKEE 49-94-1935 12 IN. MASONRY CUT,"Milwaukee 12"" x 1/8"" x 1"" Masonry Cut Off Wheel -Type 1 designed for masonry applications.","Discover Milwaukee's 12"" Masonry Cut Off Wheel for fast, durable cuts in concrete and masonry. Experience long life and exceptional performance. This Type 1 wheel features a 12 in diameter, 1/8 in thickness, and 1 in arbor size, built specifically for masonry applications.","Get fast, durable cuts in concrete and masonry with the Milwaukee 12"" x 1/8"" x 1"" Masonry Cut Off Wheel -Type 1. Engineered for exceptional performance and long life.","Discover Milwaukee's 12"" Masonry Cut Off Wheel for fast, durable cuts in concrete and masonry. Experience long life and exceptional performance.",12 in diameter,1/8 in thickness,1 in arbor size,Type 1 wheel,Designed for masonry applications,"Delivers fast, durable cuts in concrete and masonry",Provides long life and exceptional performance,,,,,,,,,,,,,,,,,masonry,,"12"" x 1/8"" x 1"" Masonry Cut Off Wheel -Type 1",Product Name,"12"" x 1/8"" x 1"" Masonry Cut Off Wheel -Type 1",,Diameter,12,in,Thickness,1/8,in,Arbor Size,1,in,Wheel Type,1,,Application,masonry,,,,,,,,,,,,,,,,,,,,,,,,,,,,,,,,,,,,,,,,,,,,,,,,,,,,,,,,,,,,,,,,,,,,,,,,,,,,,,,,,,,,,,,,,,,,,,,,,,,,,,,,,,,,,,,,,,,,,,,,,,,,,,,,,,,,,,,,,,,,,,,,,,,,,,,,,,,,,,,,,,,,,,,,,,,,,,,,,,,,
https://www.milwaukeetool.com/products/details/14-x-1-8-x-1-masonry-cut-off-wheel-type-1/49-94-1940,,,,,,49-94-1940,,,,49-94-1940,49-94-1940,49-94-1940 Milw 14 x1/8 x1  Masonry Cut Off Disc,-- Unbranded --,,,Milwaukee Accessory (4031),Milwaukee Tool,Milwaukee,,,,,Milwaukee 14 IN. Masonry Cut Off Wheel for concrete and masonry applications.,MILWAUKEE 49-94-1940 14 IN. MASONRY CUT,Milwaukee 14 in x 1/8 in x 1 in Type 1 Masonry Cut Off Wheel engineered for concrete and masonry applications.,"Experience fast cuts and long life with Milwaukee's 14"" Masonry Cut-Off Wheel, engineered for durability in concrete and masonry applications. This Type 1 masonry cut off wheel measures 14 inches in diameter, 1/8 inches in thickness, and features a 1-inch arbor size.","The Milwaukee 14"" Masonry Cut-Off Wheel is engineered for durability in concrete and masonry applications, offering fast cuts and long life.","Experience fast cuts and long life with Milwaukee's 14"" Masonry Cut-Off Wheel, engineered for durability in concrete and masonry applications.",Diameter: 14 in,Thickness: 1/8 in,Arbor Size: 1 in,Wheel Type: Type 1,Engineered for durability in concrete and masonry applications,Delivers fast cuts and long life,,,,,,,,,,,,,,,,,,concrete and masonry applications,,Masonry Cut Off Wheel,Diameter,14,in,Thickness,1/8,in,Arbor Size,1,in,Product Type,Masonry Cut Off Wheel,,Wheel Type,1,,Application,concrete and masonry applications,,,,,,,,,,,,,,,,,,,,,,,,,,,,,,,,,,,,,,,,,,,,,,,,,,,,,,,,,,,,,,,,,,,,,,,,,,,,,,,,,,,,,,,,,,,,,,,,,,,,,,,,,,,,,,,,,,,,,,,,,,,,,,,,,,,,,,,,,,,,,,,,,,,,,,,,,,,,,,,,,,,,,,,,,,,,,,,,,,,,
https://www.milwaukeetool.com/products/details/4-x-1-4-x-5-8-metal-grinding-wheel-type-27/49-94-0501,,,,,,49-94-0501,,,,49-94-0501,49-94-0501,49-94-0501 Milw 4 x1/4 x5/8  Metal Grinding Wheel,-- Unbranded --,,,Milwaukee Accessory (4031),Milwaukee Tool,Milwaukee,,,,,Milwaukee 4-inch Type 27 metal grinding wheel for metal and stainless steel,MILW 49-94-0501 4X1/4 X 5/8 GRIND WHEEL,Milwaukee 4 in x 1/4 in x 5/8 in Type 27 Metal Grinding Wheel for metal and stainless steel.,"Experience long-lasting performance with Milwaukee's 4"" Metal Grinding Wheel, engineered for fast removal in metal and stainless-steel applications. This Type 27 metal grinding wheel features a 4 inch diameter, 1/4 inch thickness, and a 5/8 inch arbor size.","Experience long-lasting performance with Milwaukee's 4-inch Metal Grinding Wheel, engineered for fast removal in metal and stainless-steel applications. This Type 27 wheel measures 4"" x 1/4"" x 5/8"".","Experience long-lasting performance with Milwaukee's 4"" Metal Grinding Wheel, engineered for fast removal in metal and stainless-steel applications.",Engineered for fast removal in metal and stainless-steel applications,4 in diameter with 1/4 in thickness,5/8 in arbor size,Type 27 wheel design,Long-lasting performance,,,,,,,,,,,,,,,,,,,metal and stainless steel,,Metal Grinding Wheel,Product Type,Metal Grinding Wheel,,Wheel Type,27,,Diameter,4,in,Thickness,1/4,in,Arbor Size,5/8,in,Brand,Milwaukee,,Application,metal and stainless steel,,,,,,,,,,,,,,,,,,,,,,,,,,,,,,,,,,,,,,,,,,,,,,,,,,,,,,,,,,,,,,,,,,,,,,,,,,,,,,,,,,,,,,,,,,,,,,,,,,,,,,,,,,,,,,,,,,,,,,,,,,,,,,,,,,,,,,,,,,,,,,,,,,,,,,,,,,,,,,,,,,,,,,,,,,,,,,,,,
https://www.milwaukeetool.com/products/details/4-1-2-x-1-4-x-7-8-metal-grinding-wheel-type-27/49-94-0503,,,,,,49-94-0503,,,,49-94-0503,49-94-0503,49-94-0503 Milw 4-1/2 x1/4 x7/8  Metal Grinding Wheel,-- Unbranded --,,,Milwaukee Accessory (4031),Milwaukee Tool,Milwaukee,,,,,"Milwaukee 4.5 IN. Metal Grinding Wheel, Type 27, 0.875 IN. arbor, 0.25 IN.",MILWAUKEE 49-94-0503 METAL GRINDING,Milwaukee 4-1/2 in x 1/4 in x 7/8 in Type 27 Metal Grinding Wheel designed for metal applications.,"Experience long-lasting performance with Milwaukee's 4-1/2 in Metal Grinding Wheel for fast removal and superior durability in metal applications. This Type 27 metal grinding wheel features a 4.5 in diameter, 0.25 in thickness, and a 0.875 in arbor size.","Get long-lasting performance with the Milwaukee 4-1/2 in x 1/4 in x 7/8 in Metal Grinding Wheel. Built for metal applications, this Type 27 wheel delivers fast removal and superior durability.",Experience long-lasting performance with Milwaukee's 4-1/2 in Metal Grinding Wheel for fast removal and superior durability in metal applications.,Designed for metal applications,4.5 in diameter,0.25 in thickness,0.875 in arbor size,Type 27 wheel design,Delivers fast removal and superior durability,Long-lasting performance,,,,,,,,,,,,,,,,,Metal,,Metal Grinding Wheel,Diameter,4.5,in,Thickness,0.25,in,Arbor Size,0.875,in,Product Type,Metal Grinding Wheel,,Wheel Type,27,,Brand,Milwaukee,,Application,Metal,,,,,,,,,,,,,,,,,,,,,,,,,,,,,,,,,,,,,,,,,,,,,,,,,,,,,,,,,,,,,,,,,,,,,,,,,,,,,,,,,,,,,,,,,,,,,,,,,,,,,,,,,,,,,,,,,,,,,,,,,,,,,,,,,,,,,,,,,,,,,,,,,,,,,,,,,,,,,,,,,,,,,,,,,,,,,,,,,
https://www.milwaukeetool.com/products/details/6-x-1-4-x-7-8-metal-grinding-wheel-type-27/49-94-0523,,,,,,49-94-0523,,,,49-94-0523,49-94-0523,49-94-0523 Milw 6 x1/4 x7/8  Metal Grinding Wheel,-- Unbranded --,,,Milwaukee Accessory (4031),Milwaukee Tool,Milwaukee,,,,,Milwaukee 6 IN. x 1/4 IN. x 7/8 IN. Type 27 Metal Grinding Wheel featuring,MILW 49-94-0523 6X1/4 X 7/8 METAL,Milwaukee 6 in x 1/4 in x 7/8 in Type 27 Metal Grinding Wheel for metal applications.,"Discover Milwaukee's 6"" Metal Grinding Wheel (Manufacturer part number: 49-94-0523) for long-lasting, fast removal and up to 2X life in metal applications. This Type 27 metal grinding wheel features a 6-inch diameter, 1/4-inch thickness, and 7/8-inch arbor size.","The Milwaukee 49-94-0523 Metal Grinding Wheel is designed for metal applications, offering long-lasting, fast removal and up to 2X life. This Type 27 wheel measures 6 inches in diameter, 1/4 inch in thickness, and has a 7/8 inch arbor size.","Discover Milwaukee's 6"" Metal Grinding Wheel for long-lasting, fast removal and up to 2X life in metal applications.",Designed for metal applications,6 in diameter,1/4 in thickness,7/8 in arbor size,Type 27 wheel design,"Delivers long-lasting, fast removal",Offers up to 2X life,,,,,,,,,,,,,,,,,Metal,,Metal Grinding Wheel,Diameter,6,in,Thickness,1/4,in,Arbor Size,7/8,in,Application,Metal,,Wheel Type,27,,Product Type,Metal Grinding Wheel,,,,,,,,,,,,,,,,,,,,,,,,,,,,,,,,,,,,,,,,,,,,,,,,,,,,,,,,,,,,,,,,,,,,,,,,,,,,,,,,,,,,,,,,,,,,,,,,,,,,,,,,,,,,,,,,,,,,,,,,,,,,,,,,,,,,,,,,,,,,,,,,,,,,,,,,,,,,,,,,,,,,,,,,,,,,,,,,,,,,
https://www.milwaukeetool.com/products/details/4-1-2-x-1-4-x-7-8-masonry-grinding-wheel-type-27/49-94-1955,,,,,,49-94-1955,,,,49-94-1955,49-94-1955,49-94-1955 Milw 4-1/2 x1/4 x7/8  Masonry Grinding Wheel,-- Unbranded --,,,Milwaukee Accessory (4031),Milwaukee Tool,Milwaukee,,,,,"Milwaukee 49-94-1955 Type 27 Masonry Grinding Wheel, 4.5 IN. diameter, 0.25 IN.",MILW 49-94-1955 MASONRY GRINDING WHEEL,Milwaukee 4-1/2 in x 1/4 in x 7/8 in Type 27 Masonry Grinding Wheel designed for concrete and masonry applications.,"Discover Milwaukee's 4-1/2"" Masonry Grinding Wheel for fast removal and long-lasting performance in concrete and masonry applications. This Type 27 wheel features a diameter of 4.5 inches, a thickness of 0.25 inches, and an arbor size of 0.875 inches.","The Milwaukee 49-94-1955 Masonry Grinding Wheel is built for fast material removal and long-lasting performance. It features a 4.5-inch diameter, 0.25-inch thickness, and 0.875-inch arbor size.","Discover Milwaukee's 4-1/2"" Masonry Grinding Wheel for fast removal and long-lasting performance in concrete and masonry applications.",Designed for concrete and masonry applications,Fast removal and long-lasting performance,Wheel Type: 27,Diameter: 4.5 in,Thickness: 0.25 in,Arbor Size: 0.875 in,,,,,,,,,,,,,,,,,,concrete and masonry applications,,Masonry Grinding Wheel,Product Type,Masonry Grinding Wheel,,Wheel Type,27,,Diameter,4.5,in,Thickness,0.25,in,Arbor Size,0.875,in,Application,concrete and masonry applications,,,,,,,,,,,,,,,,,,,,,,,,,,,,,,,,,,,,,,,,,,,,,,,,,,,,,,,,,,,,,,,,,,,,,,,,,,,,,,,,,,,,,,,,,,,,,,,,,,,,,,,,,,,,,,,,,,,,,,,,,,,,,,,,,,,,,,,,,,,,,,,,,,,,,,,,,,,,,,,,,,,,,,,,,,,,,,,,,,,,
https://www.milwaukeetool.com/products/details/7-x-1-4-x-7-8-masonry-grinding-wheel-type-27/49-94-1965,,,,,,49-94-1965,,,,49-94-1965,49-94-1965,49-94-1965 Milw 7 x1/4 x7/8  Masonry Grinding Wheel,-- Unbranded --,,,Milwaukee Accessory (4031),Milwaukee Tool,Milwaukee,,,,,Milwaukee 7 IN. Masonry Grinding Wheel - Type 27 for concrete and masonry,MILW 49-94-1965 7 X 1/4 X7/8 MASONRY,Milwaukee 7 in x 1/4 in x 7/8 in Masonry Grinding Wheel - Type 27 designed for concrete and masonry applications.,"Experience long-lasting performance with Milwaukee's 7 in Masonry Grinding Wheel for fast, smooth removal in concrete and masonry applications. This Type 27 masonry grinding wheel measures 7 inches in diameter, 1/4 inch in thickness, and features a 7/8 inch arbor size.","Get long-lasting performance with the Milwaukee 7 in x 1/4 in x 7/8 in Masonry Grinding Wheel - Type 27. Engineered for fast, smooth removal in concrete and masonry applications.","Experience long-lasting performance with Milwaukee's 7"" Masonry Grinding Wheel for fast, smooth removal in concrete and masonry applications.",Type 27 masonry grinding wheel,7 in diameter,1/4 in thickness,7/8 in arbor size,Designed for concrete and masonry applications,"Provides long-lasting performance for fast, smooth removal",,,,,,,,,,,,,,,,,,concrete and masonry applications,,Masonry Grinding Wheel - Type 27,Diameter,7,in,Thickness,1/4,in,Arbor Size,7/8,in,Product Type,Masonry Grinding Wheel - Type 27,,Application,concrete and masonry applications,,,,,,,,,,,,,,,,,,,,,,,,,,,,,,,,,,,,,,,,,,,,,,,,,,,,,,,,,,,,,,,,,,,,,,,,,,,,,,,,,,,,,,,,,,,,,,,,,,,,,,,,,,,,,,,,,,,,,,,,,,,,,,,,,,,,,,,,,,,,,,,,,,,,,,,,,,,,,,,,,,,,,,,,,,,,,,,,,,,,,,,
https://www.milwaukeetool.com/products/details/5-x-1-4-x-7-8-metal-grinding-wheel-type-27/49-94-0513,,,,,,49-94-0513,,,,49-94-0513,49-94-0513,49-94-0513 Milw 5 x1/4 x7/8  Metal Grinding Wheel,-- Unbranded --,,,Milwaukee Accessory (4031),Milwaukee Tool,Milwaukee,,,,,"Milwaukee Type 27 Metal Grinding Wheel, 5 IN. diameter, 1/4 IN. thickness, 7/8",MILWAUKEE 49-94-0513 5 IN. X 1/4 IN. X,Milwaukee 5 in x 1/4 in x 7/8 in Metal Grinding Wheel - Type 27 for metal applications.,"Experience long-lasting performance with Milwaukee's 5 in Metal Grinding Wheel for fast removal and up to 2X life in metal applications. This Type 27 metal grinding wheel features a 5 in wheel diameter, 1/4 in wheel thickness, and 7/8 in arbor size.","Get long-lasting performance with the Milwaukee 5 in Metal Grinding Wheel. Designed for fast removal and up to 2X life in metal applications, this Type 27 wheel measures 5 in x 1/4 in with a 7/8 in arbor size.",Experience long-lasting performance with Milwaukee's 5 in Metal Grinding Wheel for fast removal and up to 2X life in metal applications.,Designed for metal applications,Fast removal and up to 2X life,Type 27 wheel design,5 in wheel diameter,1/4 in wheel thickness,7/8 in arbor size,,,,,,,,,,,,,,,,,,Metal,,Metal Grinding Wheel,Wheel Diameter,5,in,Wheel Thickness,1/4,in,Arbor Size,7/8,in,Product Type,Metal Grinding Wheel,,Wheel Type,27,,Application,Metal,,Brand,Milwaukee,,,,,,,,,,,,,,,,,,,,,,,,,,,,,,,,,,,,,,,,,,,,,,,,,,,,,,,,,,,,,,,,,,,,,,,,,,,,,,,,,,,,,,,,,,,,,,,,,,,,,,,,,,,,,,,,,,,,,,,,,,,,,,,,,,,,,,,,,,,,,,,,,,,,,,,,,,,,,,,,,,,,,,,,,,,,,,,,,
https://www.milwaukeetool.com/products/details/7-x-1-4-x-7-8-metal-grinding-wheel-type-27/49-94-0533,,,,,,49-94-0533,,,,49-94-0533,49-94-0533,49-94-0533 Milw 7 x1/4 x7/8  Metal Grinding Wheel,-- Unbranded --,,,Milwaukee Accessory (4031),Milwaukee Tool,Milwaukee,,,,,Milwaukee Tool 7 IN. Type 27 metal grinding wheel with 7/8 IN. arbor and 1/4 IN.,49-94-0533 - METAL GRINDING WHEEL - 7,Milwaukee Tool 49-94-0533 7 in x 1/4 in x 7/8 in Metal Grinding Wheel for metal and stainless-steel applications.,"The Milwaukee Tool 49-94-0533 is a Type 27 metal grinding wheel measuring 7 in in diameter, 1/4 in in thickness, with a 7/8 in arbor size. Designed for metal and stainless-steel applications, this metal grinding wheel offers up to 2X life, fast removal, and durability.","Get durable performance with the Milwaukee Tool 49-94-0533 7 in x 1/4 in x 7/8 in Metal Grinding Wheel. Built as a Type 27 wheel, it is designed for metal and stainless-steel applications to deliver fast removal and up to 2X life.","Discover Milwaukee's 7"" Metal Grinding Wheel for up to 2X life, fast removal, and durability in metal and stainless-steel applications.",Diameter: 7 in,Thickness: 1/4 in,Arbor Size: 7/8 in,Wheel Type: 27,Application: metal and stainless-steel,"Offers up to 2X life, fast removal, and durability",,,,,,,,,,,,,,,,,,metal and stainless-steel,,Metal Grinding Wheel,Product Type,Metal Grinding Wheel,,Wheel Type,27,,Diameter,7,in,Thickness,1/4,in,Arbor Size,7/8,in,Application,metal and stainless-steel,,,,,,,,,,,,,,,,,,,,,,,,,,,,,,,,,,,,,,,,,,,,,,,,,,,,,,,,,,,,,,,,,,,,,,,,,,,,,,,,,,,,,,,,,,,,,,,,,,,,,,,,,,,,,,,,,,,,,,,,,,,,,,,,,,,,,,,,,,,,,,,,,,,,,,,,,,,,,,,,,,,,,,,,,,,,,,,,,,,,
,,,,,,DFBLBLOMFN01G,,,,DFBLBLOMFN01G,DFBLBLOMFN01G,DFBLBLOMFN01G Diablo 220 Grit - Flat Edge Sanding Sponge,-- Unbranded --,,,Freud Inc (2435),Freud,Freud,,,,,,,,,,,,,,,,,,,,,,,,,,,,,,,,,,,,,,,,,,,,,,,,,,,,,,,,,,,,,,,,,,,,,,,,,,,,,,,,,,,,,,,,,,,,,,,,,,,,,,,,,,,,,,,,,,,,,,,,,,,,,,,,,,,,,,,,,,,,,,,,,,,,,,,,,,,,,,,,,,,,,,,,,,,,,,,,,,,,,,,,,,,,,,,,,,,,,,,,,,,,,,,,,,,,,,,,,,,,,,,,,,,,,,,,,
,https://www.3m.com/3M/en_US/p/d/v100849643/,https://www.3m.com/3M/en_US/p/d/v101363404/,,,,1700-1PK-BB40,,,,1700-1PK-BB40,1700-1PK-BB40,3/4x60' Vinyl Elect Tape,-- Unbranded --,,,3 M Co (5293),3M,3M,,,,,"3 M™ Temflex 1700 Vinyl Electrical Tape, 3/4 IN. x 60 FT., 7 mil thickness, 600V",3 M 1700-1PK-BB40 VINYL ELEC TAPE 3/4 X,"3M™ Temflex 1700 Vinyl Electrical Tape, 1700-1PK-BB40, 3/4 in x 60 ft x 7 mil, PVC backing with rubber-resin adhesive.","Manufacturer 3M model 1700-1PK-BB40 (3M ID: 7100204880, UPC: 00068060654298) is the 3M™ Temflex 1700 Vinyl Electrical Tape. It features a PVC and polyvinyl chloride material type with a 7 mil thickness, rubber-resin adhesive, and a roll size of 0.75 x 60 in x ft (width 0.75 in, length 60 ft). This electrical tape has an operating temperature range of 32 to 176 degrees F and a voltage rating of 600 volts. Certifications and compliance include UL Listed, CSA Certified, and RoHS 2011/65/EU Compliant.","Get the 3M™ Temflex 1700 Vinyl Electrical Tape, 1700-1PK-BB40 measuring 3/4 in x 60 ft x 7 mil. This product features a PVC backing, rubber-resin adhesive, a 600-volt rating, and an operating temperature range of 32 to 176 degrees F. It is UL Listed, CSA Certified, and RoHS 2011/65/EU Compliant.","Discover 3M™ Temflex 1700 Vinyl Electrical Tape, 1700-1PK-BB40. Built with a PVC backing and rubber-resin adhesive, this 7 mil thick tape measures 3/4 in x 60 ft and supports a 600-volt rating with an operating temperature range of 32 to 176 degrees F. It carries UL Listed, CSA Certified, and RoHS 2011/65/EU Compliant certifications.","Product Name: 3M™ Temflex 1700 Vinyl Electrical Tape, 1700-1PK-BB40",Roll Size: 0.75 in x 60 ft with 7 mil thickness,Adhesive Material: rubber-resin,Backing Material: PVC (polyvinyl chloride),Voltage Rating: 600 volts,Operating Temperature Range: 32 to 176 degrees F,"Certifications: UL Listed, CSA Certified, and RoHS 2011/65/EU Compliant",,,,,,,,,,,,,,,,,,,"3M™ Temflex 1700 Vinyl Electrical Tape, 1700-1PK-BB40",Product Name,"3M™ Temflex 1700 Vinyl Electrical Tape, 1700-1PK-BB40",,Manufacturer,3M,,Model/Part Number,1700-1PK-BB40,,3M ID,7100204880,,UPC,00068060654298,,Adhesive Material,rubber-resin,,Backing Material,PVC,,Material Type,polyvinyl chloride,,Operating Temperature Range,32 to 176,degrees F,Voltage Rating,600,volts,Roll Size,0.75 x 60,in x ft,Thickness,7,mil,Width,0.75,in,Length,60,ft,Certifications & Compliance,"UL Listed, CSA Certified and RoHS 2011/65/EU Compliant",,,,,,,,,,,,,,,,,,,,,,,,,,,,,,,,,,,,,,,,,,,,,,,,,,,,,,,,,,,,,,,,,,,,,,,,,,,,,,,,,,,,,,,,,,,,,,,,,,,,,,,,,,,,,,,,,,,,,,,,,,,,,,,,,,,,,,,,,,,,,,,,,,,,,,,,,
,,,,,,ASH-40-40-04,,,,ASH-40-40-04,ASH-40-40-04,1.5x1.5x13' Legacy Emseal Tape,-- Unbranded --,,,Emseal Joint Systems Ltd (EMSJO),,,,,,,,,,,,,,,,,,,,,,,,,,,,,,,,,,,,,,,,,,,,,,,,,,,,,,,,,,,,,,,,,,,,,,,,,,,,,,,,,,,,,,,,,,,,,,,,,,,,,,,,,,,,,,,,,,,,,,,,,,,,,,,,,,,,,,,,,,,,,,,,,,,,,,,,,,,,,,,,,,,,,,,,,,,,,,,,,,,,,,,,,,,,,,,,,,,,,,,,,,,,,,,,,,,,,,,,,,,,,,,,,,,,,,,,,,,
,,,,,,KDFM404KPS,,,,KDFM404KPS,KDFM404KPS,KDFM404KPS Dishwasher SS,-- Unbranded --,,,Appliance Dealers Cooperative (APPDE),,,,,,,,,,,,,,,,,,,,,,,,,,,,,,,,,,,,,,,,,,,,,,,,,,,,,,,,,,,,,,,,,,,,,,,,,,,,,,,,,,,,,,,,,,,,,,,,,,,,,,,,,,,,,,,,,,,,,,,,,,,,,,,,,,,,,,,,,,,,,,,,,,,,,,,,,,,,,,,,,,,,,,,,,,,,,,,,,,,,,,,,,,,,,,,,,,,,,,,,,,,,,,,,,,,,,,,,,,,,,,,,,,,,,,,,,,,
https://www.frigidaire.com/en/p/kitchen/dishwashers/PDSH4816AF?srsltid=AfmBOoqcg1_7K3wrNDiCE4m_uLuQWS30P1GZU_AK04_gB2mgc7gs6YMn,,,,,,PDSH4816AF,,,,PDSH4816AF,PDSH4816AF,PDSH4816AF Dishwasher SS - Display Only,-- Unbranded --,,,Appliance Dealers Cooperative (APPDE),Electrolux,FRIGIDAIRE,,,,,Frigidaire PDSH4816AF Dishwasher SS - Display Only,PDSH4816AF DISHWASHER SS - DISPLAY ONLY,Frigidaire PDSH4816AF Dishwasher SS - Display Only,Frigidaire PDSH4816AF Dishwasher SS - Display Only manufactured by Frigidaire.,Frigidaire PDSH4816AF Dishwasher SS - Display Only.,Frigidaire dishwasher model PDSH4816AF.,Brand: Frigidaire,,,,,,,,,,,,,,,,,,,,,,,,,Dishwasher,Brand,Frigidaire,,,,,,,,,,,,,,,,,,,,,,,,,,,,,,,,,,,,,,,,,,,,,,,,,,,,,,,,,,,,,,,,,,,,,,,,,,,,,,,,,,,,,,,,,,,,,,,,,,,,,,,,,,,,,,,,,,,,,,,,,,,,,,,,,,,,,,,,,,,,,,,,,,,,,,,,,,,,,,,,,,,,,,,,,,,,,,,,,,,,,,,,,,,,,,,,,,,
,,,,,,PDT715SYVFS,,,,PDT715SYVFS,PDT715SYVFS,PDT715SYVFS Ge Dishwasher SS,-- Unbranded --,,,Appliance Dealers Cooperative (APPDE),,,,,,,,,,,,,,,,,,,,,,,,,,,,,,,,,,,,,,,,,,,,,,,,,,,,,,,,,,,,,,,,,,,,,,,,,,,,,,,,,,,,,,,,,,,,,,,,,,,,,,,,,,,,,,,,,,,,,,,,,,,,,,,,,,,,,,,,,,,,,,,,,,,,,,,,,,,,,,,,,,,,,,,,,,,,,,,,,,,,,,,,,,,,,,,,,,,,,,,,,,,,,,,,,,,,,,,,,,,,,,,,,,,,,,,,,,,
,,,,,,LDPH5554D,,,,LDPH5554D,LDPH5554D,LDPH5554D LG Dishwasher BSS,-- Unbranded --,,,Appliance Dealers Cooperative (APPDE),,,,,,,,,,,,,,,,,,,,,,,,,,,,,,,,,,,,,,,,,,,,,,,,,,,,,,,,,,,,,,,,,,,,,,,,,,,,,,,,,,,,,,,,,,,,,,,,,,,,,,,,,,,,,,,,,,,,,,,,,,,,,,,,,,,,,,,,,,,,,,,,,,,,,,,,,,,,,,,,,,,,,,,,,,,,,,,,,,,,,,,,,,,,,,,,,,,,,,,,,,,,,,,,,,,,,,,,,,,,,,,,,,,,,,,,,,,
,,,,,,WDTS7024RZ,,,,WDTS7024RZ,WDTS7024RZ,WDTS7024RZ Dishwasher SS - Display Only,-- Unbranded --,,,Appliance Dealers Cooperative (APPDE),Whirlpool Corporation,Whirlpool,,,,,,,,,,,,,,,,,,,,,,,,,,,,,,,,,,,,,,,,,,,,,,,,,,,,,,,,,,,,,,,,,,,,,,,,,,,,,,,,,,,,,,,,,,,,,,,,,,,,,,,,,,,,,,,,,,,,,,,,,,,,,,,,,,,,,,,,,,,,,,,,,,,,,,,,,,,,,,,,,,,,,,,,,,,,,,,,,,,,,,,,,,,,,,,,,,,,,,,,,,,,,,,,,,,,,,,,,,,,,,,,,,,,,,,,,
,,,,,,PDD415PYYFS,,,,PDD415PYYFS,PDD415PYYFS,PDD415PYYFS GE Dishwasher SS,-- Unbranded --,,,Appliance Dealers Cooperative (APPDE),,,,,,,,,,,,,,,,,,,,,,,,,,,,,,,,,,,,,,,,,,,,,,,,,,,,,,,,,,,,,,,,,,,,,,,,,,,,,,,,,,,,,,,,,,,,,,,,,,,,,,,,,,,,,,,,,,,,,,,,,,,,,,,,,,,,,,,,,,,,,,,,,,,,,,,,,,,,,,,,,,,,,,,,,,,,,,,,,,,,,,,,,,,,,,,,,,,,,,,,,,,,,,,,,,,,,,,,,,,,,,,,,,,,,,,,,,,
,,,,,,KDTS424SBE,,,,KDTS424SBE,KDTS424SBE,KDTS424SBE Kitchen Aid Dishwasher Bk,-- Unbranded --,,,Appliance Dealers Cooperative (APPDE),,,,,,,,,,,,,,,,,,,,,,,,,,,,,,,,,,,,,,,,,,,,,,,,,,,,,,,,,,,,,,,,,,,,,,,,,,,,,,,,,,,,,,,,,,,,,,,,,,,,,,,,,,,,,,,,,,,,,,,,,,,,,,,,,,,,,,,,,,,,,,,,,,,,,,,,,,,,,,,,,,,,,,,,,,,,,,,,,,,,,,,,,,,,,,,,,,,,,,,,,,,,,,,,,,,,,,,,,,,,,,,,,,,,,,,,,,,
,,,,,,KDTS324SPS,,,,KDTS324SPS,KDTS324SPS,KDTS324SPS Kitchen Aid Dishwasher SS,-- Unbranded --,,,Appliance Dealers Cooperative (APPDE),,,,,,,,,,,,,,,,,,,,,,,,,,,,,,,,,,,,,,,,,,,,,,,,,,,,,,,,,,,,,,,,,,,,,,,,,,,,,,,,,,,,,,,,,,,,,,,,,,,,,,,,,,,,,,,,,,,,,,,,,,,,,,,,,,,,,,,,,,,,,,,,,,,,,,,,,,,,,,,,,,,,,,,,,,,,,,,,,,,,,,,,,,,,,,,,,,,,,,,,,,,,,,,,,,,,,,,,,,,,,,,,,,,,,,,,,,,
,,,,,,KDPS624SJP,,,,KDPS624SJP,KDPS624SJP,KDPS624SJP Dishwasher Juniper - Display Only,-- Unbranded --,,,Appliance Dealers Cooperative (APPDE),,,,,,,,,,,,,,,,,,,,,,,,,,,,,,,,,,,,,,,,,,,,,,,,,,,,,,,,,,,,,,,,,,,,,,,,,,,,,,,,,,,,,,,,,,,,,,,,,,,,,,,,,,,,,,,,,,,,,,,,,,,,,,,,,,,,,,,,,,,,,,,,,,,,,,,,,,,,,,,,,,,,,,,,,,,,,,,,,,,,,,,,,,,,,,,,,,,,,,,,,,,,,,,,,,,,,,,,,,,,,,,,,,,,,,,,,,,
,,,,,,KDTS624SBE,,,,KDTS624SBE,KDTS624SBE,KDTS624SBE Dishwasher BO Display Only,-- Unbranded --,,,Appliance Dealers Cooperative (APPDE),,,,,,,,,,,,,,,,,,,,,,,,,,,,,,,,,,,,,,,,,,,,,,,,,,,,,,,,,,,,,,,,,,,,,,,,,,,,,,,,,,,,,,,,,,,,,,,,,,,,,,,,,,,,,,,,,,,,,,,,,,,,,,,,,,,,,,,,,,,,,,,,,,,,,,,,,,,,,,,,,,,,,,,,,,,,,,,,,,,,,,,,,,,,,,,,,,,,,,,,,,,,,,,,,,,,,,,,,,,,,,,,,,,,,,,,,,,
,,,,,,D519127,,,,D519127,D519127,D519127 Heater Kit,-- Unbranded --,,,V & V Appliance Parts Inc (VVAPP),,,,,,,,,,,,,,,,,,,,,,,,,,,,,,,,,,,,,,,,,,,,,,,,,,,,,,,,,,,,,,,,,,,,,,,,,,,,,,,,,,,,,,,,,,,,,,,,,,,,,,,,,,,,,,,,,,,,,,,,,,,,,,,,,,,,,,,,,,,,,,,,,,,,,,,,,,,,,,,,,,,,,,,,,,,,,,,,,,,,,,,,,,,,,,,,,,,,,,,,,,,,,,,,,,,,,,,,,,,,,,,,,,,,,,,,,,,
,,,,,,DF7004WE,,,,DF7004WE,DF7004WE,DF7004WE Speed Queen Elect Dryer Wh,-- Unbranded --,,,Appliance Dealers Cooperative (APPDE),,,,,,,,,,,,,,,,,,,,,,,,,,,,,,,,,,,,,,,,,,,,,,,,,,,,,,,,,,,,,,,,,,,,,,,,,,,,,,,,,,,,,,,,,,,,,,,,,,,,,,,,,,,,,,,,,,,,,,,,,,,,,,,,,,,,,,,,,,,,,,,,,,,,,,,,,,,,,,,,,,,,,,,,,,,,,,,,,,,,,,,,,,,,,,,,,,,,,,,,,,,,,,,,,,,,,,,,,,,,,,,,,,,,,,,,,,,
,,,,,,DR7004BE,,,,DR7004BE,DR7004BE,DR7004BE SQ Elect Dryer Bk,-- Unbranded --,,,Appliance Dealers Cooperative (APPDE),,,,,,,,,,,,,,,,,,,,,,,,,,,,,,,,,,,,,,,,,,,,,,,,,,,,,,,,,,,,,,,,,,,,,,,,,,,,,,,,,,,,,,,,,,,,,,,,,,,,,,,,,,,,,,,,,,,,,,,,,,,,,,,,,,,,,,,,,,,,,,,,,,,,,,,,,,,,,,,,,,,,,,,,,,,,,,,,,,,,,,,,,,,,,,,,,,,,,,,,,,,,,,,,,,,,,,,,,,,,,,,,,,,,,,,,,,,
,,,,,,DV2000WE,,,,DV2000WE,DV2000WE,DV2000WE SQ Elect Dryer Wh,-- Unbranded --,,,Appliance Dealers Cooperative (APPDE),,,,,,,,,,,,,,,,,,,,,,,,,,,,,,,,,,,,,,,,,,,,,,,,,,,,,,,,,,,,,,,,,,,,,,,,,,,,,,,,,,,,,,,,,,,,,,,,,,,,,,,,,,,,,,,,,,,,,,,,,,,,,,,,,,,,,,,,,,,,,,,,,,,,,,,,,,,,,,,,,,,,,,,,,,,,,,,,,,,,,,,,,,,,,,,,,,,,,,,,,,,,,,,,,,,,,,,,,,,,,,,,,,,,,,,,,,,
,,,,,,DC5004WE,,,,DC5004WE,DC5004WE,DC5004WE SQ Elect Dryer Wh,-- Unbranded --,,,Appliance Dealers Cooperative (APPDE),,,,,,,,,,,,,,,,,,,,,,,,,,,,,,,,,,,,,,,,,,,,,,,,,,,,,,,,,,,,,,,,,,,,,,,,,,,,,,,,,,,,,,,,,,,,,,,,,,,,,,,,,,,,,,,,,,,,,,,,,,,,,,,,,,,,,,,,,,,,,,,,,,,,,,,,,,,,,,,,,,,,,,,,,,,,,,,,,,,,,,,,,,,,,,,,,,,,,,,,,,,,,,,,,,,,,,,,,,,,,,,,,,,,,,,,,,,
,,,,,,DC5004BE,,,,DC5004BE,DC5004BE,DC5004BE SQ Elect Dryer Bk,-- Unbranded --,,,Appliance Dealers Cooperative (APPDE),,,,,,,,,,,,,,,,,,,,,,,,,,,,,,,,,,,,,,,,,,,,,,,,,,,,,,,,,,,,,,,,,,,,,,,,,,,,,,,,,,,,,,,,,,,,,,,,,,,,,,,,,,,,,,,,,,,,,,,,,,,,,,,,,,,,,,,,,,,,,,,,,,,,,,,,,,,,,,,,,,,,,,,,,,,,,,,,,,,,,,,,,,,,,,,,,,,,,,,,,,,,,,,,,,,,,,,,,,,,,,,,,,,,,,,,,,,
,,,,,,WKE100HWA,,,,WKE100HWA,WKE100HWA,WKE100HWA LG Laundry Center Wh - Display,-- Unbranded --,,,Appliance Dealers Cooperative (APPDE),,,,,,,,,,,,,,,,,,,,,,,,,,,,,,,,,,,,,,,,,,,,,,,,,,,,,,,,,,,,,,,,,,,,,,,,,,,,,,,,,,,,,,,,,,,,,,,,,,,,,,,,,,,,,,,,,,,,,,,,,,,,,,,,,,,,,,,,,,,,,,,,,,,,,,,,,,,,,,,,,,,,,,,,,,,,,,,,,,,,,,,,,,,,,,,,,,,,,,,,,,,,,,,,,,,,,,,,,,,,,,,,,,,,,,,,,,,
,,,,,,FF7011WN,,,,FF7011WN,FF7011WN,FF7011WN Speed Queen Washer Wh,-- Unbranded --,,,Appliance Dealers Cooperative (APPDE),,,,,,,,,,,,,,,,,,,,,,,,,,,,,,,,,,,,,,,,,,,,,,,,,,,,,,,,,,,,,,,,,,,,,,,,,,,,,,,,,,,,,,,,,,,,,,,,,,,,,,,,,,,,,,,,,,,,,,,,,,,,,,,,,,,,,,,,,,,,,,,,,,,,,,,,,,,,,,,,,,,,,,,,,,,,,,,,,,,,,,,,,,,,,,,,,,,,,,,,,,,,,,,,,,,,,,,,,,,,,,,,,,,,,,,,,,,
,,,,,,PTD70GBPTDG,,,,PTD70GBPTDG,PTD70GBPTDG,PTD70GBPTDG GE Gas Dryer DG,-- Unbranded --,,,Appliance Dealers Cooperative (APPDE),,,,,,,,,,,,,,,,,,,,,,,,,,,,,,,,,,,,,,,,,,,,,,,,,,,,,,,,,,,,,,,,,,,,,,,,,,,,,,,,,,,,,,,,,,,,,,,,,,,,,,,,,,,,,,,,,,,,,,,,,,,,,,,,,,,,,,,,,,,,,,,,,,,,,,,,,,,,,,,,,,,,,,,,,,,,,,,,,,,,,,,,,,,,,,,,,,,,,,,,,,,,,,,,,,,,,,,,,,,,,,,,,,,,,,,,,,,
,,,,,,PTD70GBSTWS,,,,PTD70GBSTWS,PTD70GBSTWS,PTD70GBSTWS GE Gas Dryer Wh,-- Unbranded --,,,Appliance Dealers Cooperative (APPDE),,,,,,,,,,,,,,,,,,,,,,,,,,,,,,,,,,,,,,,,,,,,,,,,,,,,,,,,,,,,,,,,,,,,,,,,,,,,,,,,,,,,,,,,,,,,,,,,,,,,,,,,,,,,,,,,,,,,,,,,,,,,,,,,,,,,,,,,,,,,,,,,,,,,,,,,,,,,,,,,,,,,,,,,,,,,,,,,,,,,,,,,,,,,,,,,,,,,,,,,,,,,,,,,,,,,,,,,,,,,,,,,,,,,,,,,,,,
,,,,,,DR5004WG,,,,DR5004WG,DR5004WG,DR5004WG SQ Gas Dryer Wh,-- Unbranded --,,,Appliance Dealers Cooperative (APPDE),,,,,,,,,,,,,,,,,,,,,,,,,,,,,,,,,,,,,,,,,,,,,,,,,,,,,,,,,,,,,,,,,,,,,,,,,,,,,,,,,,,,,,,,,,,,,,,,,,,,,,,,,,,,,,,,,,,,,,,,,,,,,,,,,,,,,,,,,,,,,,,,,,,,,,,,,,,,,,,,,,,,,,,,,,,,,,,,,,,,,,,,,,,,,,,,,,,,,,,,,,,,,,,,,,,,,,,,,,,,,,,,,,,,,,,,,,,
,,,,,,DR7004BG,,,,DR7004BG,DR7004BG,DR7004BG SQ Gas Dryer Bk,-- Unbranded --,,,Appliance Dealers Cooperative (APPDE),,,,,,,,,,,,,,,,,,,,,,,,,,,,,,,,,,,,,,,,,,,,,,,,,,,,,,,,,,,,,,,,,,,,,,,,,,,,,,,,,,,,,,,,,,,,,,,,,,,,,,,,,,,,,,,,,,,,,,,,,,,,,,,,,,,,,,,,,,,,,,,,,,,,,,,,,,,,,,,,,,,,,,,,,,,,,,,,,,,,,,,,,,,,,,,,,,,,,,,,,,,,,,,,,,,,,,,,,,,,,,,,,,,,,,,,,,,
,,,,,,DR7004WG,,,,DR7004WG,DR7004WG,DR7004WG SQ Gas Dryer Wh,-- Unbranded --,,,Appliance Dealers Cooperative (APPDE),,,,,,,,,,,,,,,,,,,,,,,,,,,,,,,,,,,,,,,,,,,,,,,,,,,,,,,,,,,,,,,,,,,,,,,,,,,,,,,,,,,,,,,,,,,,,,,,,,,,,,,,,,,,,,,,,,,,,,,,,,,,,,,,,,,,,,,,,,,,,,,,,,,,,,,,,,,,,,,,,,,,,,,,,,,,,,,,,,,,,,,,,,,,,,,,,,,,,,,,,,,,,,,,,,,,,,,,,,,,,,,,,,,,,,,,,,,
,,,,,,DV2000WG,,,,DV2000WG,DV2000WG,DV2000WG SQ Gas Dryer Wh,-- Unbranded --,,,Appliance Dealers Cooperative (APPDE),,,,,,,,,,,,,,,,,,,,,,,,,,,,,,,,,,,,,,,,,,,,,,,,,,,,,,,,,,,,,,,,,,,,,,,,,,,,,,,,,,,,,,,,,,,,,,,,,,,,,,,,,,,,,,,,,,,,,,,,,,,,,,,,,,,,,,,,,,,,,,,,,,,,,,,,,,,,,,,,,,,,,,,,,,,,,,,,,,,,,,,,,,,,,,,,,,,,,,,,,,,,,,,,,,,,,,,,,,,,,,,,,,,,,,,,,,,
,,,,,,DC5004WG,,,,DC5004WG,DC5004WG,DC5004WG SQ Gas Dryer Wh,-- Unbranded --,,,Appliance Dealers Cooperative (APPDE),,,,,,,,,,,,,,,,,,,,,,,,,,,,,,,,,,,,,,,,,,,,,,,,,,,,,,,,,,,,,,,,,,,,,,,,,,,,,,,,,,,,,,,,,,,,,,,,,,,,,,,,,,,,,,,,,,,,,,,,,,,,,,,,,,,,,,,,,,,,,,,,,,,,,,,,,,,,,,,,,,,,,,,,,,,,,,,,,,,,,,,,,,,,,,,,,,,,,,,,,,,,,,,,,,,,,,,,,,,,,,,,,,,,,,,,,,,
,,,,,,DC5004BG,,,,DC5004BG,DC5004BG,DC5004BG SQ Gas Dryer Bk,-- Unbranded --,,,Appliance Dealers Cooperative (APPDE),,,,,,,,,,,,,,,,,,,,,,,,,,,,,,,,,,,,,,,,,,,,,,,,,,,,,,,,,,,,,,,,,,,,,,,,,,,,,,,,,,,,,,,,,,,,,,,,,,,,,,,,,,,,,,,,,,,,,,,,,,,,,,,,,,,,,,,,,,,,,,,,,,,,,,,,,,,,,,,,,,,,,,,,,,,,,,,,,,,,,,,,,,,,,,,,,,,,,,,,,,,,,,,,,,,,,,,,,,,,,,,,,,,,,,,,,,,
,,,,,,PTW705BSTWS,,,,PTW705BSTWS,PTW705BSTWS,PTW705BSTWS GE Washer Wh,-- Unbranded --,,,Appliance Dealers Cooperative (APPDE),,,,,,,,,,,,,,,,,,,,,,,,,,,,,,,,,,,,,,,,,,,,,,,,,,,,,,,,,,,,,,,,,,,,,,,,,,,,,,,,,,,,,,,,,,,,,,,,,,,,,,,,,,,,,,,,,,,,,,,,,,,,,,,,,,,,,,,,,,,,,,,,,,,,,,,,,,,,,,,,,,,,,,,,,,,,,,,,,,,,,,,,,,,,,,,,,,,,,,,,,,,,,,,,,,,,,,,,,,,,,,,,,,,,,,,,,,,
,,,,,,MVWP586GW,,,,MVWP586GW,MVWP586GW,MVWP586GW Washer Wh - Display,-- Unbranded --,,,Appliance Dealers Cooperative (APPDE),,,,,,,,,,,,,,,,,,,,,,,,,,,,,,,,,,,,,,,,,,,,,,,,,,,,,,,,,,,,,,,,,,,,,,,,,,,,,,,,,,,,,,,,,,,,,,,,,,,,,,,,,,,,,,,,,,,,,,,,,,,,,,,,,,,,,,,,,,,,,,,,,,,,,,,,,,,,,,,,,,,,,,,,,,,,,,,,,,,,,,,,,,,,,,,,,,,,,,,,,,,,,,,,,,,,,,,,,,,,,,,,,,,,,,,,,,,
,,,,,,TV2000WN,,,,TV2000WN,TV2000WN,TV2000WN SQ Elect Washer,-- Unbranded --,,,Appliance Dealers Cooperative (APPDE),,,,,,,,,,,,,,,,,,,,,,,,,,,,,,,,,,,,,,,,,,,,,,,,,,,,,,,,,,,,,,,,,,,,,,,,,,,,,,,,,,,,,,,,,,,,,,,,,,,,,,,,,,,,,,,,,,,,,,,,,,,,,,,,,,,,,,,,,,,,,,,,,,,,,,,,,,,,,,,,,,,,,,,,,,,,,,,,,,,,,,,,,,,,,,,,,,,,,,,,,,,,,,,,,,,,,,,,,,,,,,,,,,,,,,,,,,,
,,,,,,TC5003BN,,,,TC5003BN,TC5003BN,TC5003BN SQ Washer Bk,-- Unbranded --,,,Appliance Dealers Cooperative (APPDE),,,,,,,,,,,,,,,,,,,,,,,,,,,,,,,,,,,,,,,,,,,,,,,,,,,,,,,,,,,,,,,,,,,,,,,,,,,,,,,,,,,,,,,,,,,,,,,,,,,,,,,,,,,,,,,,,,,,,,,,,,,,,,,,,,,,,,,,,,,,,,,,,,,,,,,,,,,,,,,,,,,,,,,,,,,,,,,,,,,,,,,,,,,,,,,,,,,,,,,,,,,,,,,,,,,,,,,,,,,,,,,,,,,,,,,,,,,
,,,,,,TR7006WN,,,,TR7006WN,TR7006WN,TR7006WN Speed Queen Washer Wh,-- Unbranded --,,,Appliance Dealers Cooperative (APPDE),,,,,,,,,,,,,,,,,,,,,,,,,,,,,,,,,,,,,,,,,,,,,,,,,,,,,,,,,,,,,,,,,,,,,,,,,,,,,,,,,,,,,,,,,,,,,,,,,,,,,,,,,,,,,,,,,,,,,,,,,,,,,,,,,,,,,,,,,,,,,,,,,,,,,,,,,,,,,,,,,,,,,,,,,,,,,,,,,,,,,,,,,,,,,,,,,,,,,,,,,,,,,,,,,,,,,,,,,,,,,,,,,,,,,,,,,,,
,,,,,,TR7006BN,,,,TR7006BN,TR7006BN,TR7006BN Speed Queen Washer Bk,-- Unbranded --,,,Appliance Dealers Cooperative (APPDE),,,,,,,,,,,,,,,,,,,,,,,,,,,,,,,,,,,,,,,,,,,,,,,,,,,,,,,,,,,,,,,,,,,,,,,,,,,,,,,,,,,,,,,,,,,,,,,,,,,,,,,,,,,,,,,,,,,,,,,,,,,,,,,,,,,,,,,,,,,,,,,,,,,,,,,,,,,,,,,,,,,,,,,,,,,,,,,,,,,,,,,,,,,,,,,,,,,,,,,,,,,,,,,,,,,,,,,,,,,,,,,,,,,,,,,,,,,
,,,,,,TR5006WN,,,,TR5006WN,TR5006WN,TR5006WN Speed Queen Washer Wh,-- Unbranded --,,,Appliance Dealers Cooperative (APPDE),,,,,,,,,,,,,,,,,,,,,,,,,,,,,,,,,,,,,,,,,,,,,,,,,,,,,,,,,,,,,,,,,,,,,,,,,,,,,,,,,,,,,,,,,,,,,,,,,,,,,,,,,,,,,,,,,,,,,,,,,,,,,,,,,,,,,,,,,,,,,,,,,,,,,,,,,,,,,,,,,,,,,,,,,,,,,,,,,,,,,,,,,,,,,,,,,,,,,,,,,,,,,,,,,,,,,,,,,,,,,,,,,,,,,,,,,,,
,,,,,,05134545001,,,,05134545001,05134545001,9516 Kneeling Pad& Bttl Opener,-- Unbranded --,,,Wera Tools NA Inc (WERTO),,,,,,,,,,,,,,,,,,,,,,,,,,,,,,,,,,,,,,,,,,,,,,,,,,,,,,,,,,,,,,,,,,,,,,,,,,,,,,,,,,,,,,,,,,,,,,,,,,,,,,,,,,,,,,,,,,,,,,,,,,,,,,,,,,,,,,,,,,,,,,,,,,,,,,,,,,,,,,,,,,,,,,,,,,,,,,,,,,,,,,,,,,,,,,,,,,,,,,,,,,,,,,,,,,,,,,,,,,,,,,,,,,,,,,,,,,,
,,,,,,LNL65301,,,,LNL65301,LNL65301,LNL65301 Digital Tire Pressure - Inflator Gauge,-- Unbranded --,,,-,,,,,,,,,,,,,,,,,,,,,,,,,,,,,,,,,,,,,,,,,,,,,,,,,,,,,,,,,,,,,,,,,,,,,,,,,,,,,,,,,,,,,,,,,,,,,,,,,,,,,,,,,,,,,,,,,,,,,,,,,,,,,,,,,,,,,,,,,,,,,,,,,,,,,,,,,,,,,,,,,,,,,,,,,,,,,,,,,,,,,,,,,,,,,,,,,,,,,,,,,,,,,,,,,,,,,,,,,,,,,,,,,,,,,,,,,,,
,,,,,,25-A,,,,25-A,25-A,Charcoal Black 25-A Mortar - Type N,-- Unbranded --,,,Rees Cast Stone Company (REECA),,,,,,,,,,,,,,,,,,,,,,,,,,,,,,,,,,,,,,,,,,,,,,,,,,,,,,,,,,,,,,,,,,,,,,,,,,,,,,,,,,,,,,,,,,,,,,,,,,,,,,,,,,,,,,,,,,,,,,,,,,,,,,,,,,,,,,,,,,,,,,,,,,,,,,,,,,,,,,,,,,,,,,,,,,,,,,,,,,,,,,,,,,,,,,,,,,,,,,,,,,,,,,,,,,,,,,,,,,,,,,,,,,,,,,,,,,,
,,,,,,38-E,,,,38-E,38-E,Dark Chocolate 38-E Mortar - Type N,-- Unbranded --,,,Rees Cast Stone Company (REECA),,,,,,,,,,,,,,,,,,,,,,,,,,,,,,,,,,,,,,,,,,,,,,,,,,,,,,,,,,,,,,,,,,,,,,,,,,,,,,,,,,,,,,,,,,,,,,,,,,,,,,,,,,,,,,,,,,,,,,,,,,,,,,,,,,,,,,,,,,,,,,,,,,,,,,,,,,,,,,,,,,,,,,,,,,,,,,,,,,,,,,,,,,,,,,,,,,,,,,,,,,,,,,,,,,,,,,,,,,,,,,,,,,,,,,,,,,,
,,,,,,59-J,,,,59-J,59-J,Light Buff 59-J Mortar - Type N,-- Unbranded --,,,Rees Cast Stone Company (REECA),,,,,,,,,,,,,,,,,,,,,,,,,,,,,,,,,,,,,,,,,,,,,,,,,,,,,,,,,,,,,,,,,,,,,,,,,,,,,,,,,,,,,,,,,,,,,,,,,,,,,,,,,,,,,,,,,,,,,,,,,,,,,,,,,,,,,,,,,,,,,,,,,,,,,,,,,,,,,,,,,,,,,,,,,,,,,,,,,,,,,,,,,,,,,,,,,,,,,,,,,,,,,,,,,,,,,,,,,,,,,,,,,,,,,,,,,,,
,,,,,,44-A,,,,44-A,44-A,Light Chocolate 44-A Mortar - Type N,-- Unbranded --,,,Rees Cast Stone Company (REECA),,,,,,,,,,,,,,,,,,,,,,,,,,,,,,,,,,,,,,,,,,,,,,,,,,,,,,,,,,,,,,,,,,,,,,,,,,,,,,,,,,,,,,,,,,,,,,,,,,,,,,,,,,,,,,,,,,,,,,,,,,,,,,,,,,,,,,,,,,,,,,,,,,,,,,,,,,,,,,,,,,,,,,,,,,,,,,,,,,,,,,,,,,,,,,,,,,,,,,,,,,,,,,,,,,,,,,,,,,,,,,,,,,,,,,,,,,,
,,,,,,543302126,,,,543302126,543302126,6' Wh Select T-Rail Kit Horiz - w/Sq Composite Balusters,TREX,,,U S Lumber (3073),,,,,,,,,,,,,,,,,,,,,,,,,,,,,,,,,,,,,,,,,,,,,,,,,,,,,,,,,,,,,,,,,,,,,,,,,,,,,,,,,,,,,,,,,,,,,,,,,,,,,,,,,,,,,,,,,,,,,,,,,,,,,,,,,,,,,,,,,,,,,,,,,,,,,,,,,,,,,,,,,,,,,,,,,,,,,,,,,,,,,,,,,,,,,,,,,,,,,,,,,,,,,,,,,,,,,,,,,,,,,,,,,,,,,,,,,,,
,,,,,,543302146,,,,543302146,543302146,8' Wh Select T-Rail Kit Horiz - w/Sq Composite Balusters,TREX,,,U S Lumber (3073),,,,,,,,,,,,,,,,,,,,,,,,,,,,,,,,,,,,,,,,,,,,,,,,,,,,,,,,,,,,,,,,,,,,,,,,,,,,,,,,,,,,,,,,,,,,,,,,,,,,,,,,,,,,,,,,,,,,,,,,,,,,,,,,,,,,,,,,,,,,,,,,,,,,,,,,,,,,,,,,,,,,,,,,,,,,,,,,,,,,,,,,,,,,,,,,,,,,,,,,,,,,,,,,,,,,,,,,,,,,,,,,,,,,,,,,,,,
,,,,,,73019603,,,,73019603,73019603,Finyline Wh 6' Fl Rail Kit Sq,-- Unbranded --,,,-,,,,,,,,,,,,,,,,,,,,,,,,,,,,,,,,,,,,,,,,,,,,,,,,,,,,,,,,,,,,,,,,,,,,,,,,,,,,,,,,,,,,,,,,,,,,,,,,,,,,,,,,,,,,,,,,,,,,,,,,,,,,,,,,,,,,,,,,,,,,,,,,,,,,,,,,,,,,,,,,,,,,,,,,,,,,,,,,,,,,,,,,,,,,,,,,,,,,,,,,,,,,,,,,,,,,,,,,,,,,,,,,,,,,,,,,,,,
,,,,,,73019652,,,,73019652,73019652,Finyline Wh 8' Fl Rail Kit Sq,-- Unbranded --,,,-,,,,,,,,,,,,,,,,,,,,,,,,,,,,,,,,,,,,,,,,,,,,,,,,,,,,,,,,,,,,,,,,,,,,,,,,,,,,,,,,,,,,,,,,,,,,,,,,,,,,,,,,,,,,,,,,,,,,,,,,,,,,,,,,,,,,,,,,,,,,,,,,,,,,,,,,,,,,,,,,,,,,,,,,,,,,,,,,,,,,,,,,,,,,,,,,,,,,,,,,,,,,,,,,,,,,,,,,,,,,,,,,,,,,,,,,,,,
,,,,,,73019517,,,,73019517,73019517,Finyline Wh 10' Fl Rail Kit Sq,-- Unbranded --,,,-,,,,,,,,,,,,,,,,,,,,,,,,,,,,,,,,,,,,,,,,,,,,,,,,,,,,,,,,,,,,,,,,,,,,,,,,,,,,,,,,,,,,,,,,,,,,,,,,,,,,,,,,,,,,,,,,,,,,,,,,,,,,,,,,,,,,,,,,,,,,,,,,,,,,,,,,,,,,,,,,,,,,,,,,,,,,,,,,,,,,,,,,,,,,,,,,,,,,,,,,,,,,,,,,,,,,,,,,,,,,,,,,,,,,,,,,,,,
,,,,,,73019602,,,,73019602,73019602,Finyline Wh 6' Fl Rail Kit Rd - w/Black Alum Balusters,-- Unbranded --,,,-,,,,,,,,,,,,,,,,,,,,,,,,,,,,,,,,,,,,,,,,,,,,,,,,,,,,,,,,,,,,,,,,,,,,,,,,,,,,,,,,,,,,,,,,,,,,,,,,,,,,,,,,,,,,,,,,,,,,,,,,,,,,,,,,,,,,,,,,,,,,,,,,,,,,,,,,,,,,,,,,,,,,,,,,,,,,,,,,,,,,,,,,,,,,,,,,,,,,,,,,,,,,,,,,,,,,,,,,,,,,,,,,,,,,,,,,,,,
,,,,,,73019651,,,,73019651,73019651,Finyline Wh 8' Fl Rail Kit Rd - w/Black Alum Balusters,-- Unbranded --,,,-,,,,,,,,,,,,,,,,,,,,,,,,,,,,,,,,,,,,,,,,,,,,,,,,,,,,,,,,,,,,,,,,,,,,,,,,,,,,,,,,,,,,,,,,,,,,,,,,,,,,,,,,,,,,,,,,,,,,,,,,,,,,,,,,,,,,,,,,,,,,,,,,,,,,,,,,,,,,,,,,,,,,,,,,,,,,,,,,,,,,,,,,,,,,,,,,,,,,,,,,,,,,,,,,,,,,,,,,,,,,,,,,,,,,,,,,,,,
,,,,,,73019516,,,,73019516,73019516,Finyline Wh 10' Fl Rail Kit Rd - w/Black Alum Balusters,-- Unbranded --,,,-,,,,,,,,,,,,,,,,,,,,,,,,,,,,,,,,,,,,,,,,,,,,,,,,,,,,,,,,,,,,,,,,,,,,,,,,,,,,,,,,,,,,,,,,,,,,,,,,,,,,,,,,,,,,,,,,,,,,,,,,,,,,,,,,,,,,,,,,,,,,,,,,,,,,,,,,,,,,,,,,,,,,,,,,,,,,,,,,,,,,,,,,,,,,,,,,,,,,,,,,,,,,,,,,,,,,,,,,,,,,,,,,,,,,,,,,,,,
,,,,,,543300256,,,,543300256,543300256,6' Black Select Classic Horiz - Rail w/Rnd Black Alum Baluster,TREX,,,Boise Cascade Building Materials (BOICA),,,,,,,,,,,,,,,,,,,,,,,,,,,,,,,,,,,,,,,,,,,,,,,,,,,,,,,,,,,,,,,,,,,,,,,,,,,,,,,,,,,,,,,,,,,,,,,,,,,,,,,,,,,,,,,,,,,,,,,,,,,,,,,,,,,,,,,,,,,,,,,,,,,,,,,,,,,,,,,,,,,,,,,,,,,,,,,,,,,,,,,,,,,,,,,,,,,,,,,,,,,,,,,,,,,,,,,,,,,,,,,,,,,,,,,,,,,
,,,,,,543300276,,,,543300276,543300276,8' Black Select Classic Horiz - Rail w/Rnd Black Alum Baluster,TREX,,,Boise Cascade Building Materials (BOICA),,,,,,,,,,,,,,,,,,,,,,,,,,,,,,,,,,,,,,,,,,,,,,,,,,,,,,,,,,,,,,,,,,,,,,,,,,,,,,,,,,,,,,,,,,,,,,,,,,,,,,,,,,,,,,,,,,,,,,,,,,,,,,,,,,,,,,,,,,,,,,,,,,,,,,,,,,,,,,,,,,,,,,,,,,,,,,,,,,,,,,,,,,,,,,,,,,,,,,,,,,,,,,,,,,,,,,,,,,,,,,,,,,,,,,,,,,,
,,,,,,73045028,,,,73045028,73045028,Custom Finyline Wh Gate Sq Bal,-- Unbranded --,,,-,,,,,,,,,,,,,,,,,,,,,,,,,,,,,,,,,,,,,,,,,,,,,,,,,,,,,,,,,,,,,,,,,,,,,,,,,,,,,,,,,,,,,,,,,,,,,,,,,,,,,,,,,,,,,,,,,,,,,,,,,,,,,,,,,,,,,,,,,,,,,,,,,,,,,,,,,,,,,,,,,,,,,,,,,,,,,,,,,,,,,,,,,,,,,,,,,,,,,,,,,,,,,,,,,,,,,,,,,,,,,,,,,,,,,,,,,,,
,,,,,,73045031,,,,73045031,73045031,Custom Finyline Wh Gate Rd - w/Black Alum Balusters,-- Unbranded --,,,-,,,,,,,,,,,,,,,,,,,,,,,,,,,,,,,,,,,,,,,,,,,,,,,,,,,,,,,,,,,,,,,,,,,,,,,,,,,,,,,,,,,,,,,,,,,,,,,,,,,,,,,,,,,,,,,,,,,,,,,,,,,,,,,,,,,,,,,,,,,,,,,,,,,,,,,,,,,,,,,,,,,,,,,,,,,,,,,,,,,,,,,,,,,,,,,,,,,,,,,,,,,,,,,,,,,,,,,,,,,,,,,,,,,,,,,,,,,
,,,,,,543340126,,,,543340126,543340126,6'x36  Select Alm w/Sq Bal Hor - Assembled Black Rail Panel,TREX,,,Boise Cascade Building Materials (BOICA),,,,,,,,,,,,,,,,,,,,,,,,,,,,,,,,,,,,,,,,,,,,,,,,,,,,,,,,,,,,,,,,,,,,,,,,,,,,,,,,,,,,,,,,,,,,,,,,,,,,,,,,,,,,,,,,,,,,,,,,,,,,,,,,,,,,,,,,,,,,,,,,,,,,,,,,,,,,,,,,,,,,,,,,,,,,,,,,,,,,,,,,,,,,,,,,,,,,,,,,,,,,,,,,,,,,,,,,,,,,,,,,,,,,,,,,,,,
,,,,,,543340127,,,,543340127,543340127,6'x36  Select Alm w/Sq Bal Str - Assembled Black Rail Panel,TREX,,,Boise Cascade Building Materials (BOICA),,,,,,,,,,,,,,,,,,,,,,,,,,,,,,,,,,,,,,,,,,,,,,,,,,,,,,,,,,,,,,,,,,,,,,,,,,,,,,,,,,,,,,,,,,,,,,,,,,,,,,,,,,,,,,,,,,,,,,,,,,,,,,,,,,,,,,,,,,,,,,,,,,,,,,,,,,,,,,,,,,,,,,,,,,,,,,,,,,,,,,,,,,,,,,,,,,,,,,,,,,,,,,,,,,,,,,,,,,,,,,,,,,,,,,,,,,,
,,,,,,543340146,,,,543340146,543340146,8'x36  Select Alm w/Sq Bal Hor - Assembled Black Rail Panel,TREX,,,Boise Cascade Building Materials (BOICA),,,,,,,,,,,,,,,,,,,,,,,,,,,,,,,,,,,,,,,,,,,,,,,,,,,,,,,,,,,,,,,,,,,,,,,,,,,,,,,,,,,,,,,,,,,,,,,,,,,,,,,,,,,,,,,,,,,,,,,,,,,,,,,,,,,,,,,,,,,,,,,,,,,,,,,,,,,,,,,,,,,,,,,,,,,,,,,,,,,,,,,,,,,,,,,,,,,,,,,,,,,,,,,,,,,,,,,,,,,,,,,,,,,,,,,,,,,
,,,,,,543340147,,,,543340147,543340147,8'x36  Select Alm w/Sq Bal Str - Assembled Black Rail Panel,TREX,,,Boise Cascade Building Materials (BOICA),,,,,,,,,,,,,,,,,,,,,,,,,,,,,,,,,,,,,,,,,,,,,,,,,,,,,,,,,,,,,,,,,,,,,,,,,,,,,,,,,,,,,,,,,,,,,,,,,,,,,,,,,,,,,,,,,,,,,,,,,,,,,,,,,,,,,,,,,,,,,,,,,,,,,,,,,,,,,,,,,,,,,,,,,,,,,,,,,,,,,,,,,,,,,,,,,,,,,,,,,,,,,,,,,,,,,,,,,,,,,,,,,,,,,,,,,,,
,,,,,,ADB15516CS,,,,ADB15516CS,ADB15516CS,1x6-16' Coastline Sq Edge - Vintage Azek PVC Decking,TIMBERTECH,,,Parksite (6151),,,,,,,,,,,,,,,,,,,,,,,,,,,,,,,,,,,,,,,,,,,,,,,,,,,,,,,,,,,,,,,,,,,,,,,,,,,,,,,,,,,,,,,,,,,,,,,,,,,,,,,,,,,,,,,,,,,,,,,,,,,,,,,,,,,,,,,,,,,,,,,,,,,,,,,,,,,,,,,,,,,,,,,,,,,,,,,,,,,,,,,,,,,,,,,,,,,,,,,,,,,,,,,,,,,,,,,,,,,,,,,,,,,,,,,,,,,
,,,,,,ADB15520CS,,,,ADB15520CS,ADB15520CS,1x6-20' Coastline Sq Edge - Vintage Azek PVC Decking,TIMBERTECH,,,Parksite (6151),,,,,,,,,,,,,,,,,,,,,,,,,,,,,,,,,,,,,,,,,,,,,,,,,,,,,,,,,,,,,,,,,,,,,,,,,,,,,,,,,,,,,,,,,,,,,,,,,,,,,,,,,,,,,,,,,,,,,,,,,,,,,,,,,,,,,,,,,,,,,,,,,,,,,,,,,,,,,,,,,,,,,,,,,,,,,,,,,,,,,,,,,,,,,,,,,,,,,,,,,,,,,,,,,,,,,,,,,,,,,,,,,,,,,,,,,,,
,,,,,,ADB15516EW,,,,ADB15516EW,ADB15516EW,1x6-16' English Walnut Sq Edge - Vintage Azek PVC Decking,TIMBERTECH,,,Parksite (6151),,,,,,,,,,,,,,,,,,,,,,,,,,,,,,,,,,,,,,,,,,,,,,,,,,,,,,,,,,,,,,,,,,,,,,,,,,,,,,,,,,,,,,,,,,,,,,,,,,,,,,,,,,,,,,,,,,,,,,,,,,,,,,,,,,,,,,,,,,,,,,,,,,,,,,,,,,,,,,,,,,,,,,,,,,,,,,,,,,,,,,,,,,,,,,,,,,,,,,,,,,,,,,,,,,,,,,,,,,,,,,,,,,,,,,,,,,,
,,,,,,ADB15520EW,,,,ADB15520EW,ADB15520EW,1x6-20' English Walnut Sq Edge - Vintage Azek PVC Decking,TIMBERTECH,,,Parksite (6151),,,,,,,,,,,,,,,,,,,,,,,,,,,,,,,,,,,,,,,,,,,,,,,,,,,,,,,,,,,,,,,,,,,,,,,,,,,,,,,,,,,,,,,,,,,,,,,,,,,,,,,,,,,,,,,,,,,,,,,,,,,,,,,,,,,,,,,,,,,,,,,,,,,,,,,,,,,,,,,,,,,,,,,,,,,,,,,,,,,,,,,,,,,,,,,,,,,,,,,,,,,,,,,,,,,,,,,,,,,,,,,,,,,,,,,,,,,
,,,,,,ADB15516MH,,,,ADB15516MH,ADB15516MH,1x6-16' Mahogany Sq Edge - Vintage Azek PVC Decking,TIMBERTECH,,,Parksite (6151),,,,,,,,,,,,,,,,,,,,,,,,,,,,,,,,,,,,,,,,,,,,,,,,,,,,,,,,,,,,,,,,,,,,,,,,,,,,,,,,,,,,,,,,,,,,,,,,,,,,,,,,,,,,,,,,,,,,,,,,,,,,,,,,,,,,,,,,,,,,,,,,,,,,,,,,,,,,,,,,,,,,,,,,,,,,,,,,,,,,,,,,,,,,,,,,,,,,,,,,,,,,,,,,,,,,,,,,,,,,,,,,,,,,,,,,,,,
,,,,,,ADB15520MH,,,,ADB15520MH,ADB15520MH,1x6-20' Mahogany Sq Edge - Vintage Azek PVC Decking,TIMBERTECH,,,Parksite (6151),,,,,,,,,,,,,,,,,,,,,,,,,,,,,,,,,,,,,,,,,,,,,,,,,,,,,,,,,,,,,,,,,,,,,,,,,,,,,,,,,,,,,,,,,,,,,,,,,,,,,,,,,,,,,,,,,,,,,,,,,,,,,,,,,,,,,,,,,,,,,,,,,,,,,,,,,,,,,,,,,,,,,,,,,,,,,,,,,,,,,,,,,,,,,,,,,,,,,,,,,,,,,,,,,,,,,,,,,,,,,,,,,,,,,,,,,,,
,,,,,,ADB15516WT,,,,ADB15516WT,ADB15516WT,1x6-16' Weathered Teak Sq Edge - Vintage Azek PVC Decking,TIMBERTECH,,,Parksite (6151),,,,,,,,,,,,,,,,,,,,,,,,,,,,,,,,,,,,,,,,,,,,,,,,,,,,,,,,,,,,,,,,,,,,,,,,,,,,,,,,,,,,,,,,,,,,,,,,,,,,,,,,,,,,,,,,,,,,,,,,,,,,,,,,,,,,,,,,,,,,,,,,,,,,,,,,,,,,,,,,,,,,,,,,,,,,,,,,,,,,,,,,,,,,,,,,,,,,,,,,,,,,,,,,,,,,,,,,,,,,,,,,,,,,,,,,,,,
,,,,,,ADB15520WT,,,,ADB15520WT,ADB15520WT,1x6-20' Weathered Teak Sq Edge - Vintage Azek PVC Decking,TIMBERTECH,,,Parksite (6151),,,,,,,,,,,,,,,,,,,,,,,,,,,,,,,,,,,,,,,,,,,,,,,,,,,,,,,,,,,,,,,,,,,,,,,,,,,,,,,,,,,,,,,,,,,,,,,,,,,,,,,,,,,,,,,,,,,,,,,,,,,,,,,,,,,,,,,,,,,,,,,,,,,,,,,,,,,,,,,,,,,,,,,,,,,,,,,,,,,,,,,,,,,,,,,,,,,,,,,,,,,,,,,,,,,,,,,,,,,,,,,,,,,,,,,,,,,
,,,,,,AGB15512CS,,,,AGB15512CS,AGB15512CS,1x6-12' Coastline Grooved - Vintage Azek PVC Decking,TIMBERTECH,,,Parksite (6151),,,,,,,,,,,,,,,,,,,,,,,,,,,,,,,,,,,,,,,,,,,,,,,,,,,,,,,,,,,,,,,,,,,,,,,,,,,,,,,,,,,,,,,,,,,,,,,,,,,,,,,,,,,,,,,,,,,,,,,,,,,,,,,,,,,,,,,,,,,,,,,,,,,,,,,,,,,,,,,,,,,,,,,,,,,,,,,,,,,,,,,,,,,,,,,,,,,,,,,,,,,,,,,,,,,,,,,,,,,,,,,,,,,,,,,,,,,
,,,,,,AGB15516CS,,,,AGB15516CS,AGB15516CS,1x6-16' Coastline Grooved - Vintage Azek PVC Decking,TIMBERTECH,,,Parksite (6151),,,,,,,,,,,,,,,,,,,,,,,,,,,,,,,,,,,,,,,,,,,,,,,,,,,,,,,,,,,,,,,,,,,,,,,,,,,,,,,,,,,,,,,,,,,,,,,,,,,,,,,,,,,,,,,,,,,,,,,,,,,,,,,,,,,,,,,,,,,,,,,,,,,,,,,,,,,,,,,,,,,,,,,,,,,,,,,,,,,,,,,,,,,,,,,,,,,,,,,,,,,,,,,,,,,,,,,,,,,,,,,,,,,,,,,,,,,
,,,,,,AGB15520CS,,,,AGB15520CS,AGB15520CS,1x6-20' Coastline Grooved - Vintage Azek PVC Decking,TIMBERTECH,,,Parksite (6151),,,,,,,,,,,,,,,,,,,,,,,,,,,,,,,,,,,,,,,,,,,,,,,,,,,,,,,,,,,,,,,,,,,,,,,,,,,,,,,,,,,,,,,,,,,,,,,,,,,,,,,,,,,,,,,,,,,,,,,,,,,,,,,,,,,,,,,,,,,,,,,,,,,,,,,,,,,,,,,,,,,,,,,,,,,,,,,,,,,,,,,,,,,,,,,,,,,,,,,,,,,,,,,,,,,,,,,,,,,,,,,,,,,,,,,,,,,
,,,,,,AGB15512EW,,,,AGB15512EW,AGB15512EW,1x6-12' English Walnut Grooved - Vintage Azek PVC Decking,TIMBERTECH,,,Parksite (6151),,,,,,,,,,,,,,,,,,,,,,,,,,,,,,,,,,,,,,,,,,,,,,,,,,,,,,,,,,,,,,,,,,,,,,,,,,,,,,,,,,,,,,,,,,,,,,,,,,,,,,,,,,,,,,,,,,,,,,,,,,,,,,,,,,,,,,,,,,,,,,,,,,,,,,,,,,,,,,,,,,,,,,,,,,,,,,,,,,,,,,,,,,,,,,,,,,,,,,,,,,,,,,,,,,,,,,,,,,,,,,,,,,,,,,,,,,,
,,,,,,AGB15516EW,,,,AGB15516EW,AGB15516EW,1x6-16' English Walnut Grooved - Vintage Azek PVC Decking,TIMBERTECH,,,Parksite (6151),,,,,,,,,,,,,,,,,,,,,,,,,,,,,,,,,,,,,,,,,,,,,,,,,,,,,,,,,,,,,,,,,,,,,,,,,,,,,,,,,,,,,,,,,,,,,,,,,,,,,,,,,,,,,,,,,,,,,,,,,,,,,,,,,,,,,,,,,,,,,,,,,,,,,,,,,,,,,,,,,,,,,,,,,,,,,,,,,,,,,,,,,,,,,,,,,,,,,,,,,,,,,,,,,,,,,,,,,,,,,,,,,,,,,,,,,,,
,,,,,,AGB15520EW,,,,AGB15520EW,AGB15520EW,1x6-20' English Walnut Grooved - Vintage Azek PVC Decking,TIMBERTECH,,,Parksite (6151),,,,,,,,,,,,,,,,,,,,,,,,,,,,,,,,,,,,,,,,,,,,,,,,,,,,,,,,,,,,,,,,,,,,,,,,,,,,,,,,,,,,,,,,,,,,,,,,,,,,,,,,,,,,,,,,,,,,,,,,,,,,,,,,,,,,,,,,,,,,,,,,,,,,,,,,,,,,,,,,,,,,,,,,,,,,,,,,,,,,,,,,,,,,,,,,,,,,,,,,,,,,,,,,,,,,,,,,,,,,,,,,,,,,,,,,,,,
,,,,,,AGB15512MH,,,,AGB15512MH,AGB15512MH,1x6-12' Mahogany Grooved - Vintage Azek PVC Decking,TIMBERTECH,,,Parksite (6151),,,,,,,,,,,,,,,,,,,,,,,,,,,,,,,,,,,,,,,,,,,,,,,,,,,,,,,,,,,,,,,,,,,,,,,,,,,,,,,,,,,,,,,,,,,,,,,,,,,,,,,,,,,,,,,,,,,,,,,,,,,,,,,,,,,,,,,,,,,,,,,,,,,,,,,,,,,,,,,,,,,,,,,,,,,,,,,,,,,,,,,,,,,,,,,,,,,,,,,,,,,,,,,,,,,,,,,,,,,,,,,,,,,,,,,,,,,
,,,,,,AGB15516MH,,,,AGB15516MH,AGB15516MH,1x6-16' Mahogany Grooved - Vintage Azek PVC Decking,TIMBERTECH,,,Parksite (6151),,,,,,,,,,,,,,,,,,,,,,,,,,,,,,,,,,,,,,,,,,,,,,,,,,,,,,,,,,,,,,,,,,,,,,,,,,,,,,,,,,,,,,,,,,,,,,,,,,,,,,,,,,,,,,,,,,,,,,,,,,,,,,,,,,,,,,,,,,,,,,,,,,,,,,,,,,,,,,,,,,,,,,,,,,,,,,,,,,,,,,,,,,,,,,,,,,,,,,,,,,,,,,,,,,,,,,,,,,,,,,,,,,,,,,,,,,,
,,,,,,AGB15520MH,,,,AGB15520MH,AGB15520MH,1x6-20' Mahogany Grooved - Vintage Azek PVC Decking,TIMBERTECH,,,Parksite (6151),,,,,,,,,,,,,,,,,,,,,,,,,,,,,,,,,,,,,,,,,,,,,,,,,,,,,,,,,,,,,,,,,,,,,,,,,,,,,,,,,,,,,,,,,,,,,,,,,,,,,,,,,,,,,,,,,,,,,,,,,,,,,,,,,,,,,,,,,,,,,,,,,,,,,,,,,,,,,,,,,,,,,,,,,,,,,,,,,,,,,,,,,,,,,,,,,,,,,,,,,,,,,,,,,,,,,,,,,,,,,,,,,,,,,,,,,,,
,,,,,,AGB15512WT,,,,AGB15512WT,AGB15512WT,1x6-12' Weathered Teak Grooved - Vintage Azek PVC Decking,TIMBERTECH,,,Parksite (6151),,,,,,,,,,,,,,,,,,,,,,,,,,,,,,,,,,,,,,,,,,,,,,,,,,,,,,,,,,,,,,,,,,,,,,,,,,,,,,,,,,,,,,,,,,,,,,,,,,,,,,,,,,,,,,,,,,,,,,,,,,,,,,,,,,,,,,,,,,,,,,,,,,,,,,,,,,,,,,,,,,,,,,,,,,,,,,,,,,,,,,,,,,,,,,,,,,,,,,,,,,,,,,,,,,,,,,,,,,,,,,,,,,,,,,,,,,,
,,,,,,AGB15516WT,,,,AGB15516WT,AGB15516WT,1x6-16' Weathered Teak Grooved - Vintage Azek PVC Decking,TIMBERTECH,,,Parksite (6151),,,,,,,,,,,,,,,,,,,,,,,,,,,,,,,,,,,,,,,,,,,,,,,,,,,,,,,,,,,,,,,,,,,,,,,,,,,,,,,,,,,,,,,,,,,,,,,,,,,,,,,,,,,,,,,,,,,,,,,,,,,,,,,,,,,,,,,,,,,,,,,,,,,,,,,,,,,,,,,,,,,,,,,,,,,,,,,,,,,,,,,,,,,,,,,,,,,,,,,,,,,,,,,,,,,,,,,,,,,,,,,,,,,,,,,,,,,
,,,,,,AGB15520WT,,,,AGB15520WT,AGB15520WT,1x6-20' Weathered Teak Grooved - Vintage Azek PVC Decking,TIMBERTECH,,,Parksite (6151),,,,,,,,,,,,,,,,,,,,,,,,,,,,,,,,,,,,,,,,,,,,,,,,,,,,,,,,,,,,,,,,,,,,,,,,,,,,,,,,,,,,,,,,,,,,,,,,,,,,,,,,,,,,,,,,,,,,,,,,,,,,,,,,,,,,,,,,,,,,,,,,,,,,,,,,,,,,,,,,,,,,,,,,,,,,,,,,,,,,,,,,,,,,,,,,,,,,,,,,,,,,,,,,,,,,,,,,,,,,,,,,,,,,,,,,,,,
,,,,,,ADB15516AW,,,,ADB15516AW,ADB15516AW,1x6-16' American Walnut Sq Edg - Landmark Azek PVC Decking,TIMBERTECH,,,Parksite (6151),,,,,,,,,,,,,,,,,,,,,,,,,,,,,,,,,,,,,,,,,,,,,,,,,,,,,,,,,,,,,,,,,,,,,,,,,,,,,,,,,,,,,,,,,,,,,,,,,,,,,,,,,,,,,,,,,,,,,,,,,,,,,,,,,,,,,,,,,,,,,,,,,,,,,,,,,,,,,,,,,,,,,,,,,,,,,,,,,,,,,,,,,,,,,,,,,,,,,,,,,,,,,,,,,,,,,,,,,,,,,,,,,,,,,,,,,,,
,,,,,,ADB15520AW,,,,ADB15520AW,ADB15520AW,1x6-20' American Walnut Sq Edg - Landmark Azek PVC Decking,TIMBERTECH,,,Parksite (6151),,,,,,,,,,,,,,,,,,,,,,,,,,,,,,,,,,,,,,,,,,,,,,,,,,,,,,,,,,,,,,,,,,,,,,,,,,,,,,,,,,,,,,,,,,,,,,,,,,,,,,,,,,,,,,,,,,,,,,,,,,,,,,,,,,,,,,,,,,,,,,,,,,,,,,,,,,,,,,,,,,,,,,,,,,,,,,,,,,,,,,,,,,,,,,,,,,,,,,,,,,,,,,,,,,,,,,,,,,,,,,,,,,,,,,,,,,,
,,,,,,ADB15516CG,,,,ADB15516CG,ADB15516CG,1x6-16' Castle Gate Sq Edge - Landmark Azek PVC Decking,TIMBERTECH,,,Parksite (6151),,,,,,,,,,,,,,,,,,,,,,,,,,,,,,,,,,,,,,,,,,,,,,,,,,,,,,,,,,,,,,,,,,,,,,,,,,,,,,,,,,,,,,,,,,,,,,,,,,,,,,,,,,,,,,,,,,,,,,,,,,,,,,,,,,,,,,,,,,,,,,,,,,,,,,,,,,,,,,,,,,,,,,,,,,,,,,,,,,,,,,,,,,,,,,,,,,,,,,,,,,,,,,,,,,,,,,,,,,,,,,,,,,,,,,,,,,,
,,,,,,ADB15520CG,,,,ADB15520CG,ADB15520CG,1x6-20' Castle Gate Sq Edge - Landmark Azek PVC Decking,TIMBERTECH,,,Parksite (6151),,,,,,,,,,,,,,,,,,,,,,,,,,,,,,,,,,,,,,,,,,,,,,,,,,,,,,,,,,,,,,,,,,,,,,,,,,,,,,,,,,,,,,,,,,,,,,,,,,,,,,,,,,,,,,,,,,,,,,,,,,,,,,,,,,,,,,,,,,,,,,,,,,,,,,,,,,,,,,,,,,,,,,,,,,,,,,,,,,,,,,,,,,,,,,,,,,,,,,,,,,,,,,,,,,,,,,,,,,,,,,,,,,,,,,,,,,,
,,,,,,ADB15516FW,,,,ADB15516FW,ADB15516FW,1x6-16' French White Oak Sq Ed - Landmark Azek PVC Decking,TIMBERTECH,,,Parksite (6151),,,,,,,,,,,,,,,,,,,,,,,,,,,,,,,,,,,,,,,,,,,,,,,,,,,,,,,,,,,,,,,,,,,,,,,,,,,,,,,,,,,,,,,,,,,,,,,,,,,,,,,,,,,,,,,,,,,,,,,,,,,,,,,,,,,,,,,,,,,,,,,,,,,,,,,,,,,,,,,,,,,,,,,,,,,,,,,,,,,,,,,,,,,,,,,,,,,,,,,,,,,,,,,,,,,,,,,,,,,,,,,,,,,,,,,,,,,
,,,,,,ADB15520FW,,,,ADB15520FW,ADB15520FW,1x6-20' French White Oak Sq Ed - Landmark Azek PVC Decking,TIMBERTECH,,,Parksite (6151),,,,,,,,,,,,,,,,,,,,,,,,,,,,,,,,,,,,,,,,,,,,,,,,,,,,,,,,,,,,,,,,,,,,,,,,,,,,,,,,,,,,,,,,,,,,,,,,,,,,,,,,,,,,,,,,,,,,,,,,,,,,,,,,,,,,,,,,,,,,,,,,,,,,,,,,,,,,,,,,,,,,,,,,,,,,,,,,,,,,,,,,,,,,,,,,,,,,,,,,,,,,,,,,,,,,,,,,,,,,,,,,,,,,,,,,,,,
,,,,,,AGB15512AW,,,,AGB15512AW,AGB15512AW,1x6-12' American Walnut Groove - Landmark Azek PVC Decking,TIMBERTECH,,,Parksite (6151),,,,,,,,,,,,,,,,,,,,,,,,,,,,,,,,,,,,,,,,,,,,,,,,,,,,,,,,,,,,,,,,,,,,,,,,,,,,,,,,,,,,,,,,,,,,,,,,,,,,,,,,,,,,,,,,,,,,,,,,,,,,,,,,,,,,,,,,,,,,,,,,,,,,,,,,,,,,,,,,,,,,,,,,,,,,,,,,,,,,,,,,,,,,,,,,,,,,,,,,,,,,,,,,,,,,,,,,,,,,,,,,,,,,,,,,,,,
,,,,,,AGB15516AW,,,,AGB15516AW,AGB15516AW,1x6-16' American Walnut Groove - Landmark Azek PVC Decking,TIMBERTECH,,,Parksite (6151),,,,,,,,,,,,,,,,,,,,,,,,,,,,,,,,,,,,,,,,,,,,,,,,,,,,,,,,,,,,,,,,,,,,,,,,,,,,,,,,,,,,,,,,,,,,,,,,,,,,,,,,,,,,,,,,,,,,,,,,,,,,,,,,,,,,,,,,,,,,,,,,,,,,,,,,,,,,,,,,,,,,,,,,,,,,,,,,,,,,,,,,,,,,,,,,,,,,,,,,,,,,,,,,,,,,,,,,,,,,,,,,,,,,,,,,,,,
,,,,,,AGB15520AW,,,,AGB15520AW,AGB15520AW,1x6-20' American Walnut Groove - Landmark Azek PVC Decking,TIMBERTECH,,,Parksite (6151),,,,,,,,,,,,,,,,,,,,,,,,,,,,,,,,,,,,,,,,,,,,,,,,,,,,,,,,,,,,,,,,,,,,,,,,,,,,,,,,,,,,,,,,,,,,,,,,,,,,,,,,,,,,,,,,,,,,,,,,,,,,,,,,,,,,,,,,,,,,,,,,,,,,,,,,,,,,,,,,,,,,,,,,,,,,,,,,,,,,,,,,,,,,,,,,,,,,,,,,,,,,,,,,,,,,,,,,,,,,,,,,,,,,,,,,,,,
,,,,,,AGB15512CG,,,,AGB15512CG,AGB15512CG,1x6-12' Castle Gate Grooved - Landmark Azek PVC Decking,TIMBERTECH,,,Parksite (6151),,,,,,,,,,,,,,,,,,,,,,,,,,,,,,,,,,,,,,,,,,,,,,,,,,,,,,,,,,,,,,,,,,,,,,,,,,,,,,,,,,,,,,,,,,,,,,,,,,,,,,,,,,,,,,,,,,,,,,,,,,,,,,,,,,,,,,,,,,,,,,,,,,,,,,,,,,,,,,,,,,,,,,,,,,,,,,,,,,,,,,,,,,,,,,,,,,,,,,,,,,,,,,,,,,,,,,,,,,,,,,,,,,,,,,,,,,,
,,,,,,AGB15516CG,,,,AGB15516CG,AGB15516CG,1x6-16' Castle Gate Grooved - Landmark Azek PVC Decking,TIMBERTECH,,,Parksite (6151),,,,,,,,,,,,,,,,,,,,,,,,,,,,,,,,,,,,,,,,,,,,,,,,,,,,,,,,,,,,,,,,,,,,,,,,,,,,,,,,,,,,,,,,,,,,,,,,,,,,,,,,,,,,,,,,,,,,,,,,,,,,,,,,,,,,,,,,,,,,,,,,,,,,,,,,,,,,,,,,,,,,,,,,,,,,,,,,,,,,,,,,,,,,,,,,,,,,,,,,,,,,,,,,,,,,,,,,,,,,,,,,,,,,,,,,,,,
,,,,,,AGB15520CG,,,,AGB15520CG,AGB15520CG,1x6-20' Castle Gate Grooved - Landmark Azek PVC Decking,TIMBERTECH,,,Parksite (6151),,,,,,,,,,,,,,,,,,,,,,,,,,,,,,,,,,,,,,,,,,,,,,,,,,,,,,,,,,,,,,,,,,,,,,,,,,,,,,,,,,,,,,,,,,,,,,,,,,,,,,,,,,,,,,,,,,,,,,,,,,,,,,,,,,,,,,,,,,,,,,,,,,,,,,,,,,,,,,,,,,,,,,,,,,,,,,,,,,,,,,,,,,,,,,,,,,,,,,,,,,,,,,,,,,,,,,,,,,,,,,,,,,,,,,,,,,,
,,,,,,AGB15512FW,,,,AGB15512FW,AGB15512FW,1x6-12' French White Oak Groov - Landmark Azek PVC Decking,TIMBERTECH,,,Parksite (6151),,,,,,,,,,,,,,,,,,,,,,,,,,,,,,,,,,,,,,,,,,,,,,,,,,,,,,,,,,,,,,,,,,,,,,,,,,,,,,,,,,,,,,,,,,,,,,,,,,,,,,,,,,,,,,,,,,,,,,,,,,,,,,,,,,,,,,,,,,,,,,,,,,,,,,,,,,,,,,,,,,,,,,,,,,,,,,,,,,,,,,,,,,,,,,,,,,,,,,,,,,,,,,,,,,,,,,,,,,,,,,,,,,,,,,,,,,,
,,,,,,AGB15516FW,,,,AGB15516FW,AGB15516FW,1x6-16' French White Oak Groov - Landmark Azek PVC Decking,TIMBERTECH,,,Parksite (6151),,,,,,,,,,,,,,,,,,,,,,,,,,,,,,,,,,,,,,,,,,,,,,,,,,,,,,,,,,,,,,,,,,,,,,,,,,,,,,,,,,,,,,,,,,,,,,,,,,,,,,,,,,,,,,,,,,,,,,,,,,,,,,,,,,,,,,,,,,,,,,,,,,,,,,,,,,,,,,,,,,,,,,,,,,,,,,,,,,,,,,,,,,,,,,,,,,,,,,,,,,,,,,,,,,,,,,,,,,,,,,,,,,,,,,,,,,,
,,,,,,AGB15520FW,,,,AGB15520FW,AGB15520FW,1x6-20' French White Oak Groov - Landmark Azek PVC Decking,TIMBERTECH,,,Parksite (6151),,,,,,,,,,,,,,,,,,,,,,,,,,,,,,,,,,,,,,,,,,,,,,,,,,,,,,,,,,,,,,,,,,,,,,,,,,,,,,,,,,,,,,,,,,,,,,,,,,,,,,,,,,,,,,,,,,,,,,,,,,,,,,,,,,,,,,,,,,,,,,,,,,,,,,,,,,,,,,,,,,,,,,,,,,,,,,,,,,,,,,,,,,,,,,,,,,,,,,,,,,,,,,,,,,,,,,,,,,,,,,,,,,,,,,,,,,,
,,,,,,ADCB15516BS,,,,ADCB15516BS,ADCB15516BS,1x6-16' Brownstone Sq Edge - Harvest Azek PVC Decking,TIMBERTECH,,,Parksite (6151),,,,,,,,,,,,,,,,,,,,,,,,,,,,,,,,,,,,,,,,,,,,,,,,,,,,,,,,,,,,,,,,,,,,,,,,,,,,,,,,,,,,,,,,,,,,,,,,,,,,,,,,,,,,,,,,,,,,,,,,,,,,,,,,,,,,,,,,,,,,,,,,,,,,,,,,,,,,,,,,,,,,,,,,,,,,,,,,,,,,,,,,,,,,,,,,,,,,,,,,,,,,,,,,,,,,,,,,,,,,,,,,,,,,,,,,,,,
,,,,,,ADCB15520BS,,,,ADCB15520BS,ADCB15520BS,1x6-20' Brownstone Sq Edge - Harvest Azek PVC Decking,TIMBERTECH,,,Parksite (6151),,,,,,,,,,,,,,,,,,,,,,,,,,,,,,,,,,,,,,,,,,,,,,,,,,,,,,,,,,,,,,,,,,,,,,,,,,,,,,,,,,,,,,,,,,,,,,,,,,,,,,,,,,,,,,,,,,,,,,,,,,,,,,,,,,,,,,,,,,,,,,,,,,,,,,,,,,,,,,,,,,,,,,,,,,,,,,,,,,,,,,,,,,,,,,,,,,,,,,,,,,,,,,,,,,,,,,,,,,,,,,,,,,,,,,,,,,,
,,,,,,ADCB15516SG,,,,ADCB15516SG,ADCB15516SG,1x6-16' Slate Gray Sq Edge - Harvest Azek PVC Decking,TIMBERTECH,,,Parksite (6151),,,,,,,,,,,,,,,,,,,,,,,,,,,,,,,,,,,,,,,,,,,,,,,,,,,,,,,,,,,,,,,,,,,,,,,,,,,,,,,,,,,,,,,,,,,,,,,,,,,,,,,,,,,,,,,,,,,,,,,,,,,,,,,,,,,,,,,,,,,,,,,,,,,,,,,,,,,,,,,,,,,,,,,,,,,,,,,,,,,,,,,,,,,,,,,,,,,,,,,,,,,,,,,,,,,,,,,,,,,,,,,,,,,,,,,,,,,
,,,,,,ADCB15520SG,,,,ADCB15520SG,ADCB15520SG,1x6-20' Slate Gray Sq Edge - Harvest Azek PVC Decking,TIMBERTECH,,,Parksite (6151),,,,,,,,,,,,,,,,,,,,,,,,,,,,,,,,,,,,,,,,,,,,,,,,,,,,,,,,,,,,,,,,,,,,,,,,,,,,,,,,,,,,,,,,,,,,,,,,,,,,,,,,,,,,,,,,,,,,,,,,,,,,,,,,,,,,,,,,,,,,,,,,,,,,,,,,,,,,,,,,,,,,,,,,,,,,,,,,,,,,,,,,,,,,,,,,,,,,,,,,,,,,,,,,,,,,,,,,,,,,,,,,,,,,,,,,,,,
,,,,,,AGB15512BS,,,,AGB15512BS,AGB15512BS,1x6-12' Brownstone Grooved - Harvest Azek PVC Decking,TIMBERTECH,,,Parksite (6151),,,,,,,,,,,,,,,,,,,,,,,,,,,,,,,,,,,,,,,,,,,,,,,,,,,,,,,,,,,,,,,,,,,,,,,,,,,,,,,,,,,,,,,,,,,,,,,,,,,,,,,,,,,,,,,,,,,,,,,,,,,,,,,,,,,,,,,,,,,,,,,,,,,,,,,,,,,,,,,,,,,,,,,,,,,,,,,,,,,,,,,,,,,,,,,,,,,,,,,,,,,,,,,,,,,,,,,,,,,,,,,,,,,,,,,,,,,
,,,,,,AGB15516BS,,,,AGB15516BS,AGB15516BS,1x6-16' Brownstone Grooved - Harvest Azek PVC Decking,TIMBERTECH,,,Parksite (6151),,,,,,,,,,,,,,,,,,,,,,,,,,,,,,,,,,,,,,,,,,,,,,,,,,,,,,,,,,,,,,,,,,,,,,,,,,,,,,,,,,,,,,,,,,,,,,,,,,,,,,,,,,,,,,,,,,,,,,,,,,,,,,,,,,,,,,,,,,,,,,,,,,,,,,,,,,,,,,,,,,,,,,,,,,,,,,,,,,,,,,,,,,,,,,,,,,,,,,,,,,,,,,,,,,,,,,,,,,,,,,,,,,,,,,,,,,,
,,,,,,AGB15520BS,,,,AGB15520BS,AGB15520BS,1x6-20' Brownstone Grooved - Harvest Azek PVC Decking,TIMBERTECH,,,Parksite (6151),,,,,,,,,,,,,,,,,,,,,,,,,,,,,,,,,,,,,,,,,,,,,,,,,,,,,,,,,,,,,,,,,,,,,,,,,,,,,,,,,,,,,,,,,,,,,,,,,,,,,,,,,,,,,,,,,,,,,,,,,,,,,,,,,,,,,,,,,,,,,,,,,,,,,,,,,,,,,,,,,,,,,,,,,,,,,,,,,,,,,,,,,,,,,,,,,,,,,,,,,,,,,,,,,,,,,,,,,,,,,,,,,,,,,,,,,,,
,,,,,,AGB15512SG,,,,AGB15512SG,AGB15512SG,1x6-12' Slate Gray Grooved - Harvest Azek PVC Decking,TIMBERTECH,,,Parksite (6151),,,,,,,,,,,,,,,,,,,,,,,,,,,,,,,,,,,,,,,,,,,,,,,,,,,,,,,,,,,,,,,,,,,,,,,,,,,,,,,,,,,,,,,,,,,,,,,,,,,,,,,,,,,,,,,,,,,,,,,,,,,,,,,,,,,,,,,,,,,,,,,,,,,,,,,,,,,,,,,,,,,,,,,,,,,,,,,,,,,,,,,,,,,,,,,,,,,,,,,,,,,,,,,,,,,,,,,,,,,,,,,,,,,,,,,,,,,
,,,,,,AGB15516SG,,,,AGB15516SG,AGB15516SG,1x6-16' Slate Gray Grooved - Harvest Azek PVC Decking,TIMBERTECH,,,Parksite (6151),,,,,,,,,,,,,,,,,,,,,,,,,,,,,,,,,,,,,,,,,,,,,,,,,,,,,,,,,,,,,,,,,,,,,,,,,,,,,,,,,,,,,,,,,,,,,,,,,,,,,,,,,,,,,,,,,,,,,,,,,,,,,,,,,,,,,,,,,,,,,,,,,,,,,,,,,,,,,,,,,,,,,,,,,,,,,,,,,,,,,,,,,,,,,,,,,,,,,,,,,,,,,,,,,,,,,,,,,,,,,,,,,,,,,,,,,,,
,,,,,,AGB15520SG,,,,AGB15520SG,AGB15520SG,1x6-20' Slate Gray Grooved - Harvest Azek PVC Decking,TIMBERTECH,,,Parksite (6151),,,,,,,,,,,,,,,,,,,,,,,,,,,,,,,,,,,,,,,,,,,,,,,,,,,,,,,,,,,,,,,,,,,,,,,,,,,,,,,,,,,,,,,,,,,,,,,,,,,,,,,,,,,,,,,,,,,,,,,,,,,,,,,,,,,,,,,,,,,,,,,,,,,,,,,,,,,,,,,,,,,,,,,,,,,,,,,,,,,,,,,,,,,,,,,,,,,,,,,,,,,,,,,,,,,,,,,,,,,,,,,,,,,,,,,,,,,
,,,,,,543140016,,,,543140016,543140016,1nx6-16' Biscayne Sq Edge - Trex Transcend Lineage Decking,TREX,,,U S Lumber (3073),,,,,,,,,,,,,,,,,,,,,,,,,,,,,,,,,,,,,,,,,,,,,,,,,,,,,,,,,,,,,,,,,,,,,,,,,,,,,,,,,,,,,,,,,,,,,,,,,,,,,,,,,,,,,,,,,,,,,,,,,,,,,,,,,,,,,,,,,,,,,,,,,,,,,,,,,,,,,,,,,,,,,,,,,,,,,,,,,,,,,,,,,,,,,,,,,,,,,,,,,,,,,,,,,,,,,,,,,,,,,,,,,,,,,,,,,,,
,,,,,,543140020,,,,543140020,543140020,1nx6-20' Biscayne Sq Edge - Trex Transcend Lineage Decking,TREX,,,U S Lumber (3073),,,,,,,,,,,,,,,,,,,,,,,,,,,,,,,,,,,,,,,,,,,,,,,,,,,,,,,,,,,,,,,,,,,,,,,,,,,,,,,,,,,,,,,,,,,,,,,,,,,,,,,,,,,,,,,,,,,,,,,,,,,,,,,,,,,,,,,,,,,,,,,,,,,,,,,,,,,,,,,,,,,,,,,,,,,,,,,,,,,,,,,,,,,,,,,,,,,,,,,,,,,,,,,,,,,,,,,,,,,,,,,,,,,,,,,,,,,
,,,,,,543142016,,,,543142016,543142016,1nx6-16' Carmel Sq Edge - Trex Transcend Lineage Decking,TREX,,,U S Lumber (3073),,,,,,,,,,,,,,,,,,,,,,,,,,,,,,,,,,,,,,,,,,,,,,,,,,,,,,,,,,,,,,,,,,,,,,,,,,,,,,,,,,,,,,,,,,,,,,,,,,,,,,,,,,,,,,,,,,,,,,,,,,,,,,,,,,,,,,,,,,,,,,,,,,,,,,,,,,,,,,,,,,,,,,,,,,,,,,,,,,,,,,,,,,,,,,,,,,,,,,,,,,,,,,,,,,,,,,,,,,,,,,,,,,,,,,,,,,,
,,,,,,543142020,,,,543142020,543142020,1nx6-20' Carmel Sq Edge - Trex Transcend Lineage Decking,TREX,,,U S Lumber (3073),,,,,,,,,,,,,,,,,,,,,,,,,,,,,,,,,,,,,,,,,,,,,,,,,,,,,,,,,,,,,,,,,,,,,,,,,,,,,,,,,,,,,,,,,,,,,,,,,,,,,,,,,,,,,,,,,,,,,,,,,,,,,,,,,,,,,,,,,,,,,,,,,,,,,,,,,,,,,,,,,,,,,,,,,,,,,,,,,,,,,,,,,,,,,,,,,,,,,,,,,,,,,,,,,,,,,,,,,,,,,,,,,,,,,,,,,,,
,,,,,,543144016,,,,543144016,543144016,1nx6-16' Island Mist Sq Edge - Trex Transcend Lineage Decking,TREX,,,U S Lumber (3073),,,,,,,,,,,,,,,,,,,,,,,,,,,,,,,,,,,,,,,,,,,,,,,,,,,,,,,,,,,,,,,,,,,,,,,,,,,,,,,,,,,,,,,,,,,,,,,,,,,,,,,,,,,,,,,,,,,,,,,,,,,,,,,,,,,,,,,,,,,,,,,,,,,,,,,,,,,,,,,,,,,,,,,,,,,,,,,,,,,,,,,,,,,,,,,,,,,,,,,,,,,,,,,,,,,,,,,,,,,,,,,,,,,,,,,,,,,
,,,,,,543144020,,,,543144020,543144020,1nx6-20' Island Mist Sq Edge - Trex Transcend Lineage Decking,TREX,,,U S Lumber (3073),,,,,,,,,,,,,,,,,,,,,,,,,,,,,,,,,,,,,,,,,,,,,,,,,,,,,,,,,,,,,,,,,,,,,,,,,,,,,,,,,,,,,,,,,,,,,,,,,,,,,,,,,,,,,,,,,,,,,,,,,,,,,,,,,,,,,,,,,,,,,,,,,,,,,,,,,,,,,,,,,,,,,,,,,,,,,,,,,,,,,,,,,,,,,,,,,,,,,,,,,,,,,,,,,,,,,,,,,,,,,,,,,,,,,,,,,,,
,,,,,,543143016,,,,543143016,543143016,1nx6-16' Jasper Sq Edge - Trex Transcend Lineage Decking,TREX,,,U S Lumber (3073),,,,,,,,,,,,,,,,,,,,,,,,,,,,,,,,,,,,,,,,,,,,,,,,,,,,,,,,,,,,,,,,,,,,,,,,,,,,,,,,,,,,,,,,,,,,,,,,,,,,,,,,,,,,,,,,,,,,,,,,,,,,,,,,,,,,,,,,,,,,,,,,,,,,,,,,,,,,,,,,,,,,,,,,,,,,,,,,,,,,,,,,,,,,,,,,,,,,,,,,,,,,,,,,,,,,,,,,,,,,,,,,,,,,,,,,,,,
,,,,,,543143020,,,,543143020,543143020,1nx6-20' Jasper Sq Edge - Trex Transcend Lineage Decking,TREX,,,U S Lumber (3073),,,,,,,,,,,,,,,,,,,,,,,,,,,,,,,,,,,,,,,,,,,,,,,,,,,,,,,,,,,,,,,,,,,,,,,,,,,,,,,,,,,,,,,,,,,,,,,,,,,,,,,,,,,,,,,,,,,,,,,,,,,,,,,,,,,,,,,,,,,,,,,,,,,,,,,,,,,,,,,,,,,,,,,,,,,,,,,,,,,,,,,,,,,,,,,,,,,,,,,,,,,,,,,,,,,,,,,,,,,,,,,,,,,,,,,,,,,
,,,,,,543141016,,,,543141016,543141016,1nx6-16' Rainier Sq Edge - Trex Transcend Lineage Decking,TREX,,,U S Lumber (3073),,,,,,,,,,,,,,,,,,,,,,,,,,,,,,,,,,,,,,,,,,,,,,,,,,,,,,,,,,,,,,,,,,,,,,,,,,,,,,,,,,,,,,,,,,,,,,,,,,,,,,,,,,,,,,,,,,,,,,,,,,,,,,,,,,,,,,,,,,,,,,,,,,,,,,,,,,,,,,,,,,,,,,,,,,,,,,,,,,,,,,,,,,,,,,,,,,,,,,,,,,,,,,,,,,,,,,,,,,,,,,,,,,,,,,,,,,,
,,,,,,543141020,,,,543141020,543141020,1nx6-20' Rainier Sq Edge - Trex Transcend Lineage Decking,TREX,,,U S Lumber (3073),,,,,,,,,,,,,,,,,,,,,,,,,,,,,,,,,,,,,,,,,,,,,,,,,,,,,,,,,,,,,,,,,,,,,,,,,,,,,,,,,,,,,,,,,,,,,,,,,,,,,,,,,,,,,,,,,,,,,,,,,,,,,,,,,,,,,,,,,,,,,,,,,,,,,,,,,,,,,,,,,,,,,,,,,,,,,,,,,,,,,,,,,,,,,,,,,,,,,,,,,,,,,,,,,,,,,,,,,,,,,,,,,,,,,,,,,,,
,,,,,,543140412,,,,543140412,543140412,1nx6-12' Biscayne Grooved - Trex Transcend Lineage Decking,TREX,,,U S Lumber (3073),,,,,,,,,,,,,,,,,,,,,,,,,,,,,,,,,,,,,,,,,,,,,,,,,,,,,,,,,,,,,,,,,,,,,,,,,,,,,,,,,,,,,,,,,,,,,,,,,,,,,,,,,,,,,,,,,,,,,,,,,,,,,,,,,,,,,,,,,,,,,,,,,,,,,,,,,,,,,,,,,,,,,,,,,,,,,,,,,,,,,,,,,,,,,,,,,,,,,,,,,,,,,,,,,,,,,,,,,,,,,,,,,,,,,,,,,,,
,,,,,,543140416,,,,543140416,543140416,1nx6-16' Biscayne Grooved - Trex Transcend Lineage Decking,TREX,,,U S Lumber (3073),,,,,,,,,,,,,,,,,,,,,,,,,,,,,,,,,,,,,,,,,,,,,,,,,,,,,,,,,,,,,,,,,,,,,,,,,,,,,,,,,,,,,,,,,,,,,,,,,,,,,,,,,,,,,,,,,,,,,,,,,,,,,,,,,,,,,,,,,,,,,,,,,,,,,,,,,,,,,,,,,,,,,,,,,,,,,,,,,,,,,,,,,,,,,,,,,,,,,,,,,,,,,,,,,,,,,,,,,,,,,,,,,,,,,,,,,,,
,,,,,,543140420,,,,543140420,543140420,1nx6-20' Biscayne Grooved - Trex Transcend Lineage Decking,TREX,,,U S Lumber (3073),,,,,,,,,,,,,,,,,,,,,,,,,,,,,,,,,,,,,,,,,,,,,,,,,,,,,,,,,,,,,,,,,,,,,,,,,,,,,,,,,,,,,,,,,,,,,,,,,,,,,,,,,,,,,,,,,,,,,,,,,,,,,,,,,,,,,,,,,,,,,,,,,,,,,,,,,,,,,,,,,,,,,,,,,,,,,,,,,,,,,,,,,,,,,,,,,,,,,,,,,,,,,,,,,,,,,,,,,,,,,,,,,,,,,,,,,,,
,,,,,,543142412,,,,543142412,543142412,1nx6-12' Carmel Grooved - Trex Transcend Lineage Decking,TREX,,,U S Lumber (3073),,,,,,,,,,,,,,,,,,,,,,,,,,,,,,,,,,,,,,,,,,,,,,,,,,,,,,,,,,,,,,,,,,,,,,,,,,,,,,,,,,,,,,,,,,,,,,,,,,,,,,,,,,,,,,,,,,,,,,,,,,,,,,,,,,,,,,,,,,,,,,,,,,,,,,,,,,,,,,,,,,,,,,,,,,,,,,,,,,,,,,,,,,,,,,,,,,,,,,,,,,,,,,,,,,,,,,,,,,,,,,,,,,,,,,,,,,,
,,,,,,543142416,,,,543142416,543142416,1nx6-16' Carmel Grooved - Trex Transcend Lineage Decking,TREX,,,U S Lumber (3073),,,,,,,,,,,,,,,,,,,,,,,,,,,,,,,,,,,,,,,,,,,,,,,,,,,,,,,,,,,,,,,,,,,,,,,,,,,,,,,,,,,,,,,,,,,,,,,,,,,,,,,,,,,,,,,,,,,,,,,,,,,,,,,,,,,,,,,,,,,,,,,,,,,,,,,,,,,,,,,,,,,,,,,,,,,,,,,,,,,,,,,,,,,,,,,,,,,,,,,,,,,,,,,,,,,,,,,,,,,,,,,,,,,,,,,,,,,
,,,,,,543142420,,,,543142420,543142420,1nx6-20' Carmel Grooved - Trex Transcend Lineage Decking,TREX,,,U S Lumber (3073),,,,,,,,,,,,,,,,,,,,,,,,,,,,,,,,,,,,,,,,,,,,,,,,,,,,,,,,,,,,,,,,,,,,,,,,,,,,,,,,,,,,,,,,,,,,,,,,,,,,,,,,,,,,,,,,,,,,,,,,,,,,,,,,,,,,,,,,,,,,,,,,,,,,,,,,,,,,,,,,,,,,,,,,,,,,,,,,,,,,,,,,,,,,,,,,,,,,,,,,,,,,,,,,,,,,,,,,,,,,,,,,,,,,,,,,,,,
,,,,,,543144412,,,,543144412,543144412,1nx6-12' Island Mist Grooved - Trex Transcend Lineage Decking,TREX,,,U S Lumber (3073),,,,,,,,,,,,,,,,,,,,,,,,,,,,,,,,,,,,,,,,,,,,,,,,,,,,,,,,,,,,,,,,,,,,,,,,,,,,,,,,,,,,,,,,,,,,,,,,,,,,,,,,,,,,,,,,,,,,,,,,,,,,,,,,,,,,,,,,,,,,,,,,,,,,,,,,,,,,,,,,,,,,,,,,,,,,,,,,,,,,,,,,,,,,,,,,,,,,,,,,,,,,,,,,,,,,,,,,,,,,,,,,,,,,,,,,,,,
,,,,,,543144416,,,,543144416,543144416,1nx6-16' Island Mist Grooved - Trex Transcend Lineage Decking,TREX,,,U S Lumber (3073),,,,,,,,,,,,,,,,,,,,,,,,,,,,,,,,,,,,,,,,,,,,,,,,,,,,,,,,,,,,,,,,,,,,,,,,,,,,,,,,,,,,,,,,,,,,,,,,,,,,,,,,,,,,,,,,,,,,,,,,,,,,,,,,,,,,,,,,,,,,,,,,,,,,,,,,,,,,,,,,,,,,,,,,,,,,,,,,,,,,,,,,,,,,,,,,,,,,,,,,,,,,,,,,,,,,,,,,,,,,,,,,,,,,,,,,,,,
,,,,,,543144420,,,,543144420,543144420,1nx6-20' Island Mist Grooved - Trex Transcend Lineage Decking,TREX,,,U S Lumber (3073),,,,,,,,,,,,,,,,,,,,,,,,,,,,,,,,,,,,,,,,,,,,,,,,,,,,,,,,,,,,,,,,,,,,,,,,,,,,,,,,,,,,,,,,,,,,,,,,,,,,,,,,,,,,,,,,,,,,,,,,,,,,,,,,,,,,,,,,,,,,,,,,,,,,,,,,,,,,,,,,,,,,,,,,,,,,,,,,,,,,,,,,,,,,,,,,,,,,,,,,,,,,,,,,,,,,,,,,,,,,,,,,,,,,,,,,,,,
,,,,,,543143412,,,,543143412,543143412,1nx6-12' Jasper Grooved - Trex Transcend Lineage Decking,TREX,,,U S Lumber (3073),,,,,,,,,,,,,,,,,,,,,,,,,,,,,,,,,,,,,,,,,,,,,,,,,,,,,,,,,,,,,,,,,,,,,,,,,,,,,,,,,,,,,,,,,,,,,,,,,,,,,,,,,,,,,,,,,,,,,,,,,,,,,,,,,,,,,,,,,,,,,,,,,,,,,,,,,,,,,,,,,,,,,,,,,,,,,,,,,,,,,,,,,,,,,,,,,,,,,,,,,,,,,,,,,,,,,,,,,,,,,,,,,,,,,,,,,,,
,,,,,,543143416,,,,543143416,543143416,1nx6-16' Jasper Grooved - Trex Transcend Lineage Decking,TREX,,,U S Lumber (3073),,,,,,,,,,,,,,,,,,,,,,,,,,,,,,,,,,,,,,,,,,,,,,,,,,,,,,,,,,,,,,,,,,,,,,,,,,,,,,,,,,,,,,,,,,,,,,,,,,,,,,,,,,,,,,,,,,,,,,,,,,,,,,,,,,,,,,,,,,,,,,,,,,,,,,,,,,,,,,,,,,,,,,,,,,,,,,,,,,,,,,,,,,,,,,,,,,,,,,,,,,,,,,,,,,,,,,,,,,,,,,,,,,,,,,,,,,,
,,,,,,543143420,,,,543143420,543143420,1nx6-20' Jasper Grooved - Trex Transcend Lineage Decking,TREX,,,U S Lumber (3073),,,,,,,,,,,,,,,,,,,,,,,,,,,,,,,,,,,,,,,,,,,,,,,,,,,,,,,,,,,,,,,,,,,,,,,,,,,,,,,,,,,,,,,,,,,,,,,,,,,,,,,,,,,,,,,,,,,,,,,,,,,,,,,,,,,,,,,,,,,,,,,,,,,,,,,,,,,,,,,,,,,,,,,,,,,,,,,,,,,,,,,,,,,,,,,,,,,,,,,,,,,,,,,,,,,,,,,,,,,,,,,,,,,,,,,,,,,
,,,,,,543141412,,,,543141412,543141412,1nx6-12' Rainier Grooved - Trex Transcend Lineage Decking,TREX,,,U S Lumber (3073),,,,,,,,,,,,,,,,,,,,,,,,,,,,,,,,,,,,,,,,,,,,,,,,,,,,,,,,,,,,,,,,,,,,,,,,,,,,,,,,,,,,,,,,,,,,,,,,,,,,,,,,,,,,,,,,,,,,,,,,,,,,,,,,,,,,,,,,,,,,,,,,,,,,,,,,,,,,,,,,,,,,,,,,,,,,,,,,,,,,,,,,,,,,,,,,,,,,,,,,,,,,,,,,,,,,,,,,,,,,,,,,,,,,,,,,,,,
,,,,,,543141416,,,,543141416,543141416,1nx6-16' Rainier Grooved - Trex Transcend Lineage Decking,TREX,,,U S Lumber (3073),,,,,,,,,,,,,,,,,,,,,,,,,,,,,,,,,,,,,,,,,,,,,,,,,,,,,,,,,,,,,,,,,,,,,,,,,,,,,,,,,,,,,,,,,,,,,,,,,,,,,,,,,,,,,,,,,,,,,,,,,,,,,,,,,,,,,,,,,,,,,,,,,,,,,,,,,,,,,,,,,,,,,,,,,,,,,,,,,,,,,,,,,,,,,,,,,,,,,,,,,,,,,,,,,,,,,,,,,,,,,,,,,,,,,,,,,,,
,,,,,,543141420,,,,543141420,543141420,1nx6-20' Rainier Grooved - Trex Transcend Lineage Decking,TREX,,,U S Lumber (3073),,,,,,,,,,,,,,,,,,,,,,,,,,,,,,,,,,,,,,,,,,,,,,,,,,,,,,,,,,,,,,,,,,,,,,,,,,,,,,,,,,,,,,,,,,,,,,,,,,,,,,,,,,,,,,,,,,,,,,,,,,,,,,,,,,,,,,,,,,,,,,,,,,,,,,,,,,,,,,,,,,,,,,,,,,,,,,,,,,,,,,,,,,,,,,,,,,,,,,,,,,,,,,,,,,,,,,,,,,,,,,,,,,,,,,,,,,,
,,,,,,1513703,,,,1513703,1513703,1nx6-16' Hatteras Sq Edge - Trex Transcend Lineage Decking,TREX,,,Boise Cascade Building Materials (BOICA),,,,,,,,,,,,,,,,,,,,,,,,,,,,,,,,,,,,,,,,,,,,,,,,,,,,,,,,,,,,,,,,,,,,,,,,,,,,,,,,,,,,,,,,,,,,,,,,,,,,,,,,,,,,,,,,,,,,,,,,,,,,,,,,,,,,,,,,,,,,,,,,,,,,,,,,,,,,,,,,,,,,,,,,,,,,,,,,,,,,,,,,,,,,,,,,,,,,,,,,,,,,,,,,,,,,,,,,,,,,,,,,,,,,,,,,,,,
,,,,,,1513704,,,,1513704,1513704,1nx6-20' Hatteras Sq Edge - Trex Transcend Lineage Decking,TREX,,,Boise Cascade Building Materials (BOICA),,,,,,,,,,,,,,,,,,,,,,,,,,,,,,,,,,,,,,,,,,,,,,,,,,,,,,,,,,,,,,,,,,,,,,,,,,,,,,,,,,,,,,,,,,,,,,,,,,,,,,,,,,,,,,,,,,,,,,,,,,,,,,,,,,,,,,,,,,,,,,,,,,,,,,,,,,,,,,,,,,,,,,,,,,,,,,,,,,,,,,,,,,,,,,,,,,,,,,,,,,,,,,,,,,,,,,,,,,,,,,,,,,,,,,,,,,,
,,,,,,1513705,,,,1513705,1513705,1nx6-12' Hatteras Grooved - Trex Transcend Lineage Decking,TREX,,,Boise Cascade Building Materials (BOICA),,,,,,,,,,,,,,,,,,,,,,,,,,,,,,,,,,,,,,,,,,,,,,,,,,,,,,,,,,,,,,,,,,,,,,,,,,,,,,,,,,,,,,,,,,,,,,,,,,,,,,,,,,,,,,,,,,,,,,,,,,,,,,,,,,,,,,,,,,,,,,,,,,,,,,,,,,,,,,,,,,,,,,,,,,,,,,,,,,,,,,,,,,,,,,,,,,,,,,,,,,,,,,,,,,,,,,,,,,,,,,,,,,,,,,,,,,,
,,,,,,1513706,,,,1513706,1513706,1nx6-16' Hatteras Grooved - Trex Transcend Lineage Decking,TREX,,,Boise Cascade Building Materials (BOICA),,,,,,,,,,,,,,,,,,,,,,,,,,,,,,,,,,,,,,,,,,,,,,,,,,,,,,,,,,,,,,,,,,,,,,,,,,,,,,,,,,,,,,,,,,,,,,,,,,,,,,,,,,,,,,,,,,,,,,,,,,,,,,,,,,,,,,,,,,,,,,,,,,,,,,,,,,,,,,,,,,,,,,,,,,,,,,,,,,,,,,,,,,,,,,,,,,,,,,,,,,,,,,,,,,,,,,,,,,,,,,,,,,,,,,,,,,,
,,,,,,1513707,,,,1513707,1513707,1nx6-20' Hatteras Grooved - Trex Transcend Lineage Decking,TREX,,,Boise Cascade Building Materials (BOICA),,,,,,,,,,,,,,,,,,,,,,,,,,,,,,,,,,,,,,,,,,,,,,,,,,,,,,,,,,,,,,,,,,,,,,,,,,,,,,,,,,,,,,,,,,,,,,,,,,,,,,,,,,,,,,,,,,,,,,,,,,,,,,,,,,,,,,,,,,,,,,,,,,,,,,,,,,,,,,,,,,,,,,,,,,,,,,,,,,,,,,,,,,,,,,,,,,,,,,,,,,,,,,,,,,,,,,,,,,,,,,,,,,,,,,,,,,,
,,,,,,1513708,,,,1513708,1513708,1nx6-16' Salt Flat Sq Edge - Trex Transcend Lineage Decking,TREX,,,Boise Cascade Building Materials (BOICA),,,,,,,,,,,,,,,,,,,,,,,,,,,,,,,,,,,,,,,,,,,,,,,,,,,,,,,,,,,,,,,,,,,,,,,,,,,,,,,,,,,,,,,,,,,,,,,,,,,,,,,,,,,,,,,,,,,,,,,,,,,,,,,,,,,,,,,,,,,,,,,,,,,,,,,,,,,,,,,,,,,,,,,,,,,,,,,,,,,,,,,,,,,,,,,,,,,,,,,,,,,,,,,,,,,,,,,,,,,,,,,,,,,,,,,,,,,
,,,,,,1513709,,,,1513709,1513709,1nx6-20' Salt Flat Sq Edge - Trex Transcend Lineage Decking,TREX,,,Boise Cascade Building Materials (BOICA),,,,,,,,,,,,,,,,,,,,,,,,,,,,,,,,,,,,,,,,,,,,,,,,,,,,,,,,,,,,,,,,,,,,,,,,,,,,,,,,,,,,,,,,,,,,,,,,,,,,,,,,,,,,,,,,,,,,,,,,,,,,,,,,,,,,,,,,,,,,,,,,,,,,,,,,,,,,,,,,,,,,,,,,,,,,,,,,,,,,,,,,,,,,,,,,,,,,,,,,,,,,,,,,,,,,,,,,,,,,,,,,,,,,,,,,,,,
,,,,,,1513710,,,,1513710,1513710,1nx6-12' Salt Flat Grooved - Trex Transcend Lineage Decking,TREX,,,Boise Cascade Building Materials (BOICA),,,,,,,,,,,,,,,,,,,,,,,,,,,,,,,,,,,,,,,,,,,,,,,,,,,,,,,,,,,,,,,,,,,,,,,,,,,,,,,,,,,,,,,,,,,,,,,,,,,,,,,,,,,,,,,,,,,,,,,,,,,,,,,,,,,,,,,,,,,,,,,,,,,,,,,,,,,,,,,,,,,,,,,,,,,,,,,,,,,,,,,,,,,,,,,,,,,,,,,,,,,,,,,,,,,,,,,,,,,,,,,,,,,,,,,,,,,
,,,,,,1513711,,,,1513711,1513711,1nx6-16' Salt Flat Grooved - Trex Transcend Lineage Decking,TREX,,,Boise Cascade Building Materials (BOICA),,,,,,,,,,,,,,,,,,,,,,,,,,,,,,,,,,,,,,,,,,,,,,,,,,,,,,,,,,,,,,,,,,,,,,,,,,,,,,,,,,,,,,,,,,,,,,,,,,,,,,,,,,,,,,,,,,,,,,,,,,,,,,,,,,,,,,,,,,,,,,,,,,,,,,,,,,,,,,,,,,,,,,,,,,,,,,,,,,,,,,,,,,,,,,,,,,,,,,,,,,,,,,,,,,,,,,,,,,,,,,,,,,,,,,,,,,,
,,,,,,1513712,,,,1513712,1513712,1nx6-20' Salt Flat Grooved - Trex Transcend Lineage Decking,TREX,,,Boise Cascade Building Materials (BOICA),,,,,,,,,,,,,,,,,,,,,,,,,,,,,,,,,,,,,,,,,,,,,,,,,,,,,,,,,,,,,,,,,,,,,,,,,,,,,,,,,,,,,,,,,,,,,,,,,,,,,,,,,,,,,,,,,,,,,,,,,,,,,,,,,,,,,,,,,,,,,,,,,,,,,,,,,,,,,,,,,,,,,,,,,,,,,,,,,,,,,,,,,,,,,,,,,,,,,,,,,,,,,,,,,,,,,,,,,,,,,,,,,,,,,,,,,,,
,,,,,,1513717,,,,1513717,1513717,1nx6-16' Honey Grove Sq Edge - Trex Enhance Naturals Decking,TREX,,,Boise Cascade Building Materials (BOICA),,,,,,,,,,,,,,,,,,,,,,,,,,,,,,,,,,,,,,,,,,,,,,,,,,,,,,,,,,,,,,,,,,,,,,,,,,,,,,,,,,,,,,,,,,,,,,,,,,,,,,,,,,,,,,,,,,,,,,,,,,,,,,,,,,,,,,,,,,,,,,,,,,,,,,,,,,,,,,,,,,,,,,,,,,,,,,,,,,,,,,,,,,,,,,,,,,,,,,,,,,,,,,,,,,,,,,,,,,,,,,,,,,,,,,,,,,,
,,,,,,1513718,,,,1513718,1513718,1nx6-20' Honey Grove Sq Edge - Trex Enhance Naturals Decking,TREX,,,Boise Cascade Building Materials (BOICA),,,,,,,,,,,,,,,,,,,,,,,,,,,,,,,,,,,,,,,,,,,,,,,,,,,,,,,,,,,,,,,,,,,,,,,,,,,,,,,,,,,,,,,,,,,,,,,,,,,,,,,,,,,,,,,,,,,,,,,,,,,,,,,,,,,,,,,,,,,,,,,,,,,,,,,,,,,,,,,,,,,,,,,,,,,,,,,,,,,,,,,,,,,,,,,,,,,,,,,,,,,,,,,,,,,,,,,,,,,,,,,,,,,,,,,,,,,
,,,,,,1513719,,,,1513719,1513719,1nx6-12' Honey Grove Grooved - Trex Enhance Naturals Decking,TREX,,,Boise Cascade Building Materials (BOICA),,,,,,,,,,,,,,,,,,,,,,,,,,,,,,,,,,,,,,,,,,,,,,,,,,,,,,,,,,,,,,,,,,,,,,,,,,,,,,,,,,,,,,,,,,,,,,,,,,,,,,,,,,,,,,,,,,,,,,,,,,,,,,,,,,,,,,,,,,,,,,,,,,,,,,,,,,,,,,,,,,,,,,,,,,,,,,,,,,,,,,,,,,,,,,,,,,,,,,,,,,,,,,,,,,,,,,,,,,,,,,,,,,,,,,,,,,,
,,,,,,1513720,,,,1513720,1513720,1nx6-16' Honey Grove Grooved - Trex Enhance Naturals Decking,TREX,,,Boise Cascade Building Materials (BOICA),,,,,,,,,,,,,,,,,,,,,,,,,,,,,,,,,,,,,,,,,,,,,,,,,,,,,,,,,,,,,,,,,,,,,,,,,,,,,,,,,,,,,,,,,,,,,,,,,,,,,,,,,,,,,,,,,,,,,,,,,,,,,,,,,,,,,,,,,,,,,,,,,,,,,,,,,,,,,,,,,,,,,,,,,,,,,,,,,,,,,,,,,,,,,,,,,,,,,,,,,,,,,,,,,,,,,,,,,,,,,,,,,,,,,,,,,,,
,,,,,,1513721,,,,1513721,1513721,1nx6-20' Honey Grove Grooved - Trex Enhance Naturals Decking,TREX,,,Boise Cascade Building Materials (BOICA),,,,,,,,,,,,,,,,,,,,,,,,,,,,,,,,,,,,,,,,,,,,,,,,,,,,,,,,,,,,,,,,,,,,,,,,,,,,,,,,,,,,,,,,,,,,,,,,,,,,,,,,,,,,,,,,,,,,,,,,,,,,,,,,,,,,,,,,,,,,,,,,,,,,,,,,,,,,,,,,,,,,,,,,,,,,,,,,,,,,,,,,,,,,,,,,,,,,,,,,,,,,,,,,,,,,,,,,,,,,,,,,,,,,,,,,,,,
,,,,,,1513724,,,,1513724,1513724,1nx6-16' Tide Pool Sq Edge - Trex Enhance Basics Decking,TREX,,,Boise Cascade Building Materials (BOICA),,,,,,,,,,,,,,,,,,,,,,,,,,,,,,,,,,,,,,,,,,,,,,,,,,,,,,,,,,,,,,,,,,,,,,,,,,,,,,,,,,,,,,,,,,,,,,,,,,,,,,,,,,,,,,,,,,,,,,,,,,,,,,,,,,,,,,,,,,,,,,,,,,,,,,,,,,,,,,,,,,,,,,,,,,,,,,,,,,,,,,,,,,,,,,,,,,,,,,,,,,,,,,,,,,,,,,,,,,,,,,,,,,,,,,,,,,,
,,,,,,1513725,,,,1513725,1513725,1nx6-20' Tide Pool Sq Edge - Trex Enhance Basics Decking,TREX,,,Boise Cascade Building Materials (BOICA),,,,,,,,,,,,,,,,,,,,,,,,,,,,,,,,,,,,,,,,,,,,,,,,,,,,,,,,,,,,,,,,,,,,,,,,,,,,,,,,,,,,,,,,,,,,,,,,,,,,,,,,,,,,,,,,,,,,,,,,,,,,,,,,,,,,,,,,,,,,,,,,,,,,,,,,,,,,,,,,,,,,,,,,,,,,,,,,,,,,,,,,,,,,,,,,,,,,,,,,,,,,,,,,,,,,,,,,,,,,,,,,,,,,,,,,,,,
,,,,,,1513726,,,,1513726,1513726,1nx6-12' Tide Pool Grooved - Trex Enhance Basics Decking,TREX,,,Boise Cascade Building Materials (BOICA),,,,,,,,,,,,,,,,,,,,,,,,,,,,,,,,,,,,,,,,,,,,,,,,,,,,,,,,,,,,,,,,,,,,,,,,,,,,,,,,,,,,,,,,,,,,,,,,,,,,,,,,,,,,,,,,,,,,,,,,,,,,,,,,,,,,,,,,,,,,,,,,,,,,,,,,,,,,,,,,,,,,,,,,,,,,,,,,,,,,,,,,,,,,,,,,,,,,,,,,,,,,,,,,,,,,,,,,,,,,,,,,,,,,,,,,,,,
,,,,,,1513727,,,,1513727,1513727,1nx6-16' Tide Pool Grooved - Trex Enhance Basics Decking,TREX,,,Boise Cascade Building Materials (BOICA),,,,,,,,,,,,,,,,,,,,,,,,,,,,,,,,,,,,,,,,,,,,,,,,,,,,,,,,,,,,,,,,,,,,,,,,,,,,,,,,,,,,,,,,,,,,,,,,,,,,,,,,,,,,,,,,,,,,,,,,,,,,,,,,,,,,,,,,,,,,,,,,,,,,,,,,,,,,,,,,,,,,,,,,,,,,,,,,,,,,,,,,,,,,,,,,,,,,,,,,,,,,,,,,,,,,,,,,,,,,,,,,,,,,,,,,,,,
,,,,,,1513728,,,,1513728,1513728,1nx6-20' Tide Pool Grooved - Trex Enhance Basics Decking,TREX,,,Boise Cascade Building Materials (BOICA),,,,,,,,,,,,,,,,,,,,,,,,,,,,,,,,,,,,,,,,,,,,,,,,,,,,,,,,,,,,,,,,,,,,,,,,,,,,,,,,,,,,,,,,,,,,,,,,,,,,,,,,,,,,,,,,,,,,,,,,,,,,,,,,,,,,,,,,,,,,,,,,,,,,,,,,,,,,,,,,,,,,,,,,,,,,,,,,,,,,,,,,,,,,,,,,,,,,,,,,,,,,,,,,,,,,,,,,,,,,,,,,,,,,,,,,,,,
,,,,,,543076016,,,,543076016,543076016,1nx6-16' Cinnamon Cove Sq Edge - Trex Enhance Naturals Decking,TREX,,,Boise Cascade Building Materials (BOICA),,,,,,,,,,,,,,,,,,,,,,,,,,,,,,,,,,,,,,,,,,,,,,,,,,,,,,,,,,,,,,,,,,,,,,,,,,,,,,,,,,,,,,,,,,,,,,,,,,,,,,,,,,,,,,,,,,,,,,,,,,,,,,,,,,,,,,,,,,,,,,,,,,,,,,,,,,,,,,,,,,,,,,,,,,,,,,,,,,,,,,,,,,,,,,,,,,,,,,,,,,,,,,,,,,,,,,,,,,,,,,,,,,,,,,,,,,,
,,,,,,543076020,,,,543076020,543076020,1nx6-20' Cinnamon Cove Sq Edge - Trex Enhance Naturals Decking,TREX,,,Boise Cascade Building Materials (BOICA),,,,,,,,,,,,,,,,,,,,,,,,,,,,,,,,,,,,,,,,,,,,,,,,,,,,,,,,,,,,,,,,,,,,,,,,,,,,,,,,,,,,,,,,,,,,,,,,,,,,,,,,,,,,,,,,,,,,,,,,,,,,,,,,,,,,,,,,,,,,,,,,,,,,,,,,,,,,,,,,,,,,,,,,,,,,,,,,,,,,,,,,,,,,,,,,,,,,,,,,,,,,,,,,,,,,,,,,,,,,,,,,,,,,,,,,,,,
,,,,,,543076412,,,,543076412,543076412,1nx6-12' Cinnamon Cove Grooved - Trex Enhance Naturals Decking,TREX,,,Boise Cascade Building Materials (BOICA),,,,,,,,,,,,,,,,,,,,,,,,,,,,,,,,,,,,,,,,,,,,,,,,,,,,,,,,,,,,,,,,,,,,,,,,,,,,,,,,,,,,,,,,,,,,,,,,,,,,,,,,,,,,,,,,,,,,,,,,,,,,,,,,,,,,,,,,,,,,,,,,,,,,,,,,,,,,,,,,,,,,,,,,,,,,,,,,,,,,,,,,,,,,,,,,,,,,,,,,,,,,,,,,,,,,,,,,,,,,,,,,,,,,,,,,,,,
,,,,,,543076416,,,,543076416,543076416,1nx6-16' Cinnamon Cove Grooved - Trex Enhance Naturals Decking,TREX,,,Boise Cascade Building Materials (BOICA),,,,,,,,,,,,,,,,,,,,,,,,,,,,,,,,,,,,,,,,,,,,,,,,,,,,,,,,,,,,,,,,,,,,,,,,,,,,,,,,,,,,,,,,,,,,,,,,,,,,,,,,,,,,,,,,,,,,,,,,,,,,,,,,,,,,,,,,,,,,,,,,,,,,,,,,,,,,,,,,,,,,,,,,,,,,,,,,,,,,,,,,,,,,,,,,,,,,,,,,,,,,,,,,,,,,,,,,,,,,,,,,,,,,,,,,,,,
,,,,,,543076420,,,,543076420,543076420,1nx6-20' Cinnamon Cove Grooved - Trex Enhance Naturals Decking,TREX,,,Boise Cascade Building Materials (BOICA),,,,,,,,,,,,,,,,,,,,,,,,,,,,,,,,,,,,,,,,,,,,,,,,,,,,,,,,,,,,,,,,,,,,,,,,,,,,,,,,,,,,,,,,,,,,,,,,,,,,,,,,,,,,,,,,,,,,,,,,,,,,,,,,,,,,,,,,,,,,,,,,,,,,,,,,,,,,,,,,,,,,,,,,,,,,,,,,,,,,,,,,,,,,,,,,,,,,,,,,,,,,,,,,,,,,,,,,,,,,,,,,,,,,,,,,,,,
,,,,,,1516870,,,,1516870,1516870,1nx6-16' Golden Hour Sq Edge - Trex Enhance Naturals Decking,TREX,,,Boise Cascade Building Materials (BOICA),,,,,,,,,,,,,,,,,,,,,,,,,,,,,,,,,,,,,,,,,,,,,,,,,,,,,,,,,,,,,,,,,,,,,,,,,,,,,,,,,,,,,,,,,,,,,,,,,,,,,,,,,,,,,,,,,,,,,,,,,,,,,,,,,,,,,,,,,,,,,,,,,,,,,,,,,,,,,,,,,,,,,,,,,,,,,,,,,,,,,,,,,,,,,,,,,,,,,,,,,,,,,,,,,,,,,,,,,,,,,,,,,,,,,,,,,,,
,,,,,,1516871,,,,1516871,1516871,1nx6-20' Golden Hour Sq Edge - Trex Enhance Naturals Decking,TREX,,,Boise Cascade Building Materials (BOICA),,,,,,,,,,,,,,,,,,,,,,,,,,,,,,,,,,,,,,,,,,,,,,,,,,,,,,,,,,,,,,,,,,,,,,,,,,,,,,,,,,,,,,,,,,,,,,,,,,,,,,,,,,,,,,,,,,,,,,,,,,,,,,,,,,,,,,,,,,,,,,,,,,,,,,,,,,,,,,,,,,,,,,,,,,,,,,,,,,,,,,,,,,,,,,,,,,,,,,,,,,,,,,,,,,,,,,,,,,,,,,,,,,,,,,,,,,,
,,,,,,1516872,,,,1516872,1516872,1nx6-12' Golden Hour Grooved - Trex Enhance Naturals Decking,TREX,,,Boise Cascade Building Materials (BOICA),,,,,,,,,,,,,,,,,,,,,,,,,,,,,,,,,,,,,,,,,,,,,,,,,,,,,,,,,,,,,,,,,,,,,,,,,,,,,,,,,,,,,,,,,,,,,,,,,,,,,,,,,,,,,,,,,,,,,,,,,,,,,,,,,,,,,,,,,,,,,,,,,,,,,,,,,,,,,,,,,,,,,,,,,,,,,,,,,,,,,,,,,,,,,,,,,,,,,,,,,,,,,,,,,,,,,,,,,,,,,,,,,,,,,,,,,,,
,,,,,,1516873,,,,1516873,1516873,1nx6-16' Golden Hour Grooved - Trex Enhance Naturals Decking,TREX,,,Boise Cascade Building Materials (BOICA),,,,,,,,,,,,,,,,,,,,,,,,,,,,,,,,,,,,,,,,,,,,,,,,,,,,,,,,,,,,,,,,,,,,,,,,,,,,,,,,,,,,,,,,,,,,,,,,,,,,,,,,,,,,,,,,,,,,,,,,,,,,,,,,,,,,,,,,,,,,,,,,,,,,,,,,,,,,,,,,,,,,,,,,,,,,,,,,,,,,,,,,,,,,,,,,,,,,,,,,,,,,,,,,,,,,,,,,,,,,,,,,,,,,,,,,,,,
,,,,,,1516874,,,,1516874,1516874,1nx6-20' Golden Hour Grooved - Trex Enhance Naturals Decking,TREX,,,Boise Cascade Building Materials (BOICA),,,,,,,,,,,,,,,,,,,,,,,,,,,,,,,,,,,,,,,,,,,,,,,,,,,,,,,,,,,,,,,,,,,,,,,,,,,,,,,,,,,,,,,,,,,,,,,,,,,,,,,,,,,,,,,,,,,,,,,,,,,,,,,,,,,,,,,,,,,,,,,,,,,,,,,,,,,,,,,,,,,,,,,,,,,,,,,,,,,,,,,,,,,,,,,,,,,,,,,,,,,,,,,,,,,,,,,,,,,,,,,,,,,,,,,,,,,
,,,,,,1516879,,,,1516879,1516879,1nx6-16' Pebble Beach Sq Edge - Trex Enhance Basics Decking,TREX,,,Boise Cascade Building Materials (BOICA),,,,,,,,,,,,,,,,,,,,,,,,,,,,,,,,,,,,,,,,,,,,,,,,,,,,,,,,,,,,,,,,,,,,,,,,,,,,,,,,,,,,,,,,,,,,,,,,,,,,,,,,,,,,,,,,,,,,,,,,,,,,,,,,,,,,,,,,,,,,,,,,,,,,,,,,,,,,,,,,,,,,,,,,,,,,,,,,,,,,,,,,,,,,,,,,,,,,,,,,,,,,,,,,,,,,,,,,,,,,,,,,,,,,,,,,,,,
,,,,,,1516880,,,,1516880,1516880,1nx6-20' Pebble Beach Sq Edge - Trex Enhance Basics Decking,TREX,,,Boise Cascade Building Materials (BOICA),,,,,,,,,,,,,,,,,,,,,,,,,,,,,,,,,,,,,,,,,,,,,,,,,,,,,,,,,,,,,,,,,,,,,,,,,,,,,,,,,,,,,,,,,,,,,,,,,,,,,,,,,,,,,,,,,,,,,,,,,,,,,,,,,,,,,,,,,,,,,,,,,,,,,,,,,,,,,,,,,,,,,,,,,,,,,,,,,,,,,,,,,,,,,,,,,,,,,,,,,,,,,,,,,,,,,,,,,,,,,,,,,,,,,,,,,,,
,,,,,,1516881,,,,1516881,1516881,1nx6-12' Pebble Beach Grooved - Trex Enhance Basics Decking,TREX,,,Boise Cascade Building Materials (BOICA),,,,,,,,,,,,,,,,,,,,,,,,,,,,,,,,,,,,,,,,,,,,,,,,,,,,,,,,,,,,,,,,,,,,,,,,,,,,,,,,,,,,,,,,,,,,,,,,,,,,,,,,,,,,,,,,,,,,,,,,,,,,,,,,,,,,,,,,,,,,,,,,,,,,,,,,,,,,,,,,,,,,,,,,,,,,,,,,,,,,,,,,,,,,,,,,,,,,,,,,,,,,,,,,,,,,,,,,,,,,,,,,,,,,,,,,,,,
,,,,,,1516882,,,,1516882,1516882,1nx6-16' Pebble Beach Grooved - Trex Enhance Basics Decking,TREX,,,Boise Cascade Building Materials (BOICA),,,,,,,,,,,,,,,,,,,,,,,,,,,,,,,,,,,,,,,,,,,,,,,,,,,,,,,,,,,,,,,,,,,,,,,,,,,,,,,,,,,,,,,,,,,,,,,,,,,,,,,,,,,,,,,,,,,,,,,,,,,,,,,,,,,,,,,,,,,,,,,,,,,,,,,,,,,,,,,,,,,,,,,,,,,,,,,,,,,,,,,,,,,,,,,,,,,,,,,,,,,,,,,,,,,,,,,,,,,,,,,,,,,,,,,,,,,
,,,,,,1516883,,,,1516883,1516883,1nx6-20' Pebble Beach Grooved - Trex Enhance Basics Decking,TREX,,,Boise Cascade Building Materials (BOICA),,,,,,,,,,,,,,,,,,,,,,,,,,,,,,,,,,,,,,,,,,,,,,,,,,,,,,,,,,,,,,,,,,,,,,,,,,,,,,,,,,,,,,,,,,,,,,,,,,,,,,,,,,,,,,,,,,,,,,,,,,,,,,,,,,,,,,,,,,,,,,,,,,,,,,,,,,,,,,,,,,,,,,,,,,,,,,,,,,,,,,,,,,,,,,,,,,,,,,,,,,,,,,,,,,,,,,,,,,,,,,,,,,,,,,,,,,,
,,,,,,543005016,,,,543005016,543005016,7/8nx6-16' Malted Barley Sq Edge - Trex Select 2.0 Decking,TREX,,,Boise Cascade Building Materials (BOICA),,,,,,,,,,,,,,,,,,,,,,,,,,,,,,,,,,,,,,,,,,,,,,,,,,,,,,,,,,,,,,,,,,,,,,,,,,,,,,,,,,,,,,,,,,,,,,,,,,,,,,,,,,,,,,,,,,,,,,,,,,,,,,,,,,,,,,,,,,,,,,,,,,,,,,,,,,,,,,,,,,,,,,,,,,,,,,,,,,,,,,,,,,,,,,,,,,,,,,,,,,,,,,,,,,,,,,,,,,,,,,,,,,,,,,,,,,,
,,,,,,543005020,,,,543005020,543005020,7/8nx6-20' Malted Barley Sq Edge - Trex Select 2.0 Decking,TREX,,,Boise Cascade Building Materials (BOICA),,,,,,,,,,,,,,,,,,,,,,,,,,,,,,,,,,,,,,,,,,,,,,,,,,,,,,,,,,,,,,,,,,,,,,,,,,,,,,,,,,,,,,,,,,,,,,,,,,,,,,,,,,,,,,,,,,,,,,,,,,,,,,,,,,,,,,,,,,,,,,,,,,,,,,,,,,,,,,,,,,,,,,,,,,,,,,,,,,,,,,,,,,,,,,,,,,,,,,,,,,,,,,,,,,,,,,,,,,,,,,,,,,,,,,,,,,,
,,,,,,543005412,,,,543005412,543005412,7/8nx6-12' Malted Barley Grooved - Trex Select 2.0 Decking,TREX,,,Boise Cascade Building Materials (BOICA),,,,,,,,,,,,,,,,,,,,,,,,,,,,,,,,,,,,,,,,,,,,,,,,,,,,,,,,,,,,,,,,,,,,,,,,,,,,,,,,,,,,,,,,,,,,,,,,,,,,,,,,,,,,,,,,,,,,,,,,,,,,,,,,,,,,,,,,,,,,,,,,,,,,,,,,,,,,,,,,,,,,,,,,,,,,,,,,,,,,,,,,,,,,,,,,,,,,,,,,,,,,,,,,,,,,,,,,,,,,,,,,,,,,,,,,,,,
,,,,,,543005416,,,,543005416,543005416,7/8nx6-16' Malted Barley Grooved - Trex Select 2.0 Decking,TREX,,,Boise Cascade Building Materials (BOICA),,,,,,,,,,,,,,,,,,,,,,,,,,,,,,,,,,,,,,,,,,,,,,,,,,,,,,,,,,,,,,,,,,,,,,,,,,,,,,,,,,,,,,,,,,,,,,,,,,,,,,,,,,,,,,,,,,,,,,,,,,,,,,,,,,,,,,,,,,,,,,,,,,,,,,,,,,,,,,,,,,,,,,,,,,,,,,,,,,,,,,,,,,,,,,,,,,,,,,,,,,,,,,,,,,,,,,,,,,,,,,,,,,,,,,,,,,,
,,,,,,543005420,,,,543005420,543005420,7/8nx6-20' Malted Barley Grooved - Trex Select 2.0 Decking,TREX,,,Boise Cascade Building Materials (BOICA),,,,,,,,,,,,,,,,,,,,,,,,,,,,,,,,,,,,,,,,,,,,,,,,,,,,,,,,,,,,,,,,,,,,,,,,,,,,,,,,,,,,,,,,,,,,,,,,,,,,,,,,,,,,,,,,,,,,,,,,,,,,,,,,,,,,,,,,,,,,,,,,,,,,,,,,,,,,,,,,,,,,,,,,,,,,,,,,,,,,,,,,,,,,,,,,,,,,,,,,,,,,,,,,,,,,,,,,,,,,,,,,,,,,,,,,,,,
,,,,,,1516891,,,,1516891,1516891,7/8nx6-16' Millstone Sq Edge - Trex Select 2.0 Decking,TREX,,,Boise Cascade Building Materials (BOICA),,,,,,,,,,,,,,,,,,,,,,,,,,,,,,,,,,,,,,,,,,,,,,,,,,,,,,,,,,,,,,,,,,,,,,,,,,,,,,,,,,,,,,,,,,,,,,,,,,,,,,,,,,,,,,,,,,,,,,,,,,,,,,,,,,,,,,,,,,,,,,,,,,,,,,,,,,,,,,,,,,,,,,,,,,,,,,,,,,,,,,,,,,,,,,,,,,,,,,,,,,,,,,,,,,,,,,,,,,,,,,,,,,,,,,,,,,,
,,,,,,1516892,,,,1516892,1516892,7/8nx6-20' Millstone Sq Edge -Trex Select 2.0 Decking,TREX,,,Boise Cascade Building Materials (BOICA),,,,,,,,,,,,,,,,,,,,,,,,,,,,,,,,,,,,,,,,,,,,,,,,,,,,,,,,,,,,,,,,,,,,,,,,,,,,,,,,,,,,,,,,,,,,,,,,,,,,,,,,,,,,,,,,,,,,,,,,,,,,,,,,,,,,,,,,,,,,,,,,,,,,,,,,,,,,,,,,,,,,,,,,,,,,,,,,,,,,,,,,,,,,,,,,,,,,,,,,,,,,,,,,,,,,,,,,,,,,,,,,,,,,,,,,,,,
,,,,,,1516893,,,,1516893,1516893,7/8nx6-12' Millstone Grooved - Trex Select 2.0 Decking,TREX,,,Boise Cascade Building Materials (BOICA),,,,,,,,,,,,,,,,,,,,,,,,,,,,,,,,,,,,,,,,,,,,,,,,,,,,,,,,,,,,,,,,,,,,,,,,,,,,,,,,,,,,,,,,,,,,,,,,,,,,,,,,,,,,,,,,,,,,,,,,,,,,,,,,,,,,,,,,,,,,,,,,,,,,,,,,,,,,,,,,,,,,,,,,,,,,,,,,,,,,,,,,,,,,,,,,,,,,,,,,,,,,,,,,,,,,,,,,,,,,,,,,,,,,,,,,,,,
,,,,,,1516894,,,,1516894,1516894,7/8nx6-16' Millstone Grooved - Trex Select 2.0 Decking,TREX,,,Boise Cascade Building Materials (BOICA),,,,,,,,,,,,,,,,,,,,,,,,,,,,,,,,,,,,,,,,,,,,,,,,,,,,,,,,,,,,,,,,,,,,,,,,,,,,,,,,,,,,,,,,,,,,,,,,,,,,,,,,,,,,,,,,,,,,,,,,,,,,,,,,,,,,,,,,,,,,,,,,,,,,,,,,,,,,,,,,,,,,,,,,,,,,,,,,,,,,,,,,,,,,,,,,,,,,,,,,,,,,,,,,,,,,,,,,,,,,,,,,,,,,,,,,,,,
,,,,,,1516895,,,,1516895,1516895,7/8nx6-20' Millstone Grooved - Trex Select 2.0 Decking,TREX,,,Boise Cascade Building Materials (BOICA),,,,,,,,,,,,,,,,,,,,,,,,,,,,,,,,,,,,,,,,,,,,,,,,,,,,,,,,,,,,,,,,,,,,,,,,,,,,,,,,,,,,,,,,,,,,,,,,,,,,,,,,,,,,,,,,,,,,,,,,,,,,,,,,,,,,,,,,,,,,,,,,,,,,,,,,,,,,,,,,,,,,,,,,,,,,,,,,,,,,,,,,,,,,,,,,,,,,,,,,,,,,,,,,,,,,,,,,,,,,,,,,,,,,,,,,,,,
,,,,,,543007016,,,,543007016,543007016,7/8nx6-16' Whiskey Barrel Sq Edge - Trex Select 2.0 Decking,TREX,,,Boise Cascade Building Materials (BOICA),,,,,,,,,,,,,,,,,,,,,,,,,,,,,,,,,,,,,,,,,,,,,,,,,,,,,,,,,,,,,,,,,,,,,,,,,,,,,,,,,,,,,,,,,,,,,,,,,,,,,,,,,,,,,,,,,,,,,,,,,,,,,,,,,,,,,,,,,,,,,,,,,,,,,,,,,,,,,,,,,,,,,,,,,,,,,,,,,,,,,,,,,,,,,,,,,,,,,,,,,,,,,,,,,,,,,,,,,,,,,,,,,,,,,,,,,,,
,,,,,,543007020,,,,543007020,543007020,7/8nx6-20' Whiskey Barrel Sq Edge - Trex Select 2.0 Decking,TREX,,,Boise Cascade Building Materials (BOICA),,,,,,,,,,,,,,,,,,,,,,,,,,,,,,,,,,,,,,,,,,,,,,,,,,,,,,,,,,,,,,,,,,,,,,,,,,,,,,,,,,,,,,,,,,,,,,,,,,,,,,,,,,,,,,,,,,,,,,,,,,,,,,,,,,,,,,,,,,,,,,,,,,,,,,,,,,,,,,,,,,,,,,,,,,,,,,,,,,,,,,,,,,,,,,,,,,,,,,,,,,,,,,,,,,,,,,,,,,,,,,,,,,,,,,,,,,,
,,,,,,543007412,,,,543007412,543007412,7/8nx6-12' Whiskey Barrel Grooved - Trex Select 2.0 Decking,TREX,,,Boise Cascade Building Materials (BOICA),,,,,,,,,,,,,,,,,,,,,,,,,,,,,,,,,,,,,,,,,,,,,,,,,,,,,,,,,,,,,,,,,,,,,,,,,,,,,,,,,,,,,,,,,,,,,,,,,,,,,,,,,,,,,,,,,,,,,,,,,,,,,,,,,,,,,,,,,,,,,,,,,,,,,,,,,,,,,,,,,,,,,,,,,,,,,,,,,,,,,,,,,,,,,,,,,,,,,,,,,,,,,,,,,,,,,,,,,,,,,,,,,,,,,,,,,,,
,,,,,,543007416,,,,543007416,543007416,7/8nx6-16' Whiskey Barrel Grooved - Trex Select 2.0 Decking,TREX,,,Boise Cascade Building Materials (BOICA),,,,,,,,,,,,,,,,,,,,,,,,,,,,,,,,,,,,,,,,,,,,,,,,,,,,,,,,,,,,,,,,,,,,,,,,,,,,,,,,,,,,,,,,,,,,,,,,,,,,,,,,,,,,,,,,,,,,,,,,,,,,,,,,,,,,,,,,,,,,,,,,,,,,,,,,,,,,,,,,,,,,,,,,,,,,,,,,,,,,,,,,,,,,,,,,,,,,,,,,,,,,,,,,,,,,,,,,,,,,,,,,,,,,,,,,,,,
,,,,,,543007420,,,,543007420,543007420,7/8nx6-20' Whiskey Barrel Grooved - Trex Select 2.0 Decking,TREX,,,Boise Cascade Building Materials (BOICA),,,,,,,,,,,,,,,,,,,,,,,,,,,,,,,,,,,,,,,,,,,,,,,,,,,,,,,,,,,,,,,,,,,,,,,,,,,,,,,,,,,,,,,,,,,,,,,,,,,,,,,,,,,,,,,,,,,,,,,,,,,,,,,,,,,,,,,,,,,,,,,,,,,,,,,,,,,,,,,,,,,,,,,,,,,,,,,,,,,,,,,,,,,,,,,,,,,,,,,,,,,,,,,,,,,,,,,,,,,,,,,,,,,,,,,,,,,
,,,,,,ADR5117512CS,,,,ADR5117512CS,ADR5117512CS,1x12-12' Coastline - Vintage Azek PVC Fascia,TIMBERTECH,,,Parksite (6151),,,,,,,,,,,,,,,,,,,,,,,,,,,,,,,,,,,,,,,,,,,,,,,,,,,,,,,,,,,,,,,,,,,,,,,,,,,,,,,,,,,,,,,,,,,,,,,,,,,,,,,,,,,,,,,,,,,,,,,,,,,,,,,,,,,,,,,,,,,,,,,,,,,,,,,,,,,,,,,,,,,,,,,,,,,,,,,,,,,,,,,,,,,,,,,,,,,,,,,,,,,,,,,,,,,,,,,,,,,,,,,,,,,,,,,,,,,
,,,,,,ADR5117512MH,,,,ADR5117512MH,ADR5117512MH,1x12-12' Mahogany - Vintage Azek PVC Fascia,TIMBERTECH,,,Parksite (6151),,,,,,,,,,,,,,,,,,,,,,,,,,,,,,,,,,,,,,,,,,,,,,,,,,,,,,,,,,,,,,,,,,,,,,,,,,,,,,,,,,,,,,,,,,,,,,,,,,,,,,,,,,,,,,,,,,,,,,,,,,,,,,,,,,,,,,,,,,,,,,,,,,,,,,,,,,,,,,,,,,,,,,,,,,,,,,,,,,,,,,,,,,,,,,,,,,,,,,,,,,,,,,,,,,,,,,,,,,,,,,,,,,,,,,,,,,,
,,,,,,ADR5117512WT,,,,ADR5117512WT,ADR5117512WT,1x12-12' Weathered Teak - Vintage Azek PVC Fascia,TIMBERTECH,,,Parksite (6151),,,,,,,,,,,,,,,,,,,,,,,,,,,,,,,,,,,,,,,,,,,,,,,,,,,,,,,,,,,,,,,,,,,,,,,,,,,,,,,,,,,,,,,,,,,,,,,,,,,,,,,,,,,,,,,,,,,,,,,,,,,,,,,,,,,,,,,,,,,,,,,,,,,,,,,,,,,,,,,,,,,,,,,,,,,,,,,,,,,,,,,,,,,,,,,,,,,,,,,,,,,,,,,,,,,,,,,,,,,,,,,,,,,,,,,,,,,
,,,,,,ADR5117512AW,,,,ADR5117512AW,ADR5117512AW,1x12-12' American Walnut - Landmark Azek PVC Fascia,TIMBERTECH,,,Parksite (6151),,,,,,,,,,,,,,,,,,,,,,,,,,,,,,,,,,,,,,,,,,,,,,,,,,,,,,,,,,,,,,,,,,,,,,,,,,,,,,,,,,,,,,,,,,,,,,,,,,,,,,,,,,,,,,,,,,,,,,,,,,,,,,,,,,,,,,,,,,,,,,,,,,,,,,,,,,,,,,,,,,,,,,,,,,,,,,,,,,,,,,,,,,,,,,,,,,,,,,,,,,,,,,,,,,,,,,,,,,,,,,,,,,,,,,,,,,,
,,,,,,ADR5117512CG,,,,ADR5117512CG,ADR5117512CG,1x12-12' Castle Gate - Landmark Azek PVC Fascia,TIMBERTECH,,,Parksite (6151),,,,,,,,,,,,,,,,,,,,,,,,,,,,,,,,,,,,,,,,,,,,,,,,,,,,,,,,,,,,,,,,,,,,,,,,,,,,,,,,,,,,,,,,,,,,,,,,,,,,,,,,,,,,,,,,,,,,,,,,,,,,,,,,,,,,,,,,,,,,,,,,,,,,,,,,,,,,,,,,,,,,,,,,,,,,,,,,,,,,,,,,,,,,,,,,,,,,,,,,,,,,,,,,,,,,,,,,,,,,,,,,,,,,,,,,,,,
,,,,,,ADR5117512FW,,,,ADR5117512FW,ADR5117512FW,1x12-12' French White Oak - Landmark Azek PVC Fascia,TIMBERTECH,,,Parksite (6151),,,,,,,,,,,,,,,,,,,,,,,,,,,,,,,,,,,,,,,,,,,,,,,,,,,,,,,,,,,,,,,,,,,,,,,,,,,,,,,,,,,,,,,,,,,,,,,,,,,,,,,,,,,,,,,,,,,,,,,,,,,,,,,,,,,,,,,,,,,,,,,,,,,,,,,,,,,,,,,,,,,,,,,,,,,,,,,,,,,,,,,,,,,,,,,,,,,,,,,,,,,,,,,,,,,,,,,,,,,,,,,,,,,,,,,,,,,
,,,,,,1508395,,,,1508395,1508395,1x8-12' Brownstone - Harvest Azek PVC Fascia,TIMBERTECH,,,Parksite (6151),,,,,,,,,,,,,,,,,,,,,,,,,,,,,,,,,,,,,,,,,,,,,,,,,,,,,,,,,,,,,,,,,,,,,,,,,,,,,,,,,,,,,,,,,,,,,,,,,,,,,,,,,,,,,,,,,,,,,,,,,,,,,,,,,,,,,,,,,,,,,,,,,,,,,,,,,,,,,,,,,,,,,,,,,,,,,,,,,,,,,,,,,,,,,,,,,,,,,,,,,,,,,,,,,,,,,,,,,,,,,,,,,,,,,,,,,,,
,,,,,,1508396,,,,1508396,1508396,1x8-12' Slate Gray - Harvest Azek PVC Fascia,TIMBERTECH,,,Parksite (6151),,,,,,,,,,,,,,,,,,,,,,,,,,,,,,,,,,,,,,,,,,,,,,,,,,,,,,,,,,,,,,,,,,,,,,,,,,,,,,,,,,,,,,,,,,,,,,,,,,,,,,,,,,,,,,,,,,,,,,,,,,,,,,,,,,,,,,,,,,,,,,,,,,,,,,,,,,,,,,,,,,,,,,,,,,,,,,,,,,,,,,,,,,,,,,,,,,,,,,,,,,,,,,,,,,,,,,,,,,,,,,,,,,,,,,,,,,,
,,,,,,ADCR5117512BS,,,,ADCR5117512BS,ADCR5117512BS,1x12-12' Brownstone - Harvest Azek PVC Fascia,TIMBERTECH,,,Parksite (6151),,,,,,,,,,,,,,,,,,,,,,,,,,,,,,,,,,,,,,,,,,,,,,,,,,,,,,,,,,,,,,,,,,,,,,,,,,,,,,,,,,,,,,,,,,,,,,,,,,,,,,,,,,,,,,,,,,,,,,,,,,,,,,,,,,,,,,,,,,,,,,,,,,,,,,,,,,,,,,,,,,,,,,,,,,,,,,,,,,,,,,,,,,,,,,,,,,,,,,,,,,,,,,,,,,,,,,,,,,,,,,,,,,,,,,,,,,,
,,,,,,ADCR5117512SG,,,,ADCR5117512SG,ADCR5117512SG,1x12-12' Slate Gray - Harvest Azek PVC Fascia,TIMBERTECH,,,Parksite (6151),,,,,,,,,,,,,,,,,,,,,,,,,,,,,,,,,,,,,,,,,,,,,,,,,,,,,,,,,,,,,,,,,,,,,,,,,,,,,,,,,,,,,,,,,,,,,,,,,,,,,,,,,,,,,,,,,,,,,,,,,,,,,,,,,,,,,,,,,,,,,,,,,,,,,,,,,,,,,,,,,,,,,,,,,,,,,,,,,,,,,,,,,,,,,,,,,,,,,,,,,,,,,,,,,,,,,,,,,,,,,,,,,,,,,,,,,,,
,,,,,,543140908,,,,543140908,543140908,1x8-12' Biscayne - Trex Lineage,TREX,,,U S Lumber (3073),,,,,,,,,,,,,,,,,,,,,,,,,,,,,,,,,,,,,,,,,,,,,,,,,,,,,,,,,,,,,,,,,,,,,,,,,,,,,,,,,,,,,,,,,,,,,,,,,,,,,,,,,,,,,,,,,,,,,,,,,,,,,,,,,,,,,,,,,,,,,,,,,,,,,,,,,,,,,,,,,,,,,,,,,,,,,,,,,,,,,,,,,,,,,,,,,,,,,,,,,,,,,,,,,,,,,,,,,,,,,,,,,,,,,,,,,,,
,,,,,,543142908,,,,543142908,543142908,1x8-12' Carmel - Trex Lineage,TREX,,,U S Lumber (3073),,,,,,,,,,,,,,,,,,,,,,,,,,,,,,,,,,,,,,,,,,,,,,,,,,,,,,,,,,,,,,,,,,,,,,,,,,,,,,,,,,,,,,,,,,,,,,,,,,,,,,,,,,,,,,,,,,,,,,,,,,,,,,,,,,,,,,,,,,,,,,,,,,,,,,,,,,,,,,,,,,,,,,,,,,,,,,,,,,,,,,,,,,,,,,,,,,,,,,,,,,,,,,,,,,,,,,,,,,,,,,,,,,,,,,,,,,,
,,,,,,543143908,,,,543143908,543143908,1x8-12' Jasper - Trex Lineage,TREX,,,U S Lumber (3073),,,,,,,,,,,,,,,,,,,,,,,,,,,,,,,,,,,,,,,,,,,,,,,,,,,,,,,,,,,,,,,,,,,,,,,,,,,,,,,,,,,,,,,,,,,,,,,,,,,,,,,,,,,,,,,,,,,,,,,,,,,,,,,,,,,,,,,,,,,,,,,,,,,,,,,,,,,,,,,,,,,,,,,,,,,,,,,,,,,,,,,,,,,,,,,,,,,,,,,,,,,,,,,,,,,,,,,,,,,,,,,,,,,,,,,,,,,
,,,,,,543140912,,,,543140912,543140912,1x12-12' Biscayne - Trex Lineage,TREX,,,U S Lumber (3073),,,,,,,,,,,,,,,,,,,,,,,,,,,,,,,,,,,,,,,,,,,,,,,,,,,,,,,,,,,,,,,,,,,,,,,,,,,,,,,,,,,,,,,,,,,,,,,,,,,,,,,,,,,,,,,,,,,,,,,,,,,,,,,,,,,,,,,,,,,,,,,,,,,,,,,,,,,,,,,,,,,,,,,,,,,,,,,,,,,,,,,,,,,,,,,,,,,,,,,,,,,,,,,,,,,,,,,,,,,,,,,,,,,,,,,,,,,
,,,,,,543142912,,,,543142912,543142912,1x12-12' Carmel - Trex Lineage,TREX,,,U S Lumber (3073),,,,,,,,,,,,,,,,,,,,,,,,,,,,,,,,,,,,,,,,,,,,,,,,,,,,,,,,,,,,,,,,,,,,,,,,,,,,,,,,,,,,,,,,,,,,,,,,,,,,,,,,,,,,,,,,,,,,,,,,,,,,,,,,,,,,,,,,,,,,,,,,,,,,,,,,,,,,,,,,,,,,,,,,,,,,,,,,,,,,,,,,,,,,,,,,,,,,,,,,,,,,,,,,,,,,,,,,,,,,,,,,,,,,,,,,,,,
,,,,,,543143912,,,,543143912,543143912,1x12-12' Jasper - Trex Lineage,TREX,,,U S Lumber (3073),,,,,,,,,,,,,,,,,,,,,,,,,,,,,,,,,,,,,,,,,,,,,,,,,,,,,,,,,,,,,,,,,,,,,,,,,,,,,,,,,,,,,,,,,,,,,,,,,,,,,,,,,,,,,,,,,,,,,,,,,,,,,,,,,,,,,,,,,,,,,,,,,,,,,,,,,,,,,,,,,,,,,,,,,,,,,,,,,,,,,,,,,,,,,,,,,,,,,,,,,,,,,,,,,,,,,,,,,,,,,,,,,,,,,,,,,,,
,,,,,,1513715,,,,1513715,1513715,1x12-12' Hatteras - Trex Lineage,TREX,,,Boise Cascade Building Materials (BOICA),,,,,,,,,,,,,,,,,,,,,,,,,,,,,,,,,,,,,,,,,,,,,,,,,,,,,,,,,,,,,,,,,,,,,,,,,,,,,,,,,,,,,,,,,,,,,,,,,,,,,,,,,,,,,,,,,,,,,,,,,,,,,,,,,,,,,,,,,,,,,,,,,,,,,,,,,,,,,,,,,,,,,,,,,,,,,,,,,,,,,,,,,,,,,,,,,,,,,,,,,,,,,,,,,,,,,,,,,,,,,,,,,,,,,,,,,,,
,,,,,,1513716,,,,1513716,1513716,1x12-12' Salt Flat - Trex Lineage,TREX,,,Boise Cascade Building Materials (BOICA),,,,,,,,,,,,,,,,,,,,,,,,,,,,,,,,,,,,,,,,,,,,,,,,,,,,,,,,,,,,,,,,,,,,,,,,,,,,,,,,,,,,,,,,,,,,,,,,,,,,,,,,,,,,,,,,,,,,,,,,,,,,,,,,,,,,,,,,,,,,,,,,,,,,,,,,,,,,,,,,,,,,,,,,,,,,,,,,,,,,,,,,,,,,,,,,,,,,,,,,,,,,,,,,,,,,,,,,,,,,,,,,,,,,,,,,,,,
,,,,,,1513722,,,,1513722,1513722,1x8-12' Honey Grove - Trex Enhance Naturals Fascia,TREX,,,Boise Cascade Building Materials (BOICA),,,,,,,,,,,,,,,,,,,,,,,,,,,,,,,,,,,,,,,,,,,,,,,,,,,,,,,,,,,,,,,,,,,,,,,,,,,,,,,,,,,,,,,,,,,,,,,,,,,,,,,,,,,,,,,,,,,,,,,,,,,,,,,,,,,,,,,,,,,,,,,,,,,,,,,,,,,,,,,,,,,,,,,,,,,,,,,,,,,,,,,,,,,,,,,,,,,,,,,,,,,,,,,,,,,,,,,,,,,,,,,,,,,,,,,,,,,
,,,,,,1513723,,,,1513723,1513723,1x12-12' Honey Grove - Trex Enhance Naturals Fascia,TREX,,,Boise Cascade Building Materials (BOICA),,,,,,,,,,,,,,,,,,,,,,,,,,,,,,,,,,,,,,,,,,,,,,,,,,,,,,,,,,,,,,,,,,,,,,,,,,,,,,,,,,,,,,,,,,,,,,,,,,,,,,,,,,,,,,,,,,,,,,,,,,,,,,,,,,,,,,,,,,,,,,,,,,,,,,,,,,,,,,,,,,,,,,,,,,,,,,,,,,,,,,,,,,,,,,,,,,,,,,,,,,,,,,,,,,,,,,,,,,,,,,,,,,,,,,,,,,,
,,,,,,1513729,,,,1513729,1513729,1x8-12' Tide Pool - Trex Enhance Basics Fascia,TREX,,,Boise Cascade Building Materials (BOICA),,,,,,,,,,,,,,,,,,,,,,,,,,,,,,,,,,,,,,,,,,,,,,,,,,,,,,,,,,,,,,,,,,,,,,,,,,,,,,,,,,,,,,,,,,,,,,,,,,,,,,,,,,,,,,,,,,,,,,,,,,,,,,,,,,,,,,,,,,,,,,,,,,,,,,,,,,,,,,,,,,,,,,,,,,,,,,,,,,,,,,,,,,,,,,,,,,,,,,,,,,,,,,,,,,,,,,,,,,,,,,,,,,,,,,,,,,,
,,,,,,1513730,,,,1513730,1513730,1x12-12' Tide Pool - Trex Enhance Basics Fascia,TREX,,,Boise Cascade Building Materials (BOICA),,,,,,,,,,,,,,,,,,,,,,,,,,,,,,,,,,,,,,,,,,,,,,,,,,,,,,,,,,,,,,,,,,,,,,,,,,,,,,,,,,,,,,,,,,,,,,,,,,,,,,,,,,,,,,,,,,,,,,,,,,,,,,,,,,,,,,,,,,,,,,,,,,,,,,,,,,,,,,,,,,,,,,,,,,,,,,,,,,,,,,,,,,,,,,,,,,,,,,,,,,,,,,,,,,,,,,,,,,,,,,,,,,,,,,,,,,,
,,,,,,543076916,,,,543076916,543076916,1x8-12' Cinnamon Cove - Trex Enhance Naturals Fascia,TREX,,,Boise Cascade Building Materials (BOICA),,,,,,,,,,,,,,,,,,,,,,,,,,,,,,,,,,,,,,,,,,,,,,,,,,,,,,,,,,,,,,,,,,,,,,,,,,,,,,,,,,,,,,,,,,,,,,,,,,,,,,,,,,,,,,,,,,,,,,,,,,,,,,,,,,,,,,,,,,,,,,,,,,,,,,,,,,,,,,,,,,,,,,,,,,,,,,,,,,,,,,,,,,,,,,,,,,,,,,,,,,,,,,,,,,,,,,,,,,,,,,,,,,,,,,,,,,,
,,,,,,1516876,,,,1516876,1516876,1x8-12' Golden Hour - Trex Enhance Naturals Fascia,TREX,,,Boise Cascade Building Materials (BOICA),,,,,,,,,,,,,,,,,,,,,,,,,,,,,,,,,,,,,,,,,,,,,,,,,,,,,,,,,,,,,,,,,,,,,,,,,,,,,,,,,,,,,,,,,,,,,,,,,,,,,,,,,,,,,,,,,,,,,,,,,,,,,,,,,,,,,,,,,,,,,,,,,,,,,,,,,,,,,,,,,,,,,,,,,,,,,,,,,,,,,,,,,,,,,,,,,,,,,,,,,,,,,,,,,,,,,,,,,,,,,,,,,,,,,,,,,,,
,,,,,,543076936,,,,543076936,543076936,1x12-12' Cinnamon Cove - Trex Enhance Naturals Fascia,TREX,,,Boise Cascade Building Materials (BOICA),,,,,,,,,,,,,,,,,,,,,,,,,,,,,,,,,,,,,,,,,,,,,,,,,,,,,,,,,,,,,,,,,,,,,,,,,,,,,,,,,,,,,,,,,,,,,,,,,,,,,,,,,,,,,,,,,,,,,,,,,,,,,,,,,,,,,,,,,,,,,,,,,,,,,,,,,,,,,,,,,,,,,,,,,,,,,,,,,,,,,,,,,,,,,,,,,,,,,,,,,,,,,,,,,,,,,,,,,,,,,,,,,,,,,,,,,,,
,,,,,,1516878,,,,1516878,1516878,1x12-12' Golden Hour - Trex Enhance Naturals Fascia,TREX,,,Boise Cascade Building Materials (BOICA),,,,,,,,,,,,,,,,,,,,,,,,,,,,,,,,,,,,,,,,,,,,,,,,,,,,,,,,,,,,,,,,,,,,,,,,,,,,,,,,,,,,,,,,,,,,,,,,,,,,,,,,,,,,,,,,,,,,,,,,,,,,,,,,,,,,,,,,,,,,,,,,,,,,,,,,,,,,,,,,,,,,,,,,,,,,,,,,,,,,,,,,,,,,,,,,,,,,,,,,,,,,,,,,,,,,,,,,,,,,,,,,,,,,,,,,,,,
,,,,,,1516884,,,,1516884,1516884,1x8-12' Pebble Beach - Trex Enhance Basics Fascia,TREX,,,Boise Cascade Building Materials (BOICA),,,,,,,,,,,,,,,,,,,,,,,,,,,,,,,,,,,,,,,,,,,,,,,,,,,,,,,,,,,,,,,,,,,,,,,,,,,,,,,,,,,,,,,,,,,,,,,,,,,,,,,,,,,,,,,,,,,,,,,,,,,,,,,,,,,,,,,,,,,,,,,,,,,,,,,,,,,,,,,,,,,,,,,,,,,,,,,,,,,,,,,,,,,,,,,,,,,,,,,,,,,,,,,,,,,,,,,,,,,,,,,,,,,,,,,,,,,
,,,,,,1516885,,,,1516885,1516885,1x12-12' Pebble Beach - Trex Enhance Basics Fascia,TREX,,,Boise Cascade Building Materials (BOICA),,,,,,,,,,,,,,,,,,,,,,,,,,,,,,,,,,,,,,,,,,,,,,,,,,,,,,,,,,,,,,,,,,,,,,,,,,,,,,,,,,,,,,,,,,,,,,,,,,,,,,,,,,,,,,,,,,,,,,,,,,,,,,,,,,,,,,,,,,,,,,,,,,,,,,,,,,,,,,,,,,,,,,,,,,,,,,,,,,,,,,,,,,,,,,,,,,,,,,,,,,,,,,,,,,,,,,,,,,,,,,,,,,,,,,,,,,,
,,,,,,543005916,,,,543005916,543005916,1x8-12' Malted Barley - Trex Select 2.0 Fascia,TREX,,,Boise Cascade Building Materials (BOICA),,,,,,,,,,,,,,,,,,,,,,,,,,,,,,,,,,,,,,,,,,,,,,,,,,,,,,,,,,,,,,,,,,,,,,,,,,,,,,,,,,,,,,,,,,,,,,,,,,,,,,,,,,,,,,,,,,,,,,,,,,,,,,,,,,,,,,,,,,,,,,,,,,,,,,,,,,,,,,,,,,,,,,,,,,,,,,,,,,,,,,,,,,,,,,,,,,,,,,,,,,,,,,,,,,,,,,,,,,,,,,,,,,,,,,,,,,,
,,,,,,1516902,,,,1516902,1516902,1x8-12' Millstone - Trex Select 2.0 Fascia,TREX,,,Boise Cascade Building Materials (BOICA),,,,,,,,,,,,,,,,,,,,,,,,,,,,,,,,,,,,,,,,,,,,,,,,,,,,,,,,,,,,,,,,,,,,,,,,,,,,,,,,,,,,,,,,,,,,,,,,,,,,,,,,,,,,,,,,,,,,,,,,,,,,,,,,,,,,,,,,,,,,,,,,,,,,,,,,,,,,,,,,,,,,,,,,,,,,,,,,,,,,,,,,,,,,,,,,,,,,,,,,,,,,,,,,,,,,,,,,,,,,,,,,,,,,,,,,,,,
,,,,,,543007916,,,,543007916,543007916,1x8-12' Whiskey Barrel - Trex Select 2.0 Fascia,TREX,,,Boise Cascade Building Materials (BOICA),,,,,,,,,,,,,,,,,,,,,,,,,,,,,,,,,,,,,,,,,,,,,,,,,,,,,,,,,,,,,,,,,,,,,,,,,,,,,,,,,,,,,,,,,,,,,,,,,,,,,,,,,,,,,,,,,,,,,,,,,,,,,,,,,,,,,,,,,,,,,,,,,,,,,,,,,,,,,,,,,,,,,,,,,,,,,,,,,,,,,,,,,,,,,,,,,,,,,,,,,,,,,,,,,,,,,,,,,,,,,,,,,,,,,,,,,,,
,,,,,,543005936,,,,543005936,543005936,1x12-12' Malted Barley - Trex Select 2.0 Fascia,TREX,,,Boise Cascade Building Materials (BOICA),,,,,,,,,,,,,,,,,,,,,,,,,,,,,,,,,,,,,,,,,,,,,,,,,,,,,,,,,,,,,,,,,,,,,,,,,,,,,,,,,,,,,,,,,,,,,,,,,,,,,,,,,,,,,,,,,,,,,,,,,,,,,,,,,,,,,,,,,,,,,,,,,,,,,,,,,,,,,,,,,,,,,,,,,,,,,,,,,,,,,,,,,,,,,,,,,,,,,,,,,,,,,,,,,,,,,,,,,,,,,,,,,,,,,,,,,,,
,,,,,,1516905,,,,1516905,1516905,1x12-12' Millstone - Trex Select 2.0 Fascia,TREX,,,Boise Cascade Building Materials (BOICA),,,,,,,,,,,,,,,,,,,,,,,,,,,,,,,,,,,,,,,,,,,,,,,,,,,,,,,,,,,,,,,,,,,,,,,,,,,,,,,,,,,,,,,,,,,,,,,,,,,,,,,,,,,,,,,,,,,,,,,,,,,,,,,,,,,,,,,,,,,,,,,,,,,,,,,,,,,,,,,,,,,,,,,,,,,,,,,,,,,,,,,,,,,,,,,,,,,,,,,,,,,,,,,,,,,,,,,,,,,,,,,,,,,,,,,,,,,
,,,,,,543007936,,,,543007936,543007936,1x12-12' Whiskey Barrel - Trex Select 2.0 Fascia,TREX,,,Boise Cascade Building Materials (BOICA),,,,,,,,,,,,,,,,,,,,,,,,,,,,,,,,,,,,,,,,,,,,,,,,,,,,,,,,,,,,,,,,,,,,,,,,,,,,,,,,,,,,,,,,,,,,,,,,,,,,,,,,,,,,,,,,,,,,,,,,,,,,,,,,,,,,,,,,,,,,,,,,,,,,,,,,,,,,,,,,,,,,,,,,,,,,,,,,,,,,,,,,,,,,,,,,,,,,,,,,,,,,,,,,,,,,,,,,,,,,,,,,,,,,,,,,,,,
,,,,,,543144908,,,,543144908,543144908,1x8-12' Island Mist - Trex Lineage,TREX,,,U S Lumber (3073),,,,,,,,,,,,,,,,,,,,,,,,,,,,,,,,,,,,,,,,,,,,,,,,,,,,,,,,,,,,,,,,,,,,,,,,,,,,,,,,,,,,,,,,,,,,,,,,,,,,,,,,,,,,,,,,,,,,,,,,,,,,,,,,,,,,,,,,,,,,,,,,,,,,,,,,,,,,,,,,,,,,,,,,,,,,,,,,,,,,,,,,,,,,,,,,,,,,,,,,,,,,,,,,,,,,,,,,,,,,,,,,,,,,,,,,,,,
,,,,,,543141908,,,,543141908,543141908,1x8-12' Rainier - Trex Lineage,TREX,,,U S Lumber (3073),,,,,,,,,,,,,,,,,,,,,,,,,,,,,,,,,,,,,,,,,,,,,,,,,,,,,,,,,,,,,,,,,,,,,,,,,,,,,,,,,,,,,,,,,,,,,,,,,,,,,,,,,,,,,,,,,,,,,,,,,,,,,,,,,,,,,,,,,,,,,,,,,,,,,,,,,,,,,,,,,,,,,,,,,,,,,,,,,,,,,,,,,,,,,,,,,,,,,,,,,,,,,,,,,,,,,,,,,,,,,,,,,,,,,,,,,,,
,,,,,,543144912,,,,543144912,543144912,1x12-12' Island Mist - Trex Lineage,TREX,,,U S Lumber (3073),,,,,,,,,,,,,,,,,,,,,,,,,,,,,,,,,,,,,,,,,,,,,,,,,,,,,,,,,,,,,,,,,,,,,,,,,,,,,,,,,,,,,,,,,,,,,,,,,,,,,,,,,,,,,,,,,,,,,,,,,,,,,,,,,,,,,,,,,,,,,,,,,,,,,,,,,,,,,,,,,,,,,,,,,,,,,,,,,,,,,,,,,,,,,,,,,,,,,,,,,,,,,,,,,,,,,,,,,,,,,,,,,,,,,,,,,,,
,,,,,,543141912,,,,543141912,543141912,1x12-12' Rainier - Trex Lineage,TREX,,,U S Lumber (3073),,,,,,,,,,,,,,,,,,,,,,,,,,,,,,,,,,,,,,,,,,,,,,,,,,,,,,,,,,,,,,,,,,,,,,,,,,,,,,,,,,,,,,,,,,,,,,,,,,,,,,,,,,,,,,,,,,,,,,,,,,,,,,,,,,,,,,,,,,,,,,,,,,,,,,,,,,,,,,,,,,,,,,,,,,,,,,,,,,,,,,,,,,,,,,,,,,,,,,,,,,,,,,,,,,,,,,,,,,,,,,,,,,,,,,,,,,,
,,,,,,1513713,,,,1513713,1513713,1x8-12' Hatteras - Trex Lineage,TREX,,,Boise Cascade Building Materials (BOICA),,,,,,,,,,,,,,,,,,,,,,,,,,,,,,,,,,,,,,,,,,,,,,,,,,,,,,,,,,,,,,,,,,,,,,,,,,,,,,,,,,,,,,,,,,,,,,,,,,,,,,,,,,,,,,,,,,,,,,,,,,,,,,,,,,,,,,,,,,,,,,,,,,,,,,,,,,,,,,,,,,,,,,,,,,,,,,,,,,,,,,,,,,,,,,,,,,,,,,,,,,,,,,,,,,,,,,,,,,,,,,,,,,,,,,,,,,,
,,,,,,1513714,,,,1513714,1513714,1x8-12' Salt Flat - Trex Lineage,TREX,,,Boise Cascade Building Materials (BOICA),,,,,,,,,,,,,,,,,,,,,,,,,,,,,,,,,,,,,,,,,,,,,,,,,,,,,,,,,,,,,,,,,,,,,,,,,,,,,,,,,,,,,,,,,,,,,,,,,,,,,,,,,,,,,,,,,,,,,,,,,,,,,,,,,,,,,,,,,,,,,,,,,,,,,,,,,,,,,,,,,,,,,,,,,,,,,,,,,,,,,,,,,,,,,,,,,,,,,,,,,,,,,,,,,,,,,,,,,,,,,,,,,,,,,,,,,,,
,,,,,,73012503,,,,73012503,73012503,4x4 Wh Heritage Post Trim RDI,-- Unbranded --,,,-,,,,,,,,,,,,,,,,,,,,,,,,,,,,,,,,,,,,,,,,,,,,,,,,,,,,,,,,,,,,,,,,,,,,,,,,,,,,,,,,,,,,,,,,,,,,,,,,,,,,,,,,,,,,,,,,,,,,,,,,,,,,,,,,,,,,,,,,,,,,,,,,,,,,,,,,,,,,,,,,,,,,,,,,,,,,,,,,,,,,,,,,,,,,,,,,,,,,,,,,,,,,,,,,,,,,,,,,,,,,,,,,,,,,,,,,,,,
,,,,,,73018131,,,,73018131,73018131,6x6 Wh Elite Post Trim 4pc RDI,-- Unbranded --,,,-,,,,,,,,,,,,,,,,,,,,,,,,,,,,,,,,,,,,,,,,,,,,,,,,,,,,,,,,,,,,,,,,,,,,,,,,,,,,,,,,,,,,,,,,,,,,,,,,,,,,,,,,,,,,,,,,,,,,,,,,,,,,,,,,,,,,,,,,,,,,,,,,,,,,,,,,,,,,,,,,,,,,,,,,,,,,,,,,,,,,,,,,,,,,,,,,,,,,,,,,,,,,,,,,,,,,,,,,,,,,,,,,,,,,,,,,,,,
,,,,,,73018091,,,,73018091,73018091,4x4 Wh Elite Post Trim RDI,-- Unbranded --,,,-,,,,,,,,,,,,,,,,,,,,,,,,,,,,,,,,,,,,,,,,,,,,,,,,,,,,,,,,,,,,,,,,,,,,,,,,,,,,,,,,,,,,,,,,,,,,,,,,,,,,,,,,,,,,,,,,,,,,,,,,,,,,,,,,,,,,,,,,,,,,,,,,,,,,,,,,,,,,,,,,,,,,,,,,,,,,,,,,,,,,,,,,,,,,,,,,,,,,,,,,,,,,,,,,,,,,,,,,,,,,,,,,,,,,,,,,,,,
,,,,,,73018066,,,,73018066,73018066,Clay 6x6 Elite Post Trim RDI - 4pc,-- Unbranded --,,,-,,,,,,,,,,,,,,,,,,,,,,,,,,,,,,,,,,,,,,,,,,,,,,,,,,,,,,,,,,,,,,,,,,,,,,,,,,,,,,,,,,,,,,,,,,,,,,,,,,,,,,,,,,,,,,,,,,,,,,,,,,,,,,,,,,,,,,,,,,,,,,,,,,,,,,,,,,,,,,,,,,,,,,,,,,,,,,,,,,,,,,,,,,,,,,,,,,,,,,,,,,,,,,,,,,,,,,,,,,,,,,,,,,,,,,,,,,,
,,,,,,73018076,,,,73018076,73018076,4x4 Wh Flat Post Cap RDI,-- Unbranded --,,,-,,,,,,,,,,,,,,,,,,,,,,,,,,,,,,,,,,,,,,,,,,,,,,,,,,,,,,,,,,,,,,,,,,,,,,,,,,,,,,,,,,,,,,,,,,,,,,,,,,,,,,,,,,,,,,,,,,,,,,,,,,,,,,,,,,,,,,,,,,,,,,,,,,,,,,,,,,,,,,,,,,,,,,,,,,,,,,,,,,,,,,,,,,,,,,,,,,,,,,,,,,,,,,,,,,,,,,,,,,,,,,,,,,,,,,,,,,,
,,,,,,61109087,,,,61109087,61109087,Wh 4x4-39 Blank Post RDI,-- Unbranded --,,,-,,,,,,,,,,,,,,,,,,,,,,,,,,,,,,,,,,,,,,,,,,,,,,,,,,,,,,,,,,,,,,,,,,,,,,,,,,,,,,,,,,,,,,,,,,,,,,,,,,,,,,,,,,,,,,,,,,,,,,,,,,,,,,,,,,,,,,,,,,,,,,,,,,,,,,,,,,,,,,,,,,,,,,,,,,,,,,,,,,,,,,,,,,,,,,,,,,,,,,,,,,,,,,,,,,,,,,,,,,,,,,,,,,,,,,,,,,,
,,,,,,73018731,,,,73018731,73018731,Wh 6x6-108 Post Sleeve RDI,-- Unbranded --,,,-,,,,,,,,,,,,,,,,,,,,,,,,,,,,,,,,,,,,,,,,,,,,,,,,,,,,,,,,,,,,,,,,,,,,,,,,,,,,,,,,,,,,,,,,,,,,,,,,,,,,,,,,,,,,,,,,,,,,,,,,,,,,,,,,,,,,,,,,,,,,,,,,,,,,,,,,,,,,,,,,,,,,,,,,,,,,,,,,,,,,,,,,,,,,,,,,,,,,,,,,,,,,,,,,,,,,,,,,,,,,,,,,,,,,,,,,,,,
,,,,,,61109090,,,,61109090,61109090,Wh 4x4-108 Post Sleeve RDI,-- Unbranded --,,,-,,,,,,,,,,,,,,,,,,,,,,,,,,,,,,,,,,,,,,,,,,,,,,,,,,,,,,,,,,,,,,,,,,,,,,,,,,,,,,,,,,,,,,,,,,,,,,,,,,,,,,,,,,,,,,,,,,,,,,,,,,,,,,,,,,,,,,,,,,,,,,,,,,,,,,,,,,,,,,,,,,,,,,,,,,,,,,,,,,,,,,,,,,,,,,,,,,,,,,,,,,,,,,,,,,,,,,,,,,,,,,,,,,,,,,,,,,,
,,,,,,73053603,,,,73053603,73053603,Clay 4x4-108 Post Sleeve RDI,-- Unbranded --,,,-,,,,,,,,,,,,,,,,,,,,,,,,,,,,,,,,,,,,,,,,,,,,,,,,,,,,,,,,,,,,,,,,,,,,,,,,,,,,,,,,,,,,,,,,,,,,,,,,,,,,,,,,,,,,,,,,,,,,,,,,,,,,,,,,,,,,,,,,,,,,,,,,,,,,,,,,,,,,,,,,,,,,,,,,,,,,,,,,,,,,,,,,,,,,,,,,,,,,,,,,,,,,,,,,,,,,,,,,,,,,,,,,,,,,,,,,,,,
,,,,,,73053608,,,,73053608,73053608,Clay 6x6-108 Post Sleeve RDI,-- Unbranded --,,,-,,,,,,,,,,,,,,,,,,,,,,,,,,,,,,,,,,,,,,,,,,,,,,,,,,,,,,,,,,,,,,,,,,,,,,,,,,,,,,,,,,,,,,,,,,,,,,,,,,,,,,,,,,,,,,,,,,,,,,,,,,,,,,,,,,,,,,,,,,,,,,,,,,,,,,,,,,,,,,,,,,,,,,,,,,,,,,,,,,,,,,,,,,,,,,,,,,,,,,,,,,,,,,,,,,,,,,,,,,,,,,,,,,,,,,,,,,,
,,,,,,543340896,,,,543340896,543340896,4x4-37  Black Alum Post Sleeve Select Alum Railing - w/Cap & Skirt,TREX,,,Boise Cascade Building Materials (BOICA),,,,,,,,,,,,,,,,,,,,,,,,,,,,,,,,,,,,,,,,,,,,,,,,,,,,,,,,,,,,,,,,,,,,,,,,,,,,,,,,,,,,,,,,,,,,,,,,,,,,,,,,,,,,,,,,,,,,,,,,,,,,,,,,,,,,,,,,,,,,,,,,,,,,,,,,,,,,,,,,,,,,,,,,,,,,,,,,,,,,,,,,,,,,,,,,,,,,,,,,,,,,,,,,,,,,,,,,,,,,,,,,,,,,,,,,,,,
,,,,,,543340898,,,,543340898,543340898,4x4-43  Black Alum Post Sleeve Select Alum Railing w/Cap & Skirt,TREX,,,Boise Cascade Building Materials (BOICA),,,,,,,,,,,,,,,,,,,,,,,,,,,,,,,,,,,,,,,,,,,,,,,,,,,,,,,,,,,,,,,,,,,,,,,,,,,,,,,,,,,,,,,,,,,,,,,,,,,,,,,,,,,,,,,,,,,,,,,,,,,,,,,,,,,,,,,,,,,,,,,,,,,,,,,,,,,,,,,,,,,,,,,,,,,,,,,,,,,,,,,,,,,,,,,,,,,,,,,,,,,,,,,,,,,,,,,,,,,,,,,,,,,,,,,,,,,
,,,,,,73272TBK,,,,73272TBK,73272TBK,6x6-10' Black Alum Deco - Support Post,DSI Westbury,,,Palmer Donavin Mfg Company (PALDO),,,,,,,,,,,,,,,,,,,,,,,,,,,,,,,,,,,,,,,,,,,,,,,,,,,,,,,,,,,,,,,,,,,,,,,,,,,,,,,,,,,,,,,,,,,,,,,,,,,,,,,,,,,,,,,,,,,,,,,,,,,,,,,,,,,,,,,,,,,,,,,,,,,,,,,,,,,,,,,,,,,,,,,,,,,,,,,,,,,,,,,,,,,,,,,,,,,,,,,,,,,,,,,,,,,,,,,,,,,,,,,,,,,,,,,,,,,
,,,,,,543302127,,,,543302127,543302127,6' Wh Select T-Rail Kit Stair - w/Sq Composite Balusters,TREX,,,U S Lumber (3073),,,,,,,,,,,,,,,,,,,,,,,,,,,,,,,,,,,,,,,,,,,,,,,,,,,,,,,,,,,,,,,,,,,,,,,,,,,,,,,,,,,,,,,,,,,,,,,,,,,,,,,,,,,,,,,,,,,,,,,,,,,,,,,,,,,,,,,,,,,,,,,,,,,,,,,,,,,,,,,,,,,,,,,,,,,,,,,,,,,,,,,,,,,,,,,,,,,,,,,,,,,,,,,,,,,,,,,,,,,,,,,,,,,,,,,,,,,
,,,,,,543302147,,,,543302147,543302147,8' Wh Select T-Rail Kit Stair - w/Sq Composite Balusters,TREX,,,U S Lumber (3073),,,,,,,,,,,,,,,,,,,,,,,,,,,,,,,,,,,,,,,,,,,,,,,,,,,,,,,,,,,,,,,,,,,,,,,,,,,,,,,,,,,,,,,,,,,,,,,,,,,,,,,,,,,,,,,,,,,,,,,,,,,,,,,,,,,,,,,,,,,,,,,,,,,,,,,,,,,,,,,,,,,,,,,,,,,,,,,,,,,,,,,,,,,,,,,,,,,,,,,,,,,,,,,,,,,,,,,,,,,,,,,,,,,,,,,,,,,
,,,,,,73019599,,,,73019599,73019599,Finyline Wh 6' Str Rail Kit Sq,-- Unbranded --,,,-,,,,,,,,,,,,,,,,,,,,,,,,,,,,,,,,,,,,,,,,,,,,,,,,,,,,,,,,,,,,,,,,,,,,,,,,,,,,,,,,,,,,,,,,,,,,,,,,,,,,,,,,,,,,,,,,,,,,,,,,,,,,,,,,,,,,,,,,,,,,,,,,,,,,,,,,,,,,,,,,,,,,,,,,,,,,,,,,,,,,,,,,,,,,,,,,,,,,,,,,,,,,,,,,,,,,,,,,,,,,,,,,,,,,,,,,,,,
,,,,,,73019648,,,,73019648,73019648,Finyline Wh 8' Str Rail Kit Sq,-- Unbranded --,,,-,,,,,,,,,,,,,,,,,,,,,,,,,,,,,,,,,,,,,,,,,,,,,,,,,,,,,,,,,,,,,,,,,,,,,,,,,,,,,,,,,,,,,,,,,,,,,,,,,,,,,,,,,,,,,,,,,,,,,,,,,,,,,,,,,,,,,,,,,,,,,,,,,,,,,,,,,,,,,,,,,,,,,,,,,,,,,,,,,,,,,,,,,,,,,,,,,,,,,,,,,,,,,,,,,,,,,,,,,,,,,,,,,,,,,,,,,,,
,,,,,,73019598,,,,73019598,73019598,Finyline Wh 6' Str Rail Kit Rd - w/Black Alum Balusters,-- Unbranded --,,,-,,,,,,,,,,,,,,,,,,,,,,,,,,,,,,,,,,,,,,,,,,,,,,,,,,,,,,,,,,,,,,,,,,,,,,,,,,,,,,,,,,,,,,,,,,,,,,,,,,,,,,,,,,,,,,,,,,,,,,,,,,,,,,,,,,,,,,,,,,,,,,,,,,,,,,,,,,,,,,,,,,,,,,,,,,,,,,,,,,,,,,,,,,,,,,,,,,,,,,,,,,,,,,,,,,,,,,,,,,,,,,,,,,,,,,,,,,,
,,,,,,73019647,,,,73019647,73019647,Finyline Wh 8' Str Rail Kit Rd - w/Black Alum Balusters,-- Unbranded --,,,-,,,,,,,,,,,,,,,,,,,,,,,,,,,,,,,,,,,,,,,,,,,,,,,,,,,,,,,,,,,,,,,,,,,,,,,,,,,,,,,,,,,,,,,,,,,,,,,,,,,,,,,,,,,,,,,,,,,,,,,,,,,,,,,,,,,,,,,,,,,,,,,,,,,,,,,,,,,,,,,,,,,,,,,,,,,,,,,,,,,,,,,,,,,,,,,,,,,,,,,,,,,,,,,,,,,,,,,,,,,,,,,,,,,,,,,,,,,
,,,,,,543300257,,,,543300257,543300257,6' Black Select Classic Stair - Rail w/Rnd Black Alum Baluster,TREX,,,Boise Cascade Building Materials (BOICA),,,,,,,,,,,,,,,,,,,,,,,,,,,,,,,,,,,,,,,,,,,,,,,,,,,,,,,,,,,,,,,,,,,,,,,,,,,,,,,,,,,,,,,,,,,,,,,,,,,,,,,,,,,,,,,,,,,,,,,,,,,,,,,,,,,,,,,,,,,,,,,,,,,,,,,,,,,,,,,,,,,,,,,,,,,,,,,,,,,,,,,,,,,,,,,,,,,,,,,,,,,,,,,,,,,,,,,,,,,,,,,,,,,,,,,,,,,
,,,,,,543300277,,,,543300277,543300277,8' Black Select Classic Stair - Rail w/Rnd Black Alum Baluster,TREX,,,Boise Cascade Building Materials (BOICA),,,,,,,,,,,,,,,,,,,,,,,,,,,,,,,,,,,,,,,,,,,,,,,,,,,,,,,,,,,,,,,,,,,,,,,,,,,,,,,,,,,,,,,,,,,,,,,,,,,,,,,,,,,,,,,,,,,,,,,,,,,,,,,,,,,,,,,,,,,,,,,,,,,,,,,,,,,,,,,,,,,,,,,,,,,,,,,,,,,,,,,,,,,,,,,,,,,,,,,,,,,,,,,,,,,,,,,,,,,,,,,,,,,,,,,,,,,
,,,,,,SPB-44BPL,,,,SPB-44BPL,SPB-44BPL,Patriot 4 x4 x37 /43  Adjustable Self Leveling Support Post,-- Unbranded --,,,-,,,,,,,,,,,,,,,,,,,,,,,,,,,,,,,,,,,,,,,,,,,,,,,,,,,,,,,,,,,,,,,,,,,,,,,,,,,,,,,,,,,,,,,,,,,,,,,,,,,,,,,,,,,,,,,,,,,,,,,,,,,,,,,,,,,,,,,,,,,,,,,,,,,,,,,,,,,,,,,,,,,,,,,,,,,,,,,,,,,,,,,,,,,,,,,,,,,,,,,,,,,,,,,,,,,,,,,,,,,,,,,,,,,,,,,,,,,
,,,,,,925219,,,,925219,925219,2 x50' Deck Joist Tape - Protecto Wrap,-- Unbranded --,,,Palmer Donavin Mfg Company (PALDO),,,,,,,,,,,,,,,,,,,,,,,,,,,,,,,,,,,,,,,,,,,,,,,,,,,,,,,,,,,,,,,,,,,,,,,,,,,,,,,,,,,,,,,,,,,,,,,,,,,,,,,,,,,,,,,,,,,,,,,,,,,,,,,,,,,,,,,,,,,,,,,,,,,,,,,,,,,,,,,,,,,,,,,,,,,,,,,,,,,,,,,,,,,,,,,,,,,,,,,,,,,,,,,,,,,,,,,,,,,,,,,,,,,,,,,,,,,
,,,,,,27233,,,,27233,27233,24x48 WH Attic Access Door,AJM,,,A J Manufacturing Inc (AJMAN),,,,,,,,,,,,,,,,,,,,,,,,,,,,,,,,,,,,,,,,,,,,,,,,,,,,,,,,,,,,,,,,,,,,,,,,,,,,,,,,,,,,,,,,,,,,,,,,,,,,,,,,,,,,,,,,,,,,,,,,,,,,,,,,,,,,,,,,,,,,,,,,,,,,,,,,,,,,,,,,,,,,,,,,,,,,,,,,,,,,,,,,,,,,,,,,,,,,,,,,,,,,,,,,,,,,,,,,,,,,,,,,,,,,,,,,,,,
,,,,,,1517602,,,,1517602,1517602,6068R Gliding Patio Dr 4500 United Blk Ext/WH Int LowE Arg w/J,United Window & Door,,,United Window & Door Manufacturing (UNIWI),,,,,,,,,,,,,,,,,,,,,,,,,,,,,,,,,,,,,,,,,,,,,,,,,,,,,,,,,,,,,,,,,,,,,,,,,,,,,,,,,,,,,,,,,,,,,,,,,,,,,,,,,,,,,,,,,,,,,,,,,,,,,,,,,,,,,,,,,,,,,,,,,,,,,,,,,,,,,,,,,,,,,,,,,,,,,,,,,,,,,,,,,,,,,,,,,,,,,,,,,,,,,,,,,,,,,,,,,,,,,,,,,,,,,,,,,,,
,,,,,,1517603,,,,1517603,1517603,6068L Gliding Patio Dr 4500 United Blk Ext/WH Int LowE Arg w/J,United Window & Door,,,United Window & Door Manufacturing (UNIWI),,,,,,,,,,,,,,,,,,,,,,,,,,,,,,,,,,,,,,,,,,,,,,,,,,,,,,,,,,,,,,,,,,,,,,,,,,,,,,,,,,,,,,,,,,,,,,,,,,,,,,,,,,,,,,,,,,,,,,,,,,,,,,,,,,,,,,,,,,,,,,,,,,,,,,,,,,,,,,,,,,,,,,,,,,,,,,,,,,,,,,,,,,,,,,,,,,,,,,,,,,,,,,,,,,,,,,,,,,,,,,,,,,,,,,,,,,,
,,,,,,1517604,,,,1517604,1517604,6068L Gliding Patio Dr 4500 United White LowE Arg w/J,United Window & Door,,,United Window & Door Manufacturing (UNIWI),,,,,,,,,,,,,,,,,,,,,,,,,,,,,,,,,,,,,,,,,,,,,,,,,,,,,,,,,,,,,,,,,,,,,,,,,,,,,,,,,,,,,,,,,,,,,,,,,,,,,,,,,,,,,,,,,,,,,,,,,,,,,,,,,,,,,,,,,,,,,,,,,,,,,,,,,,,,,,,,,,,,,,,,,,,,,,,,,,,,,,,,,,,,,,,,,,,,,,,,,,,,,,,,,,,,,,,,,,,,,,,,,,,,,,,,,,,
,,,,,,1517605,,,,1517605,1517605,6068R Gliding Patio Dr 4500 United White LowE Arg w/J,United Window & Door,,,United Window & Door Manufacturing (UNIWI),,,,,,,,,,,,,,,,,,,,,,,,,,,,,,,,,,,,,,,,,,,,,,,,,,,,,,,,,,,,,,,,,,,,,,,,,,,,,,,,,,,,,,,,,,,,,,,,,,,,,,,,,,,,,,,,,,,,,,,,,,,,,,,,,,,,,,,,,,,,,,,,,,,,,,,,,,,,,,,,,,,,,,,,,,,,,,,,,,,,,,,,,,,,,,,,,,,,,,,,,,,,,,,,,,,,,,,,,,,,,,,,,,,,,,,,,,,
,,,,,,FS C01 2004S,,,,FS C01 2004S,FS C01 2004S,FS C01 Velux Fxd Skylt Gry/Wh - w/Solar Shade RO 21 x26-7/8 ,-- Unbranded --,,,Velux America Inc (VELAM),,,,,,,,,,,,,,,,,,,,,,,,,,,,,,,,,,,,,,,,,,,,,,,,,,,,,,,,,,,,,,,,,,,,,,,,,,,,,,,,,,,,,,,,,,,,,,,,,,,,,,,,,,,,,,,,,,,,,,,,,,,,,,,,,,,,,,,,,,,,,,,,,,,,,,,,,,,,,,,,,,,,,,,,,,,,,,,,,,,,,,,,,,,,,,,,,,,,,,,,,,,,,,,,,,,,,,,,,,,,,,,,,,,,,,,,,,,
,,,,,,FS C04 2004S,,,,FS C04 2004S,FS C04 2004S,FS C04 Velux Fxd Skylt Gry/Wh - w/Solar Shade RO 21 x37-7/8 ,-- Unbranded --,,,Velux America Inc (VELAM),,,,,,,,,,,,,,,,,,,,,,,,,,,,,,,,,,,,,,,,,,,,,,,,,,,,,,,,,,,,,,,,,,,,,,,,,,,,,,,,,,,,,,,,,,,,,,,,,,,,,,,,,,,,,,,,,,,,,,,,,,,,,,,,,,,,,,,,,,,,,,,,,,,,,,,,,,,,,,,,,,,,,,,,,,,,,,,,,,,,,,,,,,,,,,,,,,,,,,,,,,,,,,,,,,,,,,,,,,,,,,,,,,,,,,,,,,,
,,,,,,FS C06 2004S,,,,FS C06 2004S,FS C06 2004S,FS C06 Velux Fxd Skylt Gry/Wh - w/Solar Shade RO 21 x45-7/8 ,-- Unbranded --,,,Velux America Inc (VELAM),,,,,,,,,,,,,,,,,,,,,,,,,,,,,,,,,,,,,,,,,,,,,,,,,,,,,,,,,,,,,,,,,,,,,,,,,,,,,,,,,,,,,,,,,,,,,,,,,,,,,,,,,,,,,,,,,,,,,,,,,,,,,,,,,,,,,,,,,,,,,,,,,,,,,,,,,,,,,,,,,,,,,,,,,,,,,,,,,,,,,,,,,,,,,,,,,,,,,,,,,,,,,,,,,,,,,,,,,,,,,,,,,,,,,,,,,,,
,,,,,,1501831,,,,1501831,1501831,31.5x14.75 Bsmt ecoLitePlus WH - Hopper DLA w/Screen,PROVIA,,,ProVia (PRODO),,,,,,,,,,,,,,,,,,,,,,,,,,,,,,,,,,,,,,,,,,,,,,,,,,,,,,,,,,,,,,,,,,,,,,,,,,,,,,,,,,,,,,,,,,,,,,,,,,,,,,,,,,,,,,,,,,,,,,,,,,,,,,,,,,,,,,,,,,,,,,,,,,,,,,,,,,,,,,,,,,,,,,,,,,,,,,,,,,,,,,,,,,,,,,,,,,,,,,,,,,,,,,,,,,,,,,,,,,,,,,,,,,,,,,,,,,,
,,,,,,1501832,,,,1501832,1501832,31.5x22.75 Bsmt ecoLitePlus WH - Hopper DLA w/Screen,PROVIA,,,ProVia (PRODO),,,,,,,,,,,,,,,,,,,,,,,,,,,,,,,,,,,,,,,,,,,,,,,,,,,,,,,,,,,,,,,,,,,,,,,,,,,,,,,,,,,,,,,,,,,,,,,,,,,,,,,,,,,,,,,,,,,,,,,,,,,,,,,,,,,,,,,,,,,,,,,,,,,,,,,,,,,,,,,,,,,,,,,,,,,,,,,,,,,,,,,,,,,,,,,,,,,,,,,,,,,,,,,,,,,,,,,,,,,,,,,,,,,,,,,,,,,
,,,,,,1515974,,,,1515974,1515974,3030 Slider 3900 United Black WH Int LowE-2 w/Half Scrn w/J,United Window & Door,,,-,,,,,,,,,,,,,,,,,,,,,,,,,,,,,,,,,,,,,,,,,,,,,,,,,,,,,,,,,,,,,,,,,,,,,,,,,,,,,,,,,,,,,,,,,,,,,,,,,,,,,,,,,,,,,,,,,,,,,,,,,,,,,,,,,,,,,,,,,,,,,,,,,,,,,,,,,,,,,,,,,,,,,,,,,,,,,,,,,,,,,,,,,,,,,,,,,,,,,,,,,,,,,,,,,,,,,,,,,,,,,,,,,,,,,,,,,,,
,,,,,,640383,,,,640383,640383,1/2  54 x10 Drywall Easi-Lite,-- Unbranded --,,,Certainteed Gypsum (2765),,,,,,,,,,,,,,,,,,,,,,,,,,,,,,,,,,,,,,,,,,,,,,,,,,,,,,,,,,,,,,,,,,,,,,,,,,,,,,,,,,,,,,,,,,,,,,,,,,,,,,,,,,,,,,,,,,,,,,,,,,,,,,,,,,,,,,,,,,,,,,,,,,,,,,,,,,,,,,,,,,,,,,,,,,,,,,,,,,,,,,,,,,,,,,,,,,,,,,,,,,,,,,,,,,,,,,,,,,,,,,,,,,,,,,,,,,,
,,,,,,653258,,,,653258,653258,5/8  4x9 Drywall Firelite,-- Unbranded --,,,Certainteed Gypsum (2765),,,,,,,,,,,,,,,,,,,,,,,,,,,,,,,,,,,,,,,,,,,,,,,,,,,,,,,,,,,,,,,,,,,,,,,,,,,,,,,,,,,,,,,,,,,,,,,,,,,,,,,,,,,,,,,,,,,,,,,,,,,,,,,,,,,,,,,,,,,,,,,,,,,,,,,,,,,,,,,,,,,,,,,,,,,,,,,,,,,,,,,,,,,,,,,,,,,,,,,,,,,,,,,,,,,,,,,,,,,,,,,,,,,,,,,,,,,
,,,,,,413S-DBA-36,,,,413S-DBA-36,413S-DBA-36,413S 36  Alum Threshold DBZ,HAGER,,,Hager Hinge Co (4189),,,,,,,,,,,,,,,,,,,,,,,,,,,,,,,,,,,,,,,,,,,,,,,,,,,,,,,,,,,,,,,,,,,,,,,,,,,,,,,,,,,,,,,,,,,,,,,,,,,,,,,,,,,,,,,,,,,,,,,,,,,,,,,,,,,,,,,,,,,,,,,,,,,,,,,,,,,,,,,,,,,,,,,,,,,,,,,,,,,,,,,,,,,,,,,,,,,,,,,,,,,,,,,,,,,,,,,,,,,,,,,,,,,,,,,,,,,
,,,,,,413S-DBA-72,,,,413S-DBA-72,413S-DBA-72,413S 72  Alum Threshold DBZ,HAGER,,,Hager Hinge Co (4189),,,,,,,,,,,,,,,,,,,,,,,,,,,,,,,,,,,,,,,,,,,,,,,,,,,,,,,,,,,,,,,,,,,,,,,,,,,,,,,,,,,,,,,,,,,,,,,,,,,,,,,,,,,,,,,,,,,,,,,,,,,,,,,,,,,,,,,,,,,,,,,,,,,,,,,,,,,,,,,,,,,,,,,,,,,,,,,,,,,,,,,,,,,,,,,,,,,,,,,,,,,,,,,,,,,,,,,,,,,,,,,,,,,,,,,,,,,
,,,,,,1511506,,,,1511506,1511506,4'x65' Zip Rainscreen,-- Unbranded --,,,Huber Eng Wood LLC (3158),,,,,,,,,,,,,,,,,,,,,,,,,,,,,,,,,,,,,,,,,,,,,,,,,,,,,,,,,,,,,,,,,,,,,,,,,,,,,,,,,,,,,,,,,,,,,,,,,,,,,,,,,,,,,,,,,,,,,,,,,,,,,,,,,,,,,,,,,,,,,,,,,,,,,,,,,,,,,,,,,,,,,,,,,,,,,,,,,,,,,,,,,,,,,,,,,,,,,,,,,,,,,,,,,,,,,,,,,,,,,,,,,,,,,,,,,,,
,,,,,,1513577,,,,1513577,1513577,1x8-12' Doug Fir STK Smooth 1S2E,COMMODITY - UNBRANDED,,,Westwood Lumber Sales (WESLU),,,,,,,,,,,,,,,,,,,,,,,,,,,,,,,,,,,,,,,,,,,,,,,,,,,,,,,,,,,,,,,,,,,,,,,,,,,,,,,,,,,,,,,,,,,,,,,,,,,,,,,,,,,,,,,,,,,,,,,,,,,,,,,,,,,,,,,,,,,,,,,,,,,,,,,,,,,,,,,,,,,,,,,,,,,,,,,,,,,,,,,,,,,,,,,,,,,,,,,,,,,,,,,,,,,,,,,,,,,,,,,,,,,,,,,,,,,
,,,,,,1513578,,,,1513578,1513578,1x8-16' Doug Fir STK Smooth 1S2E,COMMODITY - UNBRANDED,,,Westwood Lumber Sales (WESLU),,,,,,,,,,,,,,,,,,,,,,,,,,,,,,,,,,,,,,,,,,,,,,,,,,,,,,,,,,,,,,,,,,,,,,,,,,,,,,,,,,,,,,,,,,,,,,,,,,,,,,,,,,,,,,,,,,,,,,,,,,,,,,,,,,,,,,,,,,,,,,,,,,,,,,,,,,,,,,,,,,,,,,,,,,,,,,,,,,,,,,,,,,,,,,,,,,,,,,,,,,,,,,,,,,,,,,,,,,,,,,,,,,,,,,,,,,,
,,,,,,1513579,,,,1513579,1513579,1x12-12 'Doug Fir STK Smooth 1S2E,COMMODITY - UNBRANDED,,,Westwood Lumber Sales (WESLU),,,,,,,,,,,,,,,,,,,,,,,,,,,,,,,,,,,,,,,,,,,,,,,,,,,,,,,,,,,,,,,,,,,,,,,,,,,,,,,,,,,,,,,,,,,,,,,,,,,,,,,,,,,,,,,,,,,,,,,,,,,,,,,,,,,,,,,,,,,,,,,,,,,,,,,,,,,,,,,,,,,,,,,,,,,,,,,,,,,,,,,,,,,,,,,,,,,,,,,,,,,,,,,,,,,,,,,,,,,,,,,,,,,,,,,,,,,
,,,,,,1513580,,,,1513580,1513580,1x12-16' Doug Fir STK Smooth 1S2E,COMMODITY - UNBRANDED,,,Westwood Lumber Sales (WESLU),,,,,,,,,,,,,,,,,,,,,,,,,,,,,,,,,,,,,,,,,,,,,,,,,,,,,,,,,,,,,,,,,,,,,,,,,,,,,,,,,,,,,,,,,,,,,,,,,,,,,,,,,,,,,,,,,,,,,,,,,,,,,,,,,,,,,,,,,,,,,,,,,,,,,,,,,,,,,,,,,,,,,,,,,,,,,,,,,,,,,,,,,,,,,,,,,,,,,,,,,,,,,,,,,,,,,,,,,,,,,,,,,,,,,,,,,,,
,,,,,,1501767,,,,1501767,1501767,3/4  4x8T&G Huber Blue PlusOSB - Sub Floor,-- Unbranded --,,,-,,,,,,,,,,,,,,,,,,,,,,,,,,,,,,,,,,,,,,,,,,,,,,,,,,,,,,,,,,,,,,,,,,,,,,,,,,,,,,,,,,,,,,,,,,,,,,,,,,,,,,,,,,,,,,,,,,,,,,,,,,,,,,,,,,,,,,,,,,,,,,,,,,,,,,,,,,,,,,,,,,,,,,,,,,,,,,,,,,,,,,,,,,,,,,,,,,,,,,,,,,,,,,,,,,,,,,,,,,,,,,,,,,,,,,,,,,,
,,,,,,PP-8BL,,,,PP-8BL,PP-8BL,8' Premier Rib XL Black,-- Unbranded --,,,Premier Metals (PREME),,,,,,,,,,,,,,,,,,,,,,,,,,,,,,,,,,,,,,,,,,,,,,,,,,,,,,,,,,,,,,,,,,,,,,,,,,,,,,,,,,,,,,,,,,,,,,,,,,,,,,,,,,,,,,,,,,,,,,,,,,,,,,,,,,,,,,,,,,,,,,,,,,,,,,,,,,,,,,,,,,,,,,,,,,,,,,,,,,,,,,,,,,,,,,,,,,,,,,,,,,,,,,,,,,,,,,,,,,,,,,,,,,,,,,,,,,,
,,,,,,PP-10BL,,,,PP-10BL,PP-10BL,10' Premier Rib XL Black,-- Unbranded --,,,Premier Metals (PREME),,,,,,,,,,,,,,,,,,,,,,,,,,,,,,,,,,,,,,,,,,,,,,,,,,,,,,,,,,,,,,,,,,,,,,,,,,,,,,,,,,,,,,,,,,,,,,,,,,,,,,,,,,,,,,,,,,,,,,,,,,,,,,,,,,,,,,,,,,,,,,,,,,,,,,,,,,,,,,,,,,,,,,,,,,,,,,,,,,,,,,,,,,,,,,,,,,,,,,,,,,,,,,,,,,,,,,,,,,,,,,,,,,,,,,,,,,,
,,,,,,PP-12BL,,,,PP-12BL,PP-12BL,12' Premier Rib XL Black,-- Unbranded --,,,Premier Metals (PREME),,,,,,,,,,,,,,,,,,,,,,,,,,,,,,,,,,,,,,,,,,,,,,,,,,,,,,,,,,,,,,,,,,,,,,,,,,,,,,,,,,,,,,,,,,,,,,,,,,,,,,,,,,,,,,,,,,,,,,,,,,,,,,,,,,,,,,,,,,,,,,,,,,,,,,,,,,,,,,,,,,,,,,,,,,,,,,,,,,,,,,,,,,,,,,,,,,,,,,,,,,,,,,,,,,,,,,,,,,,,,,,,,,,,,,,,,,,
,,,,,,PP-8CH,,,,PP-8CH,PP-8CH,8' Premier Rib XL Charcoal,-- Unbranded --,,,Premier Metals (PREME),,,,,,,,,,,,,,,,,,,,,,,,,,,,,,,,,,,,,,,,,,,,,,,,,,,,,,,,,,,,,,,,,,,,,,,,,,,,,,,,,,,,,,,,,,,,,,,,,,,,,,,,,,,,,,,,,,,,,,,,,,,,,,,,,,,,,,,,,,,,,,,,,,,,,,,,,,,,,,,,,,,,,,,,,,,,,,,,,,,,,,,,,,,,,,,,,,,,,,,,,,,,,,,,,,,,,,,,,,,,,,,,,,,,,,,,,,,
,,,,,,PP-10CH,,,,PP-10CH,PP-10CH,10' Premier Rib XL Charcoal,-- Unbranded --,,,Premier Metals (PREME),,,,,,,,,,,,,,,,,,,,,,,,,,,,,,,,,,,,,,,,,,,,,,,,,,,,,,,,,,,,,,,,,,,,,,,,,,,,,,,,,,,,,,,,,,,,,,,,,,,,,,,,,,,,,,,,,,,,,,,,,,,,,,,,,,,,,,,,,,,,,,,,,,,,,,,,,,,,,,,,,,,,,,,,,,,,,,,,,,,,,,,,,,,,,,,,,,,,,,,,,,,,,,,,,,,,,,,,,,,,,,,,,,,,,,,,,,,
,,,,,,PP-12CH,,,,PP-12CH,PP-12CH,12' Premier Rib XL Charcoal,-- Unbranded --,,,Premier Metals (PREME),,,,,,,,,,,,,,,,,,,,,,,,,,,,,,,,,,,,,,,,,,,,,,,,,,,,,,,,,,,,,,,,,,,,,,,,,,,,,,,,,,,,,,,,,,,,,,,,,,,,,,,,,,,,,,,,,,,,,,,,,,,,,,,,,,,,,,,,,,,,,,,,,,,,,,,,,,,,,,,,,,,,,,,,,,,,,,,,,,,,,,,,,,,,,,,,,,,,,,,,,,,,,,,,,,,,,,,,,,,,,,,,,,,,,,,,,,,
,,,,,,PP-8WH,,,,PP-8WH,PP-8WH,8' Premier Rib XL White,-- Unbranded --,,,Premier Metals (PREME),,,,,,,,,,,,,,,,,,,,,,,,,,,,,,,,,,,,,,,,,,,,,,,,,,,,,,,,,,,,,,,,,,,,,,,,,,,,,,,,,,,,,,,,,,,,,,,,,,,,,,,,,,,,,,,,,,,,,,,,,,,,,,,,,,,,,,,,,,,,,,,,,,,,,,,,,,,,,,,,,,,,,,,,,,,,,,,,,,,,,,,,,,,,,,,,,,,,,,,,,,,,,,,,,,,,,,,,,,,,,,,,,,,,,,,,,,,
,,,,,,PP-10WH,,,,PP-10WH,PP-10WH,10' Premier Rib XL White,-- Unbranded --,,,Premier Metals (PREME),,,,,,,,,,,,,,,,,,,,,,,,,,,,,,,,,,,,,,,,,,,,,,,,,,,,,,,,,,,,,,,,,,,,,,,,,,,,,,,,,,,,,,,,,,,,,,,,,,,,,,,,,,,,,,,,,,,,,,,,,,,,,,,,,,,,,,,,,,,,,,,,,,,,,,,,,,,,,,,,,,,,,,,,,,,,,,,,,,,,,,,,,,,,,,,,,,,,,,,,,,,,,,,,,,,,,,,,,,,,,,,,,,,,,,,,,,,
,,,,,,1504345,,,,1504345,1504345,OC Duration TruDef Wburg Gray (BDL),-- Unbranded --,,,Palmer Donavin Mfg Company (PALDO),,,,,,,,,,,,,,,,,,,,,,,,,,,,,,,,,,,,,,,,,,,,,,,,,,,,,,,,,,,,,,,,,,,,,,,,,,,,,,,,,,,,,,,,,,,,,,,,,,,,,,,,,,,,,,,,,,,,,,,,,,,,,,,,,,,,,,,,,,,,,,,,,,,,,,,,,,,,,,,,,,,,,,,,,,,,,,,,,,,,,,,,,,,,,,,,,,,,,,,,,,,,,,,,,,,,,,,,,,,,,,,,,,,,,,,,,,,
,,,,,,2733,,,,2733,2733,3'x65' Henry Eaveguard - Ice Guard,-- Unbranded --,,,Palmer Donavin Mfg Company (PALDO),,,,,,,,,,,,,,,,,,,,,,,,,,,,,,,,,,,,,,,,,,,,,,,,,,,,,,,,,,,,,,,,,,,,,,,,,,,,,,,,,,,,,,,,,,,,,,,,,,,,,,,,,,,,,,,,,,,,,,,,,,,,,,,,,,,,,,,,,,,,,,,,,,,,,,,,,,,,,,,,,,,,,,,,,,,,,,,,,,,,,,,,,,,,,,,,,,,,,,,,,,,,,,,,,,,,,,,,,,,,,,,,,,,,,,,,,,,
,,,,,,7547,,,,7547,7547,Ice Guard OC Weathr Lk Mat 2sq,-- Unbranded --,,,-,,,,,,,,,,,,,,,,,,,,,,,,,,,,,,,,,,,,,,,,,,,,,,,,,,,,,,,,,,,,,,,,,,,,,,,,,,,,,,,,,,,,,,,,,,,,,,,,,,,,,,,,,,,,,,,,,,,,,,,,,,,,,,,,,,,,,,,,,,,,,,,,,,,,,,,,,,,,,,,,,,,,,,,,,,,,,,,,,,,,,,,,,,,,,,,,,,,,,,,,,,,,,,,,,,,,,,,,,,,,,,,,,,,,,,,,,,,
,,,,,,8912220,,,,8912220,8912220,7-1/4 x12' Hardie Sdg Smooth - Primed HardiePlank,JAMESHARDIE,,,Boise Cascade Building Materials (BOICA),,,,,,,,,,,,,,,,,,,,,,,,,,,,,,,,,,,,,,,,,,,,,,,,,,,,,,,,,,,,,,,,,,,,,,,,,,,,,,,,,,,,,,,,,,,,,,,,,,,,,,,,,,,,,,,,,,,,,,,,,,,,,,,,,,,,,,,,,,,,,,,,,,,,,,,,,,,,,,,,,,,,,,,,,,,,,,,,,,,,,,,,,,,,,,,,,,,,,,,,,,,,,,,,,,,,,,,,,,,,,,,,,,,,,,,,,,,
,,,,,,8904015,,,,8904015,8904015,4'x10' HardiePanel Smooth - Primed,JAMESHARDIE,,,Boise Cascade Building Materials (BOICA),,,,,,,,,,,,,,,,,,,,,,,,,,,,,,,,,,,,,,,,,,,,,,,,,,,,,,,,,,,,,,,,,,,,,,,,,,,,,,,,,,,,,,,,,,,,,,,,,,,,,,,,,,,,,,,,,,,,,,,,,,,,,,,,,,,,,,,,,,,,,,,,,,,,,,,,,,,,,,,,,,,,,,,,,,,,,,,,,,,,,,,,,,,,,,,,,,,,,,,,,,,,,,,,,,,,,,,,,,,,,,,,,,,,,,,,,,,
,,,,,,25796,,,,25796,25796,6 x16' Smart Lap Sdg Cedar,LP SMARTSIDE,,,U S Lumber (3073),,,,,,,,,,,,,,,,,,,,,,,,,,,,,,,,,,,,,,,,,,,,,,,,,,,,,,,,,,,,,,,,,,,,,,,,,,,,,,,,,,,,,,,,,,,,,,,,,,,,,,,,,,,,,,,,,,,,,,,,,,,,,,,,,,,,,,,,,,,,,,,,,,,,,,,,,,,,,,,,,,,,,,,,,,,,,,,,,,,,,,,,,,,,,,,,,,,,,,,,,,,,,,,,,,,,,,,,,,,,,,,,,,,,,,,,,,,
,,,,,,40503,,,,40503,40503,3/8  16 x16' Smart Pan Cedar - No-Groove Sq Edge B&B,LP SMARTSIDE,,,U S Lumber (3073),,,,,,,,,,,,,,,,,,,,,,,,,,,,,,,,,,,,,,,,,,,,,,,,,,,,,,,,,,,,,,,,,,,,,,,,,,,,,,,,,,,,,,,,,,,,,,,,,,,,,,,,,,,,,,,,,,,,,,,,,,,,,,,,,,,,,,,,,,,,,,,,,,,,,,,,,,,,,,,,,,,,,,,,,,,,,,,,,,,,,,,,,,,,,,,,,,,,,,,,,,,,,,,,,,,,,,,,,,,,,,,,,,,,,,,,,,,
,,,,,,25825,,,,25825,25825,3/8  4x10 Smart Pan Cedar - No-Groove w/Shiplap Edges,LP SMARTSIDE,,,U S Lumber (3073),,,,,,,,,,,,,,,,,,,,,,,,,,,,,,,,,,,,,,,,,,,,,,,,,,,,,,,,,,,,,,,,,,,,,,,,,,,,,,,,,,,,,,,,,,,,,,,,,,,,,,,,,,,,,,,,,,,,,,,,,,,,,,,,,,,,,,,,,,,,,,,,,,,,,,,,,,,,,,,,,,,,,,,,,,,,,,,,,,,,,,,,,,,,,,,,,,,,,,,,,,,,,,,,,,,,,,,,,,,,,,,,,,,,,,,,,,,
,,,,,,25822,,,,25822,25822,3/8  12 x16' Smart Vented Soff - Cedar Soffit,LP SMARTSIDE,,,U S Lumber (3073),,,,,,,,,,,,,,,,,,,,,,,,,,,,,,,,,,,,,,,,,,,,,,,,,,,,,,,,,,,,,,,,,,,,,,,,,,,,,,,,,,,,,,,,,,,,,,,,,,,,,,,,,,,,,,,,,,,,,,,,,,,,,,,,,,,,,,,,,,,,,,,,,,,,,,,,,,,,,,,,,,,,,,,,,,,,,,,,,,,,,,,,,,,,,,,,,,,,,,,,,,,,,,,,,,,,,,,,,,,,,,,,,,,,,,,,,,,
,,,,,,543650101,,,,543650101,543650101,Black Alum ADA Wall Mount Trex,TREX,,,Boise Cascade Building Materials (BOICA),,,,,,,,,,,,,,,,,,,,,,,,,,,,,,,,,,,,,,,,,,,,,,,,,,,,,,,,,,,,,,,,,,,,,,,,,,,,,,,,,,,,,,,,,,,,,,,,,,,,,,,,,,,,,,,,,,,,,,,,,,,,,,,,,,,,,,,,,,,,,,,,,,,,,,,,,,,,,,,,,,,,,,,,,,,,,,,,,,,,,,,,,,,,,,,,,,,,,,,,,,,,,,,,,,,,,,,,,,,,,,,,,,,,,,,,,,,
,,,,,,543650010,,,,543650010,543650010,Black Alum ADA Int End Cap - Trex,TREX,,,Boise Cascade Building Materials (BOICA),,,,,,,,,,,,,,,,,,,,,,,,,,,,,,,,,,,,,,,,,,,,,,,,,,,,,,,,,,,,,,,,,,,,,,,,,,,,,,,,,,,,,,,,,,,,,,,,,,,,,,,,,,,,,,,,,,,,,,,,,,,,,,,,,,,,,,,,,,,,,,,,,,,,,,,,,,,,,,,,,,,,,,,,,,,,,,,,,,,,,,,,,,,,,,,,,,,,,,,,,,,,,,,,,,,,,,,,,,,,,,,,,,,,,,,,,,,
,,,,,,543650048,,,,543650048,543650048,8' Black Alum ADA Rail Trex,TREX,,,Boise Cascade Building Materials (BOICA),,,,,,,,,,,,,,,,,,,,,,,,,,,,,,,,,,,,,,,,,,,,,,,,,,,,,,,,,,,,,,,,,,,,,,,,,,,,,,,,,,,,,,,,,,,,,,,,,,,,,,,,,,,,,,,,,,,,,,,,,,,,,,,,,,,,,,,,,,,,,,,,,,,,,,,,,,,,,,,,,,,,,,,,,,,,,,,,,,,,,,,,,,,,,,,,,,,,,,,,,,,,,,,,,,,,,,,,,,,,,,,,,,,,,,,,,,,
,,,,,,1506969,,,,1506969,1506969,1-1/2  4x8 Huber Zip R6.6 - Insulated R-Sheathing,-- Unbranded --,,,-,,,,,,,,,,,,,,,,,,,,,,,,,,,,,,,,,,,,,,,,,,,,,,,,,,,,,,,,,,,,,,,,,,,,,,,,,,,,,,,,,,,,,,,,,,,,,,,,,,,,,,,,,,,,,,,,,,,,,,,,,,,,,,,,,,,,,,,,,,,,,,,,,,,,,,,,,,,,,,,,,,,,,,,,,,,,,,,,,,,,,,,,,,,,,,,,,,,,,,,,,,,,,,,,,,,,,,,,,,,,,,,,,,,,,,,,,,,
,,,,,,1514681,,,,1514681,1514681,1  4x8 Huber Zip R3.6 - Insulated R-Sheathing,-- Unbranded --,,,-,,,,,,,,,,,,,,,,,,,,,,,,,,,,,,,,,,,,,,,,,,,,,,,,,,,,,,,,,,,,,,,,,,,,,,,,,,,,,,,,,,,,,,,,,,,,,,,,,,,,,,,,,,,,,,,,,,,,,,,,,,,,,,,,,,,,,,,,,,,,,,,,,,,,,,,,,,,,,,,,,,,,,,,,,,,,,,,,,,,,,,,,,,,,,,,,,,,,,,,,,,,,,,,,,,,,,,,,,,,,,,,,,,,,,,,,,,,
,,,,,,1514726,,,,1514726,1514726,2  4x8 Huber Zip R9.6 - Insulated R-Sheathing,-- Unbranded --,,,-,,,,,,,,,,,,,,,,,,,,,,,,,,,,,,,,,,,,,,,,,,,,,,,,,,,,,,,,,,,,,,,,,,,,,,,,,,,,,,,,,,,,,,,,,,,,,,,,,,,,,,,,,,,,,,,,,,,,,,,,,,,,,,,,,,,,,,,,,,,,,,,,,,,,,,,,,,,,,,,,,,,,,,,,,,,,,,,,,,,,,,,,,,,,,,,,,,,,,,,,,,,,,,,,,,,,,,,,,,,,,,,,,,,,,,,,,,,
,,,,,,1728ABL,,,,1728ABL,1728ABL,2x2 Black Fine Fissured 1728BL,-- Unbranded --,,,Palmer Donavin Mfg Company (PALDO),,,,,,,,,,,,,,,,,,,,,,,,,,,,,,,,,,,,,,,,,,,,,,,,,,,,,,,,,,,,,,,,,,,,,,,,,,,,,,,,,,,,,,,,,,,,,,,,,,,,,,,,,,,,,,,,,,,,,,,,,,,,,,,,,,,,,,,,,,,,,,,,,,,,,,,,,,,,,,,,,,,,,,,,,,,,,,,,,,,,,,,,,,,,,,,,,,,,,,,,,,,,,,,,,,,,,,,,,,,,,,,,,,,,,,,,,,,
,,,,,,402-R,,,,402-R,402-R,402R 12V12AH 8D Battery,-- Unbranded --,,,MillerTech Energy Solutions (MILTE),,,,,,,,,,,,,,,,,,,,,,,,,,,,,,,,,,,,,,,,,,,,,,,,,,,,,,,,,,,,,,,,,,,,,,,,,,,,,,,,,,,,,,,,,,,,,,,,,,,,,,,,,,,,,,,,,,,,,,,,,,,,,,,,,,,,,,,,,,,,,,,,,,,,,,,,,,,,,,,,,,,,,,,,,,,,,,,,,,,,,,,,,,,,,,,,,,,,,,,,,,,,,,,,,,,,,,,,,,,,,,,,,,,,,,,,,,,
,,,,,,SL1672,,,,SL1672,SL1672,SL1672 Jumpstart & Pwr Supply,-- Unbranded --,,,-,,,,,,,,,,,,,,,,,,,,,,,,,,,,,,,,,,,,,,,,,,,,,,,,,,,,,,,,,,,,,,,,,,,,,,,,,,,,,,,,,,,,,,,,,,,,,,,,,,,,,,,,,,,,,,,,,,,,,,,,,,,,,,,,,,,,,,,,,,,,,,,,,,,,,,,,,,,,,,,,,,,,,,,,,,,,,,,,,,,,,,,,,,,,,,,,,,,,,,,,,,,,,,,,,,,,,,,,,,,,,,,,,,,,,,,,,,,
,,,,,,BM-DW20-YLW-6,,,,BM-DW20-YLW-6,BM-DW20-YLW-6,BM-DW20-YLW-6 Dewalt - Battery Mounts 6pk,-- Unbranded --,,,Metalmark Industrial Inc (METIN),,,,,,,,,,,,,,,,,,,,,,,,,,,,,,,,,,,,,,,,,,,,,,,,,,,,,,,,,,,,,,,,,,,,,,,,,,,,,,,,,,,,,,,,,,,,,,,,,,,,,,,,,,,,,,,,,,,,,,,,,,,,,,,,,,,,,,,,,,,,,,,,,,,,,,,,,,,,,,,,,,,,,,,,,,,,,,,,,,,,,,,,,,,,,,,,,,,,,,,,,,,,,,,,,,,,,,,,,,,,,,,,,,,,,,,,,,,
,,,,,,BHA1-UPC,,,,BHA1-UPC,BHA1-UPC,16-24 Adjust Hanger,-- Unbranded --,,,Southwire/g Turner (6603),,,,,,,,,,,,,,,,,,,,,,,,,,,,,,,,,,,,,,,,,,,,,,,,,,,,,,,,,,,,,,,,,,,,,,,,,,,,,,,,,,,,,,,,,,,,,,,,,,,,,,,,,,,,,,,,,,,,,,,,,,,,,,,,,,,,,,,,,,,,,,,,,,,,,,,,,,,,,,,,,,,,,,,,,,,,,,,,,,,,,,,,,,,,,,,,,,,,,,,,,,,,,,,,,,,,,,,,,,,,,,,,,,,,,,,,,,,
,,,,,,G1941-UPC,,,,G1941-UPC,G1941-UPC,G1941UPC 4  Sq Cover Sw/Outlet,-- Unbranded --,,,Southwire/g Turner (6603),,,,,,,,,,,,,,,,,,,,,,,,,,,,,,,,,,,,,,,,,,,,,,,,,,,,,,,,,,,,,,,,,,,,,,,,,,,,,,,,,,,,,,,,,,,,,,,,,,,,,,,,,,,,,,,,,,,,,,,,,,,,,,,,,,,,,,,,,,,,,,,,,,,,,,,,,,,,,,,,,,,,,,,,,,,,,,,,,,,,,,,,,,,,,,,,,,,,,,,,,,,,,,,,,,,,,,,,,,,,,,,,,,,,,,,,,,,
,,,,,,G1950-UPC,,,,G1950-UPC,G1950-UPC,4x4 2G GFI Box Cover,-- Unbranded --,,,Southwire/g Turner (6603),,,,,,,,,,,,,,,,,,,,,,,,,,,,,,,,,,,,,,,,,,,,,,,,,,,,,,,,,,,,,,,,,,,,,,,,,,,,,,,,,,,,,,,,,,,,,,,,,,,,,,,,,,,,,,,,,,,,,,,,,,,,,,,,,,,,,,,,,,,,,,,,,,,,,,,,,,,,,,,,,,,,,,,,,,,,,,,,,,,,,,,,,,,,,,,,,,,,,,,,,,,,,,,,,,,,,,,,,,,,,,,,,,,,,,,,,,,
,,,,,,A410RCAR,,,,A410RCAR,A410RCAR,4x4 1G PVC Box Cover,-- Unbranded --,,,Thomas & Betts (7405),,,,,,,,,,,,,,,,,,,,,,,,,,,,,,,,,,,,,,,,,,,,,,,,,,,,,,,,,,,,,,,,,,,,,,,,,,,,,,,,,,,,,,,,,,,,,,,,,,,,,,,,,,,,,,,,,,,,,,,,,,,,,,,,,,,,,,,,,,,,,,,,,,,,,,,,,,,,,,,,,,,,,,,,,,,,,,,,,,,,,,,,,,,,,,,,,,,,,,,,,,,,,,,,,,,,,,,,,,,,,,,,,,,,,,,,,,,
,,,,,,G1951-UPC,,,,G1951-UPC,G1951-UPC,4x4 2G GFCI Duplex Box Cover,-- Unbranded --,,,Southwire/g Turner (6603),,,,,,,,,,,,,,,,,,,,,,,,,,,,,,,,,,,,,,,,,,,,,,,,,,,,,,,,,,,,,,,,,,,,,,,,,,,,,,,,,,,,,,,,,,,,,,,,,,,,,,,,,,,,,,,,,,,,,,,,,,,,,,,,,,,,,,,,,,,,,,,,,,,,,,,,,,,,,,,,,,,,,,,,,,,,,,,,,,,,,,,,,,,,,,,,,,,,,,,,,,,,,,,,,,,,,,,,,,,,,,,,,,,,,,,,,,,
,,,,,,52C3-5/8-UPC,,,,52C3-5/8-UPC,52C3-5/8-UPC,4x4 1G Box Cover,-- Unbranded --,,,Southwire/g Turner (6603),,,,,,,,,,,,,,,,,,,,,,,,,,,,,,,,,,,,,,,,,,,,,,,,,,,,,,,,,,,,,,,,,,,,,,,,,,,,,,,,,,,,,,,,,,,,,,,,,,,,,,,,,,,,,,,,,,,,,,,,,,,,,,,,,,,,,,,,,,,,,,,,,,,,,,,,,,,,,,,,,,,,,,,,,,,,,,,,,,,,,,,,,,,,,,,,,,,,,,,,,,,,,,,,,,,,,,,,,,,,,,,,,,,,,,,,,,,
,,,,,,52C14-5/8-UPC,,,,52C14-5/8-UPC,52C14-5/8-UPC,4x4 1G Box Cover,-- Unbranded --,,,Southwire/g Turner (6603),,,,,,,,,,,,,,,,,,,,,,,,,,,,,,,,,,,,,,,,,,,,,,,,,,,,,,,,,,,,,,,,,,,,,,,,,,,,,,,,,,,,,,,,,,,,,,,,,,,,,,,,,,,,,,,,,,,,,,,,,,,,,,,,,,,,,,,,,,,,,,,,,,,,,,,,,,,,,,,,,,,,,,,,,,,,,,,,,,,,,,,,,,,,,,,,,,,,,,,,,,,,,,,,,,,,,,,,,,,,,,,,,,,,,,,,,,,
,,,,,,52C3-UPC,,,,52C3-UPC,52C3-UPC,4x4 1G Box Cover,-- Unbranded --,,,Southwire/g Turner (6603),,,,,,,,,,,,,,,,,,,,,,,,,,,,,,,,,,,,,,,,,,,,,,,,,,,,,,,,,,,,,,,,,,,,,,,,,,,,,,,,,,,,,,,,,,,,,,,,,,,,,,,,,,,,,,,,,,,,,,,,,,,,,,,,,,,,,,,,,,,,,,,,,,,,,,,,,,,,,,,,,,,,,,,,,,,,,,,,,,,,,,,,,,,,,,,,,,,,,,,,,,,,,,,,,,,,,,,,,,,,,,,,,,,,,,,,,,,
,,,,,,54151-F-UPC,,,,54151-F-UPC,54151-F-UPC,4x4x1-1/2 Oct Box w/Bracket,-- Unbranded --,,,Southwire/g Turner (6603),,,,,,,,,,,,,,,,,,,,,,,,,,,,,,,,,,,,,,,,,,,,,,,,,,,,,,,,,,,,,,,,,,,,,,,,,,,,,,,,,,,,,,,,,,,,,,,,,,,,,,,,,,,,,,,,,,,,,,,,,,,,,,,,,,,,,,,,,,,,,,,,,,,,,,,,,,,,,,,,,,,,,,,,,,,,,,,,,,,,,,,,,,,,,,,,,,,,,,,,,,,,,,,,,,,,,,,,,,,,,,,,,,,,,,,,,,,
,,,,,,54151-HUR-UPC,,,,54151-HUR-UPC,54151-HUR-UPC,4x4x1-1/2 Oct Box w/Hanger,-- Unbranded --,,,Southwire/g Turner (6603),,,,,,,,,,,,,,,,,,,,,,,,,,,,,,,,,,,,,,,,,,,,,,,,,,,,,,,,,,,,,,,,,,,,,,,,,,,,,,,,,,,,,,,,,,,,,,,,,,,,,,,,,,,,,,,,,,,,,,,,,,,,,,,,,,,,,,,,,,,,,,,,,,,,,,,,,,,,,,,,,,,,,,,,,,,,,,,,,,,,,,,,,,,,,,,,,,,,,,,,,,,,,,,,,,,,,,,,,,,,,,,,,,,,,,,,,,,
,,,,,,54151-JR-UPC,,,,54151-JR-UPC,54151-JR-UPC,4x4x1-1/2 Oct Box w/Brakcet,-- Unbranded --,,,Southwire/g Turner (6603),,,,,,,,,,,,,,,,,,,,,,,,,,,,,,,,,,,,,,,,,,,,,,,,,,,,,,,,,,,,,,,,,,,,,,,,,,,,,,,,,,,,,,,,,,,,,,,,,,,,,,,,,,,,,,,,,,,,,,,,,,,,,,,,,,,,,,,,,,,,,,,,,,,,,,,,,,,,,,,,,,,,,,,,,,,,,,,,,,,,,,,,,,,,,,,,,,,,,,,,,,,,,,,,,,,,,,,,,,,,,,,,,,,,,,,,,,,
,,,,,,54171-R-UPC,,,,54171-R-UPC,54171-R-UPC,4x4x2 Oct Box,-- Unbranded --,,,Southwire/g Turner (6603),,,,,,,,,,,,,,,,,,,,,,,,,,,,,,,,,,,,,,,,,,,,,,,,,,,,,,,,,,,,,,,,,,,,,,,,,,,,,,,,,,,,,,,,,,,,,,,,,,,,,,,,,,,,,,,,,,,,,,,,,,,,,,,,,,,,,,,,,,,,,,,,,,,,,,,,,,,,,,,,,,,,,,,,,,,,,,,,,,,,,,,,,,,,,,,,,,,,,,,,,,,,,,,,,,,,,,,,,,,,,,,,,,,,,,,,,,,
,,,,,,52151-S-UPC,,,,52151-S-UPC,52151-S-UPC,4x4x1-1/2 Square Box,-- Unbranded --,,,Southwire/g Turner (6603),,,,,,,,,,,,,,,,,,,,,,,,,,,,,,,,,,,,,,,,,,,,,,,,,,,,,,,,,,,,,,,,,,,,,,,,,,,,,,,,,,,,,,,,,,,,,,,,,,,,,,,,,,,,,,,,,,,,,,,,,,,,,,,,,,,,,,,,,,,,,,,,,,,,,,,,,,,,,,,,,,,,,,,,,,,,,,,,,,,,,,,,,,,,,,,,,,,,,,,,,,,,,,,,,,,,,,,,,,,,,,,,,,,,,,,,,,,
,,,,,,72171-3/4-1W-UPC,,,,72171-3/4-1W-UPC,72171-3/4-1W-UPC,4-1/2x4-1/2x2 2G Box,-- Unbranded --,,,Southwire/g Turner (6603),,,,,,,,,,,,,,,,,,,,,,,,,,,,,,,,,,,,,,,,,,,,,,,,,,,,,,,,,,,,,,,,,,,,,,,,,,,,,,,,,,,,,,,,,,,,,,,,,,,,,,,,,,,,,,,,,,,,,,,,,,,,,,,,,,,,,,,,,,,,,,,,,,,,,,,,,,,,,,,,,,,,,,,,,,,,,,,,,,,,,,,,,,,,,,,,,,,,,,,,,,,,,,,,,,,,,,,,,,,,,,,,,,,,,,,,,,,
,,,,,,5522-5EV,,,,5522-5EV,5522-5EV,5522-5EV 2 Port Decor Plate,-- Unbranded --,,,Cooper Wiring Devices (3560),,,,,,,,,,,,,,,,,,,,,,,,,,,,,,,,,,,,,,,,,,,,,,,,,,,,,,,,,,,,,,,,,,,,,,,,,,,,,,,,,,,,,,,,,,,,,,,,,,,,,,,,,,,,,,,,,,,,,,,,,,,,,,,,,,,,,,,,,,,,,,,,,,,,,,,,,,,,,,,,,,,,,,,,,,,,,,,,,,,,,,,,,,,,,,,,,,,,,,,,,,,,,,,,,,,,,,,,,,,,,,,,,,,,,,,,,,,
,,,,,,AYCL-153PH-LA,,,,AYCL-153PH-LA,AYCL-153PH-LA,AYCL-153PH-LA Lutron Dimmer LA,-- Unbranded --,,,Fenton Bros Electric Inc (FENBR),,,,,,,,,,,,,,,,,,,,,,,,,,,,,,,,,,,,,,,,,,,,,,,,,,,,,,,,,,,,,,,,,,,,,,,,,,,,,,,,,,,,,,,,,,,,,,,,,,,,,,,,,,,,,,,,,,,,,,,,,,,,,,,,,,,,,,,,,,,,,,,,,,,,,,,,,,,,,,,,,,,,,,,,,,,,,,,,,,,,,,,,,,,,,,,,,,,,,,,,,,,,,,,,,,,,,,,,,,,,,,,,,,,,,,,,,,,
,,,,,,AYCL-153PH-WH,,,,AYCL-153PH-WH,AYCL-153PH-WH,AYCL-153PH-WH Lutron Dimmer Wh,-- Unbranded --,,,Fenton Bros Electric Inc (FENBR),,,,,,,,,,,,,,,,,,,,,,,,,,,,,,,,,,,,,,,,,,,,,,,,,,,,,,,,,,,,,,,,,,,,,,,,,,,,,,,,,,,,,,,,,,,,,,,,,,,,,,,,,,,,,,,,,,,,,,,,,,,,,,,,,,,,,,,,,,,,,,,,,,,,,,,,,,,,,,,,,,,,,,,,,,,,,,,,,,,,,,,,,,,,,,,,,,,,,,,,,,,,,,,,,,,,,,,,,,,,,,,,,,,,,,,,,,,
,,,,,,D23LP-R02-1RW,,,,D23LP-R02-1RW,D23LP-R02-1RW,D23LPR021RW Plug In Dimmer Wh,-- Unbranded --,,,Leviton Mfg Co (4927),,,,,,,,,,,,,,,,,,,,,,,,,,,,,,,,,,,,,,,,,,,,,,,,,,,,,,,,,,,,,,,,,,,,,,,,,,,,,,,,,,,,,,,,,,,,,,,,,,,,,,,,,,,,,,,,,,,,,,,,,,,,,,,,,,,,,,,,,,,,,,,,,,,,,,,,,,,,,,,,,,,,,,,,,,,,,,,,,,,,,,,,,,,,,,,,,,,,,,,,,,,,,,,,,,,,,,,,,,,,,,,,,,,,,,,,,,,
,,,,,,TNOCD002,,,,TNOCD002,TNOCD002,TNOCD002 125V Outdooor Timer,-- Unbranded --,,,Prime Wire & Cable (3562),,,,,,,,,,,,,,,,,,,,,,,,,,,,,,,,,,,,,,,,,,,,,,,,,,,,,,,,,,,,,,,,,,,,,,,,,,,,,,,,,,,,,,,,,,,,,,,,,,,,,,,,,,,,,,,,,,,,,,,,,,,,,,,,,,,,,,,,,,,,,,,,,,,,,,,,,,,,,,,,,,,,,,,,,,,,,,,,,,,,,,,,,,,,,,,,,,,,,,,,,,,,,,,,,,,,,,,,,,,,,,,,,,,,,,,,,,,
,,,,,,TNDHD002,,,,TNDHD002,TNDHD002,TNDHD002 125V 7Day Timer,-- Unbranded --,,,Prime Wire & Cable (3562),,,,,,,,,,,,,,,,,,,,,,,,,,,,,,,,,,,,,,,,,,,,,,,,,,,,,,,,,,,,,,,,,,,,,,,,,,,,,,,,,,,,,,,,,,,,,,,,,,,,,,,,,,,,,,,,,,,,,,,,,,,,,,,,,,,,,,,,,,,,,,,,,,,,,,,,,,,,,,,,,,,,,,,,,,,,,,,,,,,,,,,,,,,,,,,,,,,,,,,,,,,,,,,,,,,,,,,,,,,,,,,,,,,,,,,,,,,
,,,,,,TNIDP12,,,,TNIDP12,TNIDP12,TNIDP12 125V Dig Indoor Timer,-- Unbranded --,,,Prime Wire & Cable (3562),,,,,,,,,,,,,,,,,,,,,,,,,,,,,,,,,,,,,,,,,,,,,,,,,,,,,,,,,,,,,,,,,,,,,,,,,,,,,,,,,,,,,,,,,,,,,,,,,,,,,,,,,,,,,,,,,,,,,,,,,,,,,,,,,,,,,,,,,,,,,,,,,,,,,,,,,,,,,,,,,,,,,,,,,,,,,,,,,,,,,,,,,,,,,,,,,,,,,,,,,,,,,,,,,,,,,,,,,,,,,,,,,,,,,,,,,,,
,,,,,,TNIW24,,,,TNIW24,TNIW24,TNIW24 125V 24hr Mech Timer,-- Unbranded --,,,Prime Wire & Cable (3562),,,,,,,,,,,,,,,,,,,,,,,,,,,,,,,,,,,,,,,,,,,,,,,,,,,,,,,,,,,,,,,,,,,,,,,,,,,,,,,,,,,,,,,,,,,,,,,,,,,,,,,,,,,,,,,,,,,,,,,,,,,,,,,,,,,,,,,,,,,,,,,,,,,,,,,,,,,,,,,,,,,,,,,,,,,,,,,,,,,,,,,,,,,,,,,,,,,,,,,,,,,,,,,,,,,,,,,,,,,,,,,,,,,,,,,,,,,
,,,,,,65-1222,,,,65-1222,65-1222,65-1222 1' Led Lt Multi CCT,-- Unbranded --,,,Satco Prod Inc (5573),,,,,,,,,,,,,,,,,,,,,,,,,,,,,,,,,,,,,,,,,,,,,,,,,,,,,,,,,,,,,,,,,,,,,,,,,,,,,,,,,,,,,,,,,,,,,,,,,,,,,,,,,,,,,,,,,,,,,,,,,,,,,,,,,,,,,,,,,,,,,,,,,,,,,,,,,,,,,,,,,,,,,,,,,,,,,,,,,,,,,,,,,,,,,,,,,,,,,,,,,,,,,,,,,,,,,,,,,,,,,,,,,,,,,,,,,,,
,,,,,,65-1224,,,,65-1224,65-1224,65-1224 4' Led Strip Light,-- Unbranded --,,,Satco Prod Inc (5573),,,,,,,,,,,,,,,,,,,,,,,,,,,,,,,,,,,,,,,,,,,,,,,,,,,,,,,,,,,,,,,,,,,,,,,,,,,,,,,,,,,,,,,,,,,,,,,,,,,,,,,,,,,,,,,,,,,,,,,,,,,,,,,,,,,,,,,,,,,,,,,,,,,,,,,,,,,,,,,,,,,,,,,,,,,,,,,,,,,,,,,,,,,,,,,,,,,,,,,,,,,,,,,,,,,,,,,,,,,,,,,,,,,,,,,,,,,
,,,,,,45297BK,,,,45297BK,45297BK,45297BK Kichler Wall Lt,-- Unbranded --,,,Kichler Lighting (KICLI),,,,,,,,,,,,,,,,,,,,,,,,,,,,,,,,,,,,,,,,,,,,,,,,,,,,,,,,,,,,,,,,,,,,,,,,,,,,,,,,,,,,,,,,,,,,,,,,,,,,,,,,,,,,,,,,,,,,,,,,,,,,,,,,,,,,,,,,,,,,,,,,,,,,,,,,,,,,,,,,,,,,,,,,,,,,,,,,,,,,,,,,,,,,,,,,,,,,,,,,,,,,,,,,,,,,,,,,,,,,,,,,,,,,,,,,,,,
,,,,,,45573BK,,,,45573BK,45573BK,45573BK Kichler Wall Light,-- Unbranded --,,,Kichler Lighting (KICLI),,,,,,,,,,,,,,,,,,,,,,,,,,,,,,,,,,,,,,,,,,,,,,,,,,,,,,,,,,,,,,,,,,,,,,,,,,,,,,,,,,,,,,,,,,,,,,,,,,,,,,,,,,,,,,,,,,,,,,,,,,,,,,,,,,,,,,,,,,,,,,,,,,,,,,,,,,,,,,,,,,,,,,,,,,,,,,,,,,,,,,,,,,,,,,,,,,,,,,,,,,,,,,,,,,,,,,,,,,,,,,,,,,,,,,,,,,,
,,,,,,37418A,,,,37418A,37418A,37418A Kichler Bath Light,-- Unbranded --,,,Kichler Lighting (KICLI),,,,,,,,,,,,,,,,,,,,,,,,,,,,,,,,,,,,,,,,,,,,,,,,,,,,,,,,,,,,,,,,,,,,,,,,,,,,,,,,,,,,,,,,,,,,,,,,,,,,,,,,,,,,,,,,,,,,,,,,,,,,,,,,,,,,,,,,,,,,,,,,,,,,,,,,,,,,,,,,,,,,,,,,,,,,,,,,,,,,,,,,,,,,,,,,,,,,,,,,,,,,,,,,,,,,,,,,,,,,,,,,,,,,,,,,,,,
,,,,,,37423A,,,,37423A,37423A,37423A Kichler Bath Light,-- Unbranded --,,,Kichler Lighting (KICLI),,,,,,,,,,,,,,,,,,,,,,,,,,,,,,,,,,,,,,,,,,,,,,,,,,,,,,,,,,,,,,,,,,,,,,,,,,,,,,,,,,,,,,,,,,,,,,,,,,,,,,,,,,,,,,,,,,,,,,,,,,,,,,,,,,,,,,,,,,,,,,,,,,,,,,,,,,,,,,,,,,,,,,,,,,,,,,,,,,,,,,,,,,,,,,,,,,,,,,,,,,,,,,,,,,,,,,,,,,,,,,,,,,,,,,,,,,,
,,,,,,45496BKCLR,,,,45496BKCLR,45496BKCLR,45496BKCLR Kichler Bath Light,-- Unbranded --,,,Kichler Lighting (KICLI),,,,,,,,,,,,,,,,,,,,,,,,,,,,,,,,,,,,,,,,,,,,,,,,,,,,,,,,,,,,,,,,,,,,,,,,,,,,,,,,,,,,,,,,,,,,,,,,,,,,,,,,,,,,,,,,,,,,,,,,,,,,,,,,,,,,,,,,,,,,,,,,,,,,,,,,,,,,,,,,,,,,,,,,,,,,,,,,,,,,,,,,,,,,,,,,,,,,,,,,,,,,,,,,,,,,,,,,,,,,,,,,,,,,,,,,,,,
,,,,,,45973BK,,,,45973BK,45973BK,45973BK Kichler Wall Light,-- Unbranded --,,,Kichler Lighting (KICLI),,,,,,,,,,,,,,,,,,,,,,,,,,,,,,,,,,,,,,,,,,,,,,,,,,,,,,,,,,,,,,,,,,,,,,,,,,,,,,,,,,,,,,,,,,,,,,,,,,,,,,,,,,,,,,,,,,,,,,,,,,,,,,,,,,,,,,,,,,,,,,,,,,,,,,,,,,,,,,,,,,,,,,,,,,,,,,,,,,,,,,,,,,,,,,,,,,,,,,,,,,,,,,,,,,,,,,,,,,,,,,,,,,,,,,,,,,,
,,,,,,55155BK,,,,55155BK,55155BK,55155BK Kichler Wall Lt,-- Unbranded --,,,Kichler Lighting (KICLI),,,,,,,,,,,,,,,,,,,,,,,,,,,,,,,,,,,,,,,,,,,,,,,,,,,,,,,,,,,,,,,,,,,,,,,,,,,,,,,,,,,,,,,,,,,,,,,,,,,,,,,,,,,,,,,,,,,,,,,,,,,,,,,,,,,,,,,,,,,,,,,,,,,,,,,,,,,,,,,,,,,,,,,,,,,,,,,,,,,,,,,,,,,,,,,,,,,,,,,,,,,,,,,,,,,,,,,,,,,,,,,,,,,,,,,,,,,
,,,,,,55157CPZ,,,,55157CPZ,55157CPZ,55157CPZ Kichler Wall Light,-- Unbranded --,,,Kichler Lighting (KICLI),,,,,,,,,,,,,,,,,,,,,,,,,,,,,,,,,,,,,,,,,,,,,,,,,,,,,,,,,,,,,,,,,,,,,,,,,,,,,,,,,,,,,,,,,,,,,,,,,,,,,,,,,,,,,,,,,,,,,,,,,,,,,,,,,,,,,,,,,,,,,,,,,,,,,,,,,,,,,,,,,,,,,,,,,,,,,,,,,,,,,,,,,,,,,,,,,,,,,,,,,,,,,,,,,,,,,,,,,,,,,,,,,,,,,,,,,,,
,,,,,,55184BK,,,,55184BK,55184BK,55184BK Kichler Wall Lt,-- Unbranded --,,,Kichler Lighting (KICLI),,,,,,,,,,,,,,,,,,,,,,,,,,,,,,,,,,,,,,,,,,,,,,,,,,,,,,,,,,,,,,,,,,,,,,,,,,,,,,,,,,,,,,,,,,,,,,,,,,,,,,,,,,,,,,,,,,,,,,,,,,,,,,,,,,,,,,,,,,,,,,,,,,,,,,,,,,,,,,,,,,,,,,,,,,,,,,,,,,,,,,,,,,,,,,,,,,,,,,,,,,,,,,,,,,,,,,,,,,,,,,,,,,,,,,,,,,,
,,,,,,55185BK,,,,55185BK,55185BK,55185BK Kichler Wall Lt,-- Unbranded --,,,Kichler Lighting (KICLI),,,,,,,,,,,,,,,,,,,,,,,,,,,,,,,,,,,,,,,,,,,,,,,,,,,,,,,,,,,,,,,,,,,,,,,,,,,,,,,,,,,,,,,,,,,,,,,,,,,,,,,,,,,,,,,,,,,,,,,,,,,,,,,,,,,,,,,,,,,,,,,,,,,,,,,,,,,,,,,,,,,,,,,,,,,,,,,,,,,,,,,,,,,,,,,,,,,,,,,,,,,,,,,,,,,,,,,,,,,,,,,,,,,,,,,,,,,
,,,,,,55186CH,,,,55186CH,55186CH,55186CH Kichler Wall Lt,-- Unbranded --,,,Kichler Lighting (KICLI),,,,,,,,,,,,,,,,,,,,,,,,,,,,,,,,,,,,,,,,,,,,,,,,,,,,,,,,,,,,,,,,,,,,,,,,,,,,,,,,,,,,,,,,,,,,,,,,,,,,,,,,,,,,,,,,,,,,,,,,,,,,,,,,,,,,,,,,,,,,,,,,,,,,,,,,,,,,,,,,,,,,,,,,,,,,,,,,,,,,,,,,,,,,,,,,,,,,,,,,,,,,,,,,,,,,,,,,,,,,,,,,,,,,,,,,,,,
,,,,,,55210NI,,,,55210NI,55210NI,55210NI Kichler Wall Light,-- Unbranded --,,,Kichler Lighting (KICLI),,,,,,,,,,,,,,,,,,,,,,,,,,,,,,,,,,,,,,,,,,,,,,,,,,,,,,,,,,,,,,,,,,,,,,,,,,,,,,,,,,,,,,,,,,,,,,,,,,,,,,,,,,,,,,,,,,,,,,,,,,,,,,,,,,,,,,,,,,,,,,,,,,,,,,,,,,,,,,,,,,,,,,,,,,,,,,,,,,,,,,,,,,,,,,,,,,,,,,,,,,,,,,,,,,,,,,,,,,,,,,,,,,,,,,,,,,,
,,,,,,55211BK,,,,55211BK,55211BK,55211BK Kichler Wall Light,-- Unbranded --,,,Kichler Lighting (KICLI),,,,,,,,,,,,,,,,,,,,,,,,,,,,,,,,,,,,,,,,,,,,,,,,,,,,,,,,,,,,,,,,,,,,,,,,,,,,,,,,,,,,,,,,,,,,,,,,,,,,,,,,,,,,,,,,,,,,,,,,,,,,,,,,,,,,,,,,,,,,,,,,,,,,,,,,,,,,,,,,,,,,,,,,,,,,,,,,,,,,,,,,,,,,,,,,,,,,,,,,,,,,,,,,,,,,,,,,,,,,,,,,,,,,,,,,,,,
,,,,,,55211NI,,,,55211NI,55211NI,55211NI Kichler Wall Light,-- Unbranded --,,,Kichler Lighting (KICLI),,,,,,,,,,,,,,,,,,,,,,,,,,,,,,,,,,,,,,,,,,,,,,,,,,,,,,,,,,,,,,,,,,,,,,,,,,,,,,,,,,,,,,,,,,,,,,,,,,,,,,,,,,,,,,,,,,,,,,,,,,,,,,,,,,,,,,,,,,,,,,,,,,,,,,,,,,,,,,,,,,,,,,,,,,,,,,,,,,,,,,,,,,,,,,,,,,,,,,,,,,,,,,,,,,,,,,,,,,,,,,,,,,,,,,,,,,,
,,,,,,55212NI,,,,55212NI,55212NI,55212NI Kichler Wall Light,-- Unbranded --,,,Kichler Lighting (KICLI),,,,,,,,,,,,,,,,,,,,,,,,,,,,,,,,,,,,,,,,,,,,,,,,,,,,,,,,,,,,,,,,,,,,,,,,,,,,,,,,,,,,,,,,,,,,,,,,,,,,,,,,,,,,,,,,,,,,,,,,,,,,,,,,,,,,,,,,,,,,,,,,,,,,,,,,,,,,,,,,,,,,,,,,,,,,,,,,,,,,,,,,,,,,,,,,,,,,,,,,,,,,,,,,,,,,,,,,,,,,,,,,,,,,,,,,,,,
,,,,,,55226BKLFU,,,,55226BKLFU,55226BKLFU,55226BKFLU Kichler Wall Lt,-- Unbranded --,,,Kichler Lighting (KICLI),,,,,,,,,,,,,,,,,,,,,,,,,,,,,,,,,,,,,,,,,,,,,,,,,,,,,,,,,,,,,,,,,,,,,,,,,,,,,,,,,,,,,,,,,,,,,,,,,,,,,,,,,,,,,,,,,,,,,,,,,,,,,,,,,,,,,,,,,,,,,,,,,,,,,,,,,,,,,,,,,,,,,,,,,,,,,,,,,,,,,,,,,,,,,,,,,,,,,,,,,,,,,,,,,,,,,,,,,,,,,,,,,,,,,,,,,,,
,,,,,,55239CPZLED,,,,55239CPZLED,55239CPZLED,55239CPZLED Kichler Wall Lt,-- Unbranded --,,,Kichler Lighting (KICLI),,,,,,,,,,,,,,,,,,,,,,,,,,,,,,,,,,,,,,,,,,,,,,,,,,,,,,,,,,,,,,,,,,,,,,,,,,,,,,,,,,,,,,,,,,,,,,,,,,,,,,,,,,,,,,,,,,,,,,,,,,,,,,,,,,,,,,,,,,,,,,,,,,,,,,,,,,,,,,,,,,,,,,,,,,,,,,,,,,,,,,,,,,,,,,,,,,,,,,,,,,,,,,,,,,,,,,,,,,,,,,,,,,,,,,,,,,,
,,,,,,44072DBK,,,,44072DBK,44072DBK,44072DBK Kichler Chandelier Lt,-- Unbranded --,,,Kichler Lighting (KICLI),,,,,,,,,,,,,,,,,,,,,,,,,,,,,,,,,,,,,,,,,,,,,,,,,,,,,,,,,,,,,,,,,,,,,,,,,,,,,,,,,,,,,,,,,,,,,,,,,,,,,,,,,,,,,,,,,,,,,,,,,,,,,,,,,,,,,,,,,,,,,,,,,,,,,,,,,,,,,,,,,,,,,,,,,,,,,,,,,,,,,,,,,,,,,,,,,,,,,,,,,,,,,,,,,,,,,,,,,,,,,,,,,,,,,,,,,,,
,,,,,,44073NI,,,,44073NI,44073NI,44073NI Kichler Chandelier Lt,-- Unbranded --,,,Kichler Lighting (KICLI),,,,,,,,,,,,,,,,,,,,,,,,,,,,,,,,,,,,,,,,,,,,,,,,,,,,,,,,,,,,,,,,,,,,,,,,,,,,,,,,,,,,,,,,,,,,,,,,,,,,,,,,,,,,,,,,,,,,,,,,,,,,,,,,,,,,,,,,,,,,,,,,,,,,,,,,,,,,,,,,,,,,,,,,,,,,,,,,,,,,,,,,,,,,,,,,,,,,,,,,,,,,,,,,,,,,,,,,,,,,,,,,,,,,,,,,,,,
,,,,,,52033BK,,,,52033BK,52033BK,52033BK Kichler Chandelier Lt,-- Unbranded --,,,Kichler Lighting (KICLI),,,,,,,,,,,,,,,,,,,,,,,,,,,,,,,,,,,,,,,,,,,,,,,,,,,,,,,,,,,,,,,,,,,,,,,,,,,,,,,,,,,,,,,,,,,,,,,,,,,,,,,,,,,,,,,,,,,,,,,,,,,,,,,,,,,,,,,,,,,,,,,,,,,,,,,,,,,,,,,,,,,,,,,,,,,,,,,,,,,,,,,,,,,,,,,,,,,,,,,,,,,,,,,,,,,,,,,,,,,,,,,,,,,,,,,,,,,
,,,,,,84322WH,,,,84322WH,84322WH,84322WH Kichler Chandelier Lt,-- Unbranded --,,,Kichler Lighting (KICLI),,,,,,,,,,,,,,,,,,,,,,,,,,,,,,,,,,,,,,,,,,,,,,,,,,,,,,,,,,,,,,,,,,,,,,,,,,,,,,,,,,,,,,,,,,,,,,,,,,,,,,,,,,,,,,,,,,,,,,,,,,,,,,,,,,,,,,,,,,,,,,,,,,,,,,,,,,,,,,,,,,,,,,,,,,,,,,,,,,,,,,,,,,,,,,,,,,,,,,,,,,,,,,,,,,,,,,,,,,,,,,,,,,,,,,,,,,,
,,,,,,52404BK,,,,52404BK,52404BK,52404BK Kichler Chandelier Lt,-- Unbranded --,,,Kichler Lighting (KICLI),,,,,,,,,,,,,,,,,,,,,,,,,,,,,,,,,,,,,,,,,,,,,,,,,,,,,,,,,,,,,,,,,,,,,,,,,,,,,,,,,,,,,,,,,,,,,,,,,,,,,,,,,,,,,,,,,,,,,,,,,,,,,,,,,,,,,,,,,,,,,,,,,,,,,,,,,,,,,,,,,,,,,,,,,,,,,,,,,,,,,,,,,,,,,,,,,,,,,,,,,,,,,,,,,,,,,,,,,,,,,,,,,,,,,,,,,,,
,,,,,,34686A,,,,34686A,34686A,34686A Kichler Chandelier Lt,-- Unbranded --,,,Kichler Lighting (KICLI),,,,,,,,,,,,,,,,,,,,,,,,,,,,,,,,,,,,,,,,,,,,,,,,,,,,,,,,,,,,,,,,,,,,,,,,,,,,,,,,,,,,,,,,,,,,,,,,,,,,,,,,,,,,,,,,,,,,,,,,,,,,,,,,,,,,,,,,,,,,,,,,,,,,,,,,,,,,,,,,,,,,,,,,,,,,,,,,,,,,,,,,,,,,,,,,,,,,,,,,,,,,,,,,,,,,,,,,,,,,,,,,,,,,,,,,,,,
,,,,,,34687A,,,,34687A,34687A,34687A Kichler Chandelier Lt,-- Unbranded --,,,Kichler Lighting (KICLI),,,,,,,,,,,,,,,,,,,,,,,,,,,,,,,,,,,,,,,,,,,,,,,,,,,,,,,,,,,,,,,,,,,,,,,,,,,,,,,,,,,,,,,,,,,,,,,,,,,,,,,,,,,,,,,,,,,,,,,,,,,,,,,,,,,,,,,,,,,,,,,,,,,,,,,,,,,,,,,,,,,,,,,,,,,,,,,,,,,,,,,,,,,,,,,,,,,,,,,,,,,,,,,,,,,,,,,,,,,,,,,,,,,,,,,,,,,
,,,,,,34688A,,,,34688A,34688A,34688A Kichler Chandelier Lt,-- Unbranded --,,,-,,,,,,,,,,,,,,,,,,,,,,,,,,,,,,,,,,,,,,,,,,,,,,,,,,,,,,,,,,,,,,,,,,,,,,,,,,,,,,,,,,,,,,,,,,,,,,,,,,,,,,,,,,,,,,,,,,,,,,,,,,,,,,,,,,,,,,,,,,,,,,,,,,,,,,,,,,,,,,,,,,,,,,,,,,,,,,,,,,,,,,,,,,,,,,,,,,,,,,,,,,,,,,,,,,,,,,,,,,,,,,,,,,,,,,,,,,,
,,,,,,43671BKCLR,,,,43671BKCLR,43671BKCLR,43671BKCLR Kichler Chand Lt,-- Unbranded --,,,Kichler Lighting (KICLI),,,,,,,,,,,,,,,,,,,,,,,,,,,,,,,,,,,,,,,,,,,,,,,,,,,,,,,,,,,,,,,,,,,,,,,,,,,,,,,,,,,,,,,,,,,,,,,,,,,,,,,,,,,,,,,,,,,,,,,,,,,,,,,,,,,,,,,,,,,,,,,,,,,,,,,,,,,,,,,,,,,,,,,,,,,,,,,,,,,,,,,,,,,,,,,,,,,,,,,,,,,,,,,,,,,,,,,,,,,,,,,,,,,,,,,,,,,
,,,,,,52616BK,,,,52616BK,52616BK,52616BK Kichler Chandelier Lt,-- Unbranded --,,,Kichler Lighting (KICLI),,,,,,,,,,,,,,,,,,,,,,,,,,,,,,,,,,,,,,,,,,,,,,,,,,,,,,,,,,,,,,,,,,,,,,,,,,,,,,,,,,,,,,,,,,,,,,,,,,,,,,,,,,,,,,,,,,,,,,,,,,,,,,,,,,,,,,,,,,,,,,,,,,,,,,,,,,,,,,,,,,,,,,,,,,,,,,,,,,,,,,,,,,,,,,,,,,,,,,,,,,,,,,,,,,,,,,,,,,,,,,,,,,,,,,,,,,,
,,,,,,52616NI,,,,52616NI,52616NI,52616NI Kichler Chandelier Lt,-- Unbranded --,,,Kichler Lighting (KICLI),,,,,,,,,,,,,,,,,,,,,,,,,,,,,,,,,,,,,,,,,,,,,,,,,,,,,,,,,,,,,,,,,,,,,,,,,,,,,,,,,,,,,,,,,,,,,,,,,,,,,,,,,,,,,,,,,,,,,,,,,,,,,,,,,,,,,,,,,,,,,,,,,,,,,,,,,,,,,,,,,,,,,,,,,,,,,,,,,,,,,,,,,,,,,,,,,,,,,,,,,,,,,,,,,,,,,,,,,,,,,,,,,,,,,,,,,,,
,,,,,,52678BK,,,,52678BK,52678BK,52678BK Kichler Chandelier Lt,-- Unbranded --,,,Kichler Lighting (KICLI),,,,,,,,,,,,,,,,,,,,,,,,,,,,,,,,,,,,,,,,,,,,,,,,,,,,,,,,,,,,,,,,,,,,,,,,,,,,,,,,,,,,,,,,,,,,,,,,,,,,,,,,,,,,,,,,,,,,,,,,,,,,,,,,,,,,,,,,,,,,,,,,,,,,,,,,,,,,,,,,,,,,,,,,,,,,,,,,,,,,,,,,,,,,,,,,,,,,,,,,,,,,,,,,,,,,,,,,,,,,,,,,,,,,,,,,,,,
,,,,,,52680CPZ,,,,52680CPZ,52680CPZ,52680CPZ Kichler Chandelier Lt,-- Unbranded --,,,Kichler Lighting (KICLI),,,,,,,,,,,,,,,,,,,,,,,,,,,,,,,,,,,,,,,,,,,,,,,,,,,,,,,,,,,,,,,,,,,,,,,,,,,,,,,,,,,,,,,,,,,,,,,,,,,,,,,,,,,,,,,,,,,,,,,,,,,,,,,,,,,,,,,,,,,,,,,,,,,,,,,,,,,,,,,,,,,,,,,,,,,,,,,,,,,,,,,,,,,,,,,,,,,,,,,,,,,,,,,,,,,,,,,,,,,,,,,,,,,,,,,,,,,
,,,,,,52772BK,,,,52772BK,52772BK,52772BK Kichler Chandelier Lt,-- Unbranded --,,,Kichler Lighting (KICLI),,,,,,,,,,,,,,,,,,,,,,,,,,,,,,,,,,,,,,,,,,,,,,,,,,,,,,,,,,,,,,,,,,,,,,,,,,,,,,,,,,,,,,,,,,,,,,,,,,,,,,,,,,,,,,,,,,,,,,,,,,,,,,,,,,,,,,,,,,,,,,,,,,,,,,,,,,,,,,,,,,,,,,,,,,,,,,,,,,,,,,,,,,,,,,,,,,,,,,,,,,,,,,,,,,,,,,,,,,,,,,,,,,,,,,,,,,,
,,,,,,82399,,,,82399,82399,82399 Kichler Chandelier Lt,-- Unbranded --,,,Kichler Lighting (KICLI),,,,,,,,,,,,,,,,,,,,,,,,,,,,,,,,,,,,,,,,,,,,,,,,,,,,,,,,,,,,,,,,,,,,,,,,,,,,,,,,,,,,,,,,,,,,,,,,,,,,,,,,,,,,,,,,,,,,,,,,,,,,,,,,,,,,,,,,,,,,,,,,,,,,,,,,,,,,,,,,,,,,,,,,,,,,,,,,,,,,,,,,,,,,,,,,,,,,,,,,,,,,,,,,,,,,,,,,,,,,,,,,,,,,,,,,,,,
,,,,,,65-771R3,,,,65-771R3,65-771R3,65-771R3 Nuvo Highbay Light,-- Unbranded --,,,Satco Prod Inc (5573),,,,,,,,,,,,,,,,,,,,,,,,,,,,,,,,,,,,,,,,,,,,,,,,,,,,,,,,,,,,,,,,,,,,,,,,,,,,,,,,,,,,,,,,,,,,,,,,,,,,,,,,,,,,,,,,,,,,,,,,,,,,,,,,,,,,,,,,,,,,,,,,,,,,,,,,,,,,,,,,,,,,,,,,,,,,,,,,,,,,,,,,,,,,,,,,,,,,,,,,,,,,,,,,,,,,,,,,,,,,,,,,,,,,,,,,,,,
,,,,,,42955BK,,,,42955BK,42955BK,42955BK Kichler Ceiling Lt,-- Unbranded --,,,Kichler Lighting (KICLI),,,,,,,,,,,,,,,,,,,,,,,,,,,,,,,,,,,,,,,,,,,,,,,,,,,,,,,,,,,,,,,,,,,,,,,,,,,,,,,,,,,,,,,,,,,,,,,,,,,,,,,,,,,,,,,,,,,,,,,,,,,,,,,,,,,,,,,,,,,,,,,,,,,,,,,,,,,,,,,,,,,,,,,,,,,,,,,,,,,,,,,,,,,,,,,,,,,,,,,,,,,,,,,,,,,,,,,,,,,,,,,,,,,,,,,,,,,
,,,,,,42275BK,,,,42275BK,42275BK,42275BK Kichler Ceiling Lt,-- Unbranded --,,,Kichler Lighting (KICLI),,,,,,,,,,,,,,,,,,,,,,,,,,,,,,,,,,,,,,,,,,,,,,,,,,,,,,,,,,,,,,,,,,,,,,,,,,,,,,,,,,,,,,,,,,,,,,,,,,,,,,,,,,,,,,,,,,,,,,,,,,,,,,,,,,,,,,,,,,,,,,,,,,,,,,,,,,,,,,,,,,,,,,,,,,,,,,,,,,,,,,,,,,,,,,,,,,,,,,,,,,,,,,,,,,,,,,,,,,,,,,,,,,,,,,,,,,,
,,,,,,62-1850,,,,62-1850,62-1850,62-1850 11  Led Ceiling Light,-- Unbranded --,,,Satco Prod Inc (5573),,,,,,,,,,,,,,,,,,,,,,,,,,,,,,,,,,,,,,,,,,,,,,,,,,,,,,,,,,,,,,,,,,,,,,,,,,,,,,,,,,,,,,,,,,,,,,,,,,,,,,,,,,,,,,,,,,,,,,,,,,,,,,,,,,,,,,,,,,,,,,,,,,,,,,,,,,,,,,,,,,,,,,,,,,,,,,,,,,,,,,,,,,,,,,,,,,,,,,,,,,,,,,,,,,,,,,,,,,,,,,,,,,,,,,,,,,,
,,,,,,62-1852,,,,62-1852,62-1852,62-1852 14  Satco Led Ceiling Lt,-- Unbranded --,,,Satco Prod Inc (5573),,,,,,,,,,,,,,,,,,,,,,,,,,,,,,,,,,,,,,,,,,,,,,,,,,,,,,,,,,,,,,,,,,,,,,,,,,,,,,,,,,,,,,,,,,,,,,,,,,,,,,,,,,,,,,,,,,,,,,,,,,,,,,,,,,,,,,,,,,,,,,,,,,,,,,,,,,,,,,,,,,,,,,,,,,,,,,,,,,,,,,,,,,,,,,,,,,,,,,,,,,,,,,,,,,,,,,,,,,,,,,,,,,,,,,,,,,,
,,,,,,62-1875,,,,62-1875,62-1875,62-1875 10  Led Ceiling Lt Bn,-- Unbranded --,,,Satco Prod Inc (5573),,,,,,,,,,,,,,,,,,,,,,,,,,,,,,,,,,,,,,,,,,,,,,,,,,,,,,,,,,,,,,,,,,,,,,,,,,,,,,,,,,,,,,,,,,,,,,,,,,,,,,,,,,,,,,,,,,,,,,,,,,,,,,,,,,,,,,,,,,,,,,,,,,,,,,,,,,,,,,,,,,,,,,,,,,,,,,,,,,,,,,,,,,,,,,,,,,,,,,,,,,,,,,,,,,,,,,,,,,,,,,,,,,,,,,,,,,,
,,,,,,62-1876,,,,62-1876,62-1876,62-1876 13  Satco Ceiling Light BN,-- Unbranded --,,,Satco Prod Inc (5573),,,,,,,,,,,,,,,,,,,,,,,,,,,,,,,,,,,,,,,,,,,,,,,,,,,,,,,,,,,,,,,,,,,,,,,,,,,,,,,,,,,,,,,,,,,,,,,,,,,,,,,,,,,,,,,,,,,,,,,,,,,,,,,,,,,,,,,,,,,,,,,,,,,,,,,,,,,,,,,,,,,,,,,,,,,,,,,,,,,,,,,,,,,,,,,,,,,,,,,,,,,,,,,,,,,,,,,,,,,,,,,,,,,,,,,,,,,
,,,,,,42296BK,,,,42296BK,42296BK,42296BK Kichler Ceiling Lt,-- Unbranded --,,,Kichler Lighting (KICLI),,,,,,,,,,,,,,,,,,,,,,,,,,,,,,,,,,,,,,,,,,,,,,,,,,,,,,,,,,,,,,,,,,,,,,,,,,,,,,,,,,,,,,,,,,,,,,,,,,,,,,,,,,,,,,,,,,,,,,,,,,,,,,,,,,,,,,,,,,,,,,,,,,,,,,,,,,,,,,,,,,,,,,,,,,,,,,,,,,,,,,,,,,,,,,,,,,,,,,,,,,,,,,,,,,,,,,,,,,,,,,,,,,,,,,,,,,,
,,,,,,43913BK,,,,43913BK,43913BK,43913BK Kichler Pendant Lt,-- Unbranded --,,,Kichler Lighting (KICLI),,,,,,,,,,,,,,,,,,,,,,,,,,,,,,,,,,,,,,,,,,,,,,,,,,,,,,,,,,,,,,,,,,,,,,,,,,,,,,,,,,,,,,,,,,,,,,,,,,,,,,,,,,,,,,,,,,,,,,,,,,,,,,,,,,,,,,,,,,,,,,,,,,,,,,,,,,,,,,,,,,,,,,,,,,,,,,,,,,,,,,,,,,,,,,,,,,,,,,,,,,,,,,,,,,,,,,,,,,,,,,,,,,,,,,,,,,,
,,,,,,HLSMS9129FS1E,,,,HLSMS9129FS1E,HLSMS9129FS1E,HLSMS9129FS1E 9  Motion Lt,-- Unbranded --,,,Cooper Lighting (7638),,,,,,,,,,,,,,,,,,,,,,,,,,,,,,,,,,,,,,,,,,,,,,,,,,,,,,,,,,,,,,,,,,,,,,,,,,,,,,,,,,,,,,,,,,,,,,,,,,,,,,,,,,,,,,,,,,,,,,,,,,,,,,,,,,,,,,,,,,,,,,,,,,,,,,,,,,,,,,,,,,,,,,,,,,,,,,,,,,,,,,,,,,,,,,,,,,,,,,,,,,,,,,,,,,,,,,,,,,,,,,,,,,,,,,,,,,,
,,,,,,64-110,,,,64-110,64-110,64-110 Satco Tape Light 16',-- Unbranded --,,,Satco Prod Inc (5573),,,,,,,,,,,,,,,,,,,,,,,,,,,,,,,,,,,,,,,,,,,,,,,,,,,,,,,,,,,,,,,,,,,,,,,,,,,,,,,,,,,,,,,,,,,,,,,,,,,,,,,,,,,,,,,,,,,,,,,,,,,,,,,,,,,,,,,,,,,,,,,,,,,,,,,,,,,,,,,,,,,,,,,,,,,,,,,,,,,,,,,,,,,,,,,,,,,,,,,,,,,,,,,,,,,,,,,,,,,,,,,,,,,,,,,,,,,
,,,,,,603571,,,,603571,603571,603571 3' Strip Light Ext,-- Unbranded --,,,Phillips Lighting (5831),,,,,,,,,,,,,,,,,,,,,,,,,,,,,,,,,,,,,,,,,,,,,,,,,,,,,,,,,,,,,,,,,,,,,,,,,,,,,,,,,,,,,,,,,,,,,,,,,,,,,,,,,,,,,,,,,,,,,,,,,,,,,,,,,,,,,,,,,,,,,,,,,,,,,,,,,,,,,,,,,,,,,,,,,,,,,,,,,,,,,,,,,,,,,,,,,,,,,,,,,,,,,,,,,,,,,,,,,,,,,,,,,,,,,,,,,,,
,,,,,,65-572R1,,,,65-572R1,65-572R1,65572 Satco 2x4 Led Flat Panel,-- Unbranded --,,,Satco Prod Inc (5573),,,,,,,,,,,,,,,,,,,,,,,,,,,,,,,,,,,,,,,,,,,,,,,,,,,,,,,,,,,,,,,,,,,,,,,,,,,,,,,,,,,,,,,,,,,,,,,,,,,,,,,,,,,,,,,,,,,,,,,,,,,,,,,,,,,,,,,,,,,,,,,,,,,,,,,,,,,,,,,,,,,,,,,,,,,,,,,,,,,,,,,,,,,,,,,,,,,,,,,,,,,,,,,,,,,,,,,,,,,,,,,,,,,,,,,,,,,
,,,,,,52476AVI,,,,52476AVI,52476AVI,52476AVI Kichler Pendant Lt,-- Unbranded --,,,Kichler Lighting (KICLI),,,,,,,,,,,,,,,,,,,,,,,,,,,,,,,,,,,,,,,,,,,,,,,,,,,,,,,,,,,,,,,,,,,,,,,,,,,,,,,,,,,,,,,,,,,,,,,,,,,,,,,,,,,,,,,,,,,,,,,,,,,,,,,,,,,,,,,,,,,,,,,,,,,,,,,,,,,,,,,,,,,,,,,,,,,,,,,,,,,,,,,,,,,,,,,,,,,,,,,,,,,,,,,,,,,,,,,,,,,,,,,,,,,,,,,,,,,
,,,,,,42199BK,,,,42199BK,42199BK,42199BK Kichler Pendant Lt,-- Unbranded --,,,Kichler Lighting (KICLI),,,,,,,,,,,,,,,,,,,,,,,,,,,,,,,,,,,,,,,,,,,,,,,,,,,,,,,,,,,,,,,,,,,,,,,,,,,,,,,,,,,,,,,,,,,,,,,,,,,,,,,,,,,,,,,,,,,,,,,,,,,,,,,,,,,,,,,,,,,,,,,,,,,,,,,,,,,,,,,,,,,,,,,,,,,,,,,,,,,,,,,,,,,,,,,,,,,,,,,,,,,,,,,,,,,,,,,,,,,,,,,,,,,,,,,,,,,
,,,,,,42199BKCS,,,,42199BKCS,42199BKCS,42199BKCS Kichler Pendant Lt,-- Unbranded --,,,Kichler Lighting (KICLI),,,,,,,,,,,,,,,,,,,,,,,,,,,,,,,,,,,,,,,,,,,,,,,,,,,,,,,,,,,,,,,,,,,,,,,,,,,,,,,,,,,,,,,,,,,,,,,,,,,,,,,,,,,,,,,,,,,,,,,,,,,,,,,,,,,,,,,,,,,,,,,,,,,,,,,,,,,,,,,,,,,,,,,,,,,,,,,,,,,,,,,,,,,,,,,,,,,,,,,,,,,,,,,,,,,,,,,,,,,,,,,,,,,,,,,,,,,
,,,,,,42200BK,,,,42200BK,42200BK,42200BK Kichler Pendant Lt,-- Unbranded --,,,Kichler Lighting (KICLI),,,,,,,,,,,,,,,,,,,,,,,,,,,,,,,,,,,,,,,,,,,,,,,,,,,,,,,,,,,,,,,,,,,,,,,,,,,,,,,,,,,,,,,,,,,,,,,,,,,,,,,,,,,,,,,,,,,,,,,,,,,,,,,,,,,,,,,,,,,,,,,,,,,,,,,,,,,,,,,,,,,,,,,,,,,,,,,,,,,,,,,,,,,,,,,,,,,,,,,,,,,,,,,,,,,,,,,,,,,,,,,,,,,,,,,,,,,
,,,,,,42200BKCS,,,,42200BKCS,42200BKCS,42200BKCS Kichler Pendant Lt,-- Unbranded --,,,Kichler Lighting (KICLI),,,,,,,,,,,,,,,,,,,,,,,,,,,,,,,,,,,,,,,,,,,,,,,,,,,,,,,,,,,,,,,,,,,,,,,,,,,,,,,,,,,,,,,,,,,,,,,,,,,,,,,,,,,,,,,,,,,,,,,,,,,,,,,,,,,,,,,,,,,,,,,,,,,,,,,,,,,,,,,,,,,,,,,,,,,,,,,,,,,,,,,,,,,,,,,,,,,,,,,,,,,,,,,,,,,,,,,,,,,,,,,,,,,,,,,,,,,
,,,,,,43851BK,,,,43851BK,43851BK,43851BK Kichler Pendant Lt,-- Unbranded --,,,Kichler Lighting (KICLI),,,,,,,,,,,,,,,,,,,,,,,,,,,,,,,,,,,,,,,,,,,,,,,,,,,,,,,,,,,,,,,,,,,,,,,,,,,,,,,,,,,,,,,,,,,,,,,,,,,,,,,,,,,,,,,,,,,,,,,,,,,,,,,,,,,,,,,,,,,,,,,,,,,,,,,,,,,,,,,,,,,,,,,,,,,,,,,,,,,,,,,,,,,,,,,,,,,,,,,,,,,,,,,,,,,,,,,,,,,,,,,,,,,,,,,,,,,
,,,,,,43852BK,,,,43852BK,43852BK,43852BK Kichler Pendant Lt,-- Unbranded --,,,Kichler Lighting (KICLI),,,,,,,,,,,,,,,,,,,,,,,,,,,,,,,,,,,,,,,,,,,,,,,,,,,,,,,,,,,,,,,,,,,,,,,,,,,,,,,,,,,,,,,,,,,,,,,,,,,,,,,,,,,,,,,,,,,,,,,,,,,,,,,,,,,,,,,,,,,,,,,,,,,,,,,,,,,,,,,,,,,,,,,,,,,,,,,,,,,,,,,,,,,,,,,,,,,,,,,,,,,,,,,,,,,,,,,,,,,,,,,,,,,,,,,,,,,
,,,,,,43853BK,,,,43853BK,43853BK,43853BK Kichler Pendant Lt,-- Unbranded --,,,Kichler Lighting (KICLI),,,,,,,,,,,,,,,,,,,,,,,,,,,,,,,,,,,,,,,,,,,,,,,,,,,,,,,,,,,,,,,,,,,,,,,,,,,,,,,,,,,,,,,,,,,,,,,,,,,,,,,,,,,,,,,,,,,,,,,,,,,,,,,,,,,,,,,,,,,,,,,,,,,,,,,,,,,,,,,,,,,,,,,,,,,,,,,,,,,,,,,,,,,,,,,,,,,,,,,,,,,,,,,,,,,,,,,,,,,,,,,,,,,,,,,,,,,
,,,,,,43905BK,,,,43905BK,43905BK,43905BK Kichler Pendant Lt,-- Unbranded --,,,Kichler Lighting (KICLI),,,,,,,,,,,,,,,,,,,,,,,,,,,,,,,,,,,,,,,,,,,,,,,,,,,,,,,,,,,,,,,,,,,,,,,,,,,,,,,,,,,,,,,,,,,,,,,,,,,,,,,,,,,,,,,,,,,,,,,,,,,,,,,,,,,,,,,,,,,,,,,,,,,,,,,,,,,,,,,,,,,,,,,,,,,,,,,,,,,,,,,,,,,,,,,,,,,,,,,,,,,,,,,,,,,,,,,,,,,,,,,,,,,,,,,,,,,
,,,,,,43911BK,,,,43911BK,43911BK,43911BK Kichler Pendant Lt,-- Unbranded --,,,Kichler Lighting (KICLI),,,,,,,,,,,,,,,,,,,,,,,,,,,,,,,,,,,,,,,,,,,,,,,,,,,,,,,,,,,,,,,,,,,,,,,,,,,,,,,,,,,,,,,,,,,,,,,,,,,,,,,,,,,,,,,,,,,,,,,,,,,,,,,,,,,,,,,,,,,,,,,,,,,,,,,,,,,,,,,,,,,,,,,,,,,,,,,,,,,,,,,,,,,,,,,,,,,,,,,,,,,,,,,,,,,,,,,,,,,,,,,,,,,,,,,,,,,
,,,,,,52529BK,,,,52529BK,52529BK,52529BK Kichler Pendant Light,-- Unbranded --,,,Kichler Lighting (KICLI),,,,,,,,,,,,,,,,,,,,,,,,,,,,,,,,,,,,,,,,,,,,,,,,,,,,,,,,,,,,,,,,,,,,,,,,,,,,,,,,,,,,,,,,,,,,,,,,,,,,,,,,,,,,,,,,,,,,,,,,,,,,,,,,,,,,,,,,,,,,,,,,,,,,,,,,,,,,,,,,,,,,,,,,,,,,,,,,,,,,,,,,,,,,,,,,,,,,,,,,,,,,,,,,,,,,,,,,,,,,,,,,,,,,,,,,,,,
,,,,,,52662BKCLR,,,,52662BKCLR,52662BKCLR,52662BKCLR Kichler Pendant Lt,-- Unbranded --,,,Kichler Lighting (KICLI),,,,,,,,,,,,,,,,,,,,,,,,,,,,,,,,,,,,,,,,,,,,,,,,,,,,,,,,,,,,,,,,,,,,,,,,,,,,,,,,,,,,,,,,,,,,,,,,,,,,,,,,,,,,,,,,,,,,,,,,,,,,,,,,,,,,,,,,,,,,,,,,,,,,,,,,,,,,,,,,,,,,,,,,,,,,,,,,,,,,,,,,,,,,,,,,,,,,,,,,,,,,,,,,,,,,,,,,,,,,,,,,,,,,,,,,,,,
,,,,,,52734CPZ,,,,52734CPZ,52734CPZ,52734CPZ Kichler Pendant Light,-- Unbranded --,,,Kichler Lighting (KICLI),,,,,,,,,,,,,,,,,,,,,,,,,,,,,,,,,,,,,,,,,,,,,,,,,,,,,,,,,,,,,,,,,,,,,,,,,,,,,,,,,,,,,,,,,,,,,,,,,,,,,,,,,,,,,,,,,,,,,,,,,,,,,,,,,,,,,,,,,,,,,,,,,,,,,,,,,,,,,,,,,,,,,,,,,,,,,,,,,,,,,,,,,,,,,,,,,,,,,,,,,,,,,,,,,,,,,,,,,,,,,,,,,,,,,,,,,,,
,,,,,,82400,,,,82400,82400,82400 Kichler Pendant Lt,-- Unbranded --,,,Kichler Lighting (KICLI),,,,,,,,,,,,,,,,,,,,,,,,,,,,,,,,,,,,,,,,,,,,,,,,,,,,,,,,,,,,,,,,,,,,,,,,,,,,,,,,,,,,,,,,,,,,,,,,,,,,,,,,,,,,,,,,,,,,,,,,,,,,,,,,,,,,,,,,,,,,,,,,,,,,,,,,,,,,,,,,,,,,,,,,,,,,,,,,,,,,,,,,,,,,,,,,,,,,,,,,,,,,,,,,,,,,,,,,,,,,,,,,,,,,,,,,,,,
,,,,,,S11606,,,,S11606,S11606,S11606 8  Round Down Lt 30K,-- Unbranded --,,,Satco Prod Inc (5573),,,,,,,,,,,,,,,,,,,,,,,,,,,,,,,,,,,,,,,,,,,,,,,,,,,,,,,,,,,,,,,,,,,,,,,,,,,,,,,,,,,,,,,,,,,,,,,,,,,,,,,,,,,,,,,,,,,,,,,,,,,,,,,,,,,,,,,,,,,,,,,,,,,,,,,,,,,,,,,,,,,,,,,,,,,,,,,,,,,,,,,,,,,,,,,,,,,,,,,,,,,,,,,,,,,,,,,,,,,,,,,,,,,,,,,,,,,
,,,,,,S11828,,,,S11828,S11828,S11828 8  Led Down Light,-- Unbranded --,,,Satco Prod Inc (5573),,,,,,,,,,,,,,,,,,,,,,,,,,,,,,,,,,,,,,,,,,,,,,,,,,,,,,,,,,,,,,,,,,,,,,,,,,,,,,,,,,,,,,,,,,,,,,,,,,,,,,,,,,,,,,,,,,,,,,,,,,,,,,,,,,,,,,,,,,,,,,,,,,,,,,,,,,,,,,,,,,,,,,,,,,,,,,,,,,,,,,,,,,,,,,,,,,,,,,,,,,,,,,,,,,,,,,,,,,,,,,,,,,,,,,,,,,,
,,,,,,801274,,,,801274,801274,801274 10w LED 6  Retro 50k,-- Unbranded --,,,Phillips Lighting (5831),,,,,,,,,,,,,,,,,,,,,,,,,,,,,,,,,,,,,,,,,,,,,,,,,,,,,,,,,,,,,,,,,,,,,,,,,,,,,,,,,,,,,,,,,,,,,,,,,,,,,,,,,,,,,,,,,,,,,,,,,,,,,,,,,,,,,,,,,,,,,,,,,,,,,,,,,,,,,,,,,,,,,,,,,,,,,,,,,,,,,,,,,,,,,,,,,,,,,,,,,,,,,,,,,,,,,,,,,,,,,,,,,,,,,,,,,,,
,,,,,,S11860,,,,S11860,S11860,S11860 6  Downlight White 5 CCT,-- Unbranded --,,,Satco Prod Inc (5573),,,,,,,,,,,,,,,,,,,,,,,,,,,,,,,,,,,,,,,,,,,,,,,,,,,,,,,,,,,,,,,,,,,,,,,,,,,,,,,,,,,,,,,,,,,,,,,,,,,,,,,,,,,,,,,,,,,,,,,,,,,,,,,,,,,,,,,,,,,,,,,,,,,,,,,,,,,,,,,,,,,,,,,,,,,,,,,,,,,,,,,,,,,,,,,,,,,,,,,,,,,,,,,,,,,,,,,,,,,,,,,,,,,,,,,,,,,
,,,,,,S11562,,,,S11562,S11562,S11562 Starfish 6  D/W Downlight,-- Unbranded --,,,Satco Prod Inc (5573),,,,,,,,,,,,,,,,,,,,,,,,,,,,,,,,,,,,,,,,,,,,,,,,,,,,,,,,,,,,,,,,,,,,,,,,,,,,,,,,,,,,,,,,,,,,,,,,,,,,,,,,,,,,,,,,,,,,,,,,,,,,,,,,,,,,,,,,,,,,,,,,,,,,,,,,,,,,,,,,,,,,,,,,,,,,,,,,,,,,,,,,,,,,,,,,,,,,,,,,,,,,,,,,,,,,,,,,,,,,,,,,,,,,,,,,,,,
,,,,,,S11646,,,,S11646,S11646,S11646 6  Downlight Wh,-- Unbranded --,,,Satco Prod Inc (5573),,,,,,,,,,,,,,,,,,,,,,,,,,,,,,,,,,,,,,,,,,,,,,,,,,,,,,,,,,,,,,,,,,,,,,,,,,,,,,,,,,,,,,,,,,,,,,,,,,,,,,,,,,,,,,,,,,,,,,,,,,,,,,,,,,,,,,,,,,,,,,,,,,,,,,,,,,,,,,,,,,,,,,,,,,,,,,,,,,,,,,,,,,,,,,,,,,,,,,,,,,,,,,,,,,,,,,,,,,,,,,,,,,,,,,,,,,,
,,,,,,S11801R1,,,,S11801R1,S11801R1,S11801R1 6  Led Downlight Wh,-- Unbranded --,,,Satco Prod Inc (5573),,,,,,,,,,,,,,,,,,,,,,,,,,,,,,,,,,,,,,,,,,,,,,,,,,,,,,,,,,,,,,,,,,,,,,,,,,,,,,,,,,,,,,,,,,,,,,,,,,,,,,,,,,,,,,,,,,,,,,,,,,,,,,,,,,,,,,,,,,,,,,,,,,,,,,,,,,,,,,,,,,,,,,,,,,,,,,,,,,,,,,,,,,,,,,,,,,,,,,,,,,,,,,,,,,,,,,,,,,,,,,,,,,,,,,,,,,,
,,,,,,S11848,,,,S11848,S11848,S11848 10  Down Light Wh,-- Unbranded --,,,Satco Prod Inc (5573),,,,,,,,,,,,,,,,,,,,,,,,,,,,,,,,,,,,,,,,,,,,,,,,,,,,,,,,,,,,,,,,,,,,,,,,,,,,,,,,,,,,,,,,,,,,,,,,,,,,,,,,,,,,,,,,,,,,,,,,,,,,,,,,,,,,,,,,,,,,,,,,,,,,,,,,,,,,,,,,,,,,,,,,,,,,,,,,,,,,,,,,,,,,,,,,,,,,,,,,,,,,,,,,,,,,,,,,,,,,,,,,,,,,,,,,,,,
,,,,,,S11849,,,,S11849,S11849,S11849 12  Down Light Wh,-- Unbranded --,,,Satco Prod Inc (5573),,,,,,,,,,,,,,,,,,,,,,,,,,,,,,,,,,,,,,,,,,,,,,,,,,,,,,,,,,,,,,,,,,,,,,,,,,,,,,,,,,,,,,,,,,,,,,,,,,,,,,,,,,,,,,,,,,,,,,,,,,,,,,,,,,,,,,,,,,,,,,,,,,,,,,,,,,,,,,,,,,,,,,,,,,,,,,,,,,,,,,,,,,,,,,,,,,,,,,,,,,,,,,,,,,,,,,,,,,,,,,,,,,,,,,,,,,,
,,,,,,HLBSL609FS5,,,,HLBSL609FS5,HLBSL609FS5,HLBSL609FS5 6  Down Light,-- Unbranded --,,,Cooper Lighting (7638),,,,,,,,,,,,,,,,,,,,,,,,,,,,,,,,,,,,,,,,,,,,,,,,,,,,,,,,,,,,,,,,,,,,,,,,,,,,,,,,,,,,,,,,,,,,,,,,,,,,,,,,,,,,,,,,,,,,,,,,,,,,,,,,,,,,,,,,,,,,,,,,,,,,,,,,,,,,,,,,,,,,,,,,,,,,,,,,,,,,,,,,,,,,,,,,,,,,,,,,,,,,,,,,,,,,,,,,,,,,,,,,,,,,,,,,,,,
,,,,,,WF4REGSWW590CRIMW,,,,WF4REGSWW590CRIMW,WF4REGSWW590CRIMW,WF4REGSWW590CRIMW 4  Down Light,-- Unbranded --,,,Lithonia Lighting (2776),,,,,,,,,,,,,,,,,,,,,,,,,,,,,,,,,,,,,,,,,,,,,,,,,,,,,,,,,,,,,,,,,,,,,,,,,,,,,,,,,,,,,,,,,,,,,,,,,,,,,,,,,,,,,,,,,,,,,,,,,,,,,,,,,,,,,,,,,,,,,,,,,,,,,,,,,,,,,,,,,,,,,,,,,,,,,,,,,,,,,,,,,,,,,,,,,,,,,,,,,,,,,,,,,,,,,,,,,,,,,,,,,,,,,,,,,,,
,,,,,,43849WH5CCT,,,,43849WH5CCT,43849WH5CCT,43849WH5CCT Kichler Ceiling Lt,-- Unbranded --,,,Kichler Lighting (KICLI),,,,,,,,,,,,,,,,,,,,,,,,,,,,,,,,,,,,,,,,,,,,,,,,,,,,,,,,,,,,,,,,,,,,,,,,,,,,,,,,,,,,,,,,,,,,,,,,,,,,,,,,,,,,,,,,,,,,,,,,,,,,,,,,,,,,,,,,,,,,,,,,,,,,,,,,,,,,,,,,,,,,,,,,,,,,,,,,,,,,,,,,,,,,,,,,,,,,,,,,,,,,,,,,,,,,,,,,,,,,,,,,,,,,,,,,,,,
,,,,,,62-1777,,,,62-1777,62-1777,62-1777 15  Ceiling Lt Wh,-- Unbranded --,,,Satco Prod Inc (5573),,,,,,,,,,,,,,,,,,,,,,,,,,,,,,,,,,,,,,,,,,,,,,,,,,,,,,,,,,,,,,,,,,,,,,,,,,,,,,,,,,,,,,,,,,,,,,,,,,,,,,,,,,,,,,,,,,,,,,,,,,,,,,,,,,,,,,,,,,,,,,,,,,,,,,,,,,,,,,,,,,,,,,,,,,,,,,,,,,,,,,,,,,,,,,,,,,,,,,,,,,,,,,,,,,,,,,,,,,,,,,,,,,,,,,,,,,,
,,,,,,62-1778,,,,62-1778,62-1778,62-1778 19  Ceiling Lt Wh,-- Unbranded --,,,Satco Prod Inc (5573),,,,,,,,,,,,,,,,,,,,,,,,,,,,,,,,,,,,,,,,,,,,,,,,,,,,,,,,,,,,,,,,,,,,,,,,,,,,,,,,,,,,,,,,,,,,,,,,,,,,,,,,,,,,,,,,,,,,,,,,,,,,,,,,,,,,,,,,,,,,,,,,,,,,,,,,,,,,,,,,,,,,,,,,,,,,,,,,,,,,,,,,,,,,,,,,,,,,,,,,,,,,,,,,,,,,,,,,,,,,,,,,,,,,,,,,,,,
,,,,,,62-1784,,,,62-1784,62-1784,62-1784 24x24 Led Ceiling Lt,-- Unbranded --,,,Satco Prod Inc (5573),,,,,,,,,,,,,,,,,,,,,,,,,,,,,,,,,,,,,,,,,,,,,,,,,,,,,,,,,,,,,,,,,,,,,,,,,,,,,,,,,,,,,,,,,,,,,,,,,,,,,,,,,,,,,,,,,,,,,,,,,,,,,,,,,,,,,,,,,,,,,,,,,,,,,,,,,,,,,,,,,,,,,,,,,,,,,,,,,,,,,,,,,,,,,,,,,,,,,,,,,,,,,,,,,,,,,,,,,,,,,,,,,,,,,,,,,,,
,,,,,,62-1787,,,,62-1787,62-1787,62-1787 15  Ceiling Lt Bk,-- Unbranded --,,,Satco Prod Inc (5573),,,,,,,,,,,,,,,,,,,,,,,,,,,,,,,,,,,,,,,,,,,,,,,,,,,,,,,,,,,,,,,,,,,,,,,,,,,,,,,,,,,,,,,,,,,,,,,,,,,,,,,,,,,,,,,,,,,,,,,,,,,,,,,,,,,,,,,,,,,,,,,,,,,,,,,,,,,,,,,,,,,,,,,,,,,,,,,,,,,,,,,,,,,,,,,,,,,,,,,,,,,,,,,,,,,,,,,,,,,,,,,,,,,,,,,,,,,
,,,,,,62-1788,,,,62-1788,62-1788,62-1788 19  Ceiling Lt Bk,-- Unbranded --,,,Satco Prod Inc (5573),,,,,,,,,,,,,,,,,,,,,,,,,,,,,,,,,,,,,,,,,,,,,,,,,,,,,,,,,,,,,,,,,,,,,,,,,,,,,,,,,,,,,,,,,,,,,,,,,,,,,,,,,,,,,,,,,,,,,,,,,,,,,,,,,,,,,,,,,,,,,,,,,,,,,,,,,,,,,,,,,,,,,,,,,,,,,,,,,,,,,,,,,,,,,,,,,,,,,,,,,,,,,,,,,,,,,,,,,,,,,,,,,,,,,,,,,,,
,,,,,,SHOP/4X2/840/V1,,,,SHOP/4X2/840/V1,SHOP/4X2/840/V1,4' Feit Shop Light 4500L 40k,-- Unbranded --,,,Feit Electric (3468),,,,,,,,,,,,,,,,,,,,,,,,,,,,,,,,,,,,,,,,,,,,,,,,,,,,,,,,,,,,,,,,,,,,,,,,,,,,,,,,,,,,,,,,,,,,,,,,,,,,,,,,,,,,,,,,,,,,,,,,,,,,,,,,,,,,,,,,,,,,,,,,,,,,,,,,,,,,,,,,,,,,,,,,,,,,,,,,,,,,,,,,,,,,,,,,,,,,,,,,,,,,,,,,,,,,,,,,,,,,,,,,,,,,,,,,,,,
,,,,,,45495BKCLR,,,,45495BKCLR,45495BKCLR,45495BKCLR Kichler Wall Lt,-- Unbranded --,,,Kichler Lighting (KICLI),,,,,,,,,,,,,,,,,,,,,,,,,,,,,,,,,,,,,,,,,,,,,,,,,,,,,,,,,,,,,,,,,,,,,,,,,,,,,,,,,,,,,,,,,,,,,,,,,,,,,,,,,,,,,,,,,,,,,,,,,,,,,,,,,,,,,,,,,,,,,,,,,,,,,,,,,,,,,,,,,,,,,,,,,,,,,,,,,,,,,,,,,,,,,,,,,,,,,,,,,,,,,,,,,,,,,,,,,,,,,,,,,,,,,,,,,,,
,,,,,,55209NI,,,,55209NI,55209NI,55209NI Kichler Wall Sconce,-- Unbranded --,,,Kichler Lighting (KICLI),,,,,,,,,,,,,,,,,,,,,,,,,,,,,,,,,,,,,,,,,,,,,,,,,,,,,,,,,,,,,,,,,,,,,,,,,,,,,,,,,,,,,,,,,,,,,,,,,,,,,,,,,,,,,,,,,,,,,,,,,,,,,,,,,,,,,,,,,,,,,,,,,,,,,,,,,,,,,,,,,,,,,,,,,,,,,,,,,,,,,,,,,,,,,,,,,,,,,,,,,,,,,,,,,,,,,,,,,,,,,,,,,,,,,,,,,,,
,,,,,,65-1210,,,,65-1210,65-1210,65-1210 2' LED Wrap Lt,-- Unbranded --,,,Satco Prod Inc (5573),,,,,,,,,,,,,,,,,,,,,,,,,,,,,,,,,,,,,,,,,,,,,,,,,,,,,,,,,,,,,,,,,,,,,,,,,,,,,,,,,,,,,,,,,,,,,,,,,,,,,,,,,,,,,,,,,,,,,,,,,,,,,,,,,,,,,,,,,,,,,,,,,,,,,,,,,,,,,,,,,,,,,,,,,,,,,,,,,,,,,,,,,,,,,,,,,,,,,,,,,,,,,,,,,,,,,,,,,,,,,,,,,,,,,,,,,,,
,,,,,,65-1211,,,,65-1211,65-1211,65-1211 4' Led Wrap Light,-- Unbranded --,,,Satco Prod Inc (5573),,,,,,,,,,,,,,,,,,,,,,,,,,,,,,,,,,,,,,,,,,,,,,,,,,,,,,,,,,,,,,,,,,,,,,,,,,,,,,,,,,,,,,,,,,,,,,,,,,,,,,,,,,,,,,,,,,,,,,,,,,,,,,,,,,,,,,,,,,,,,,,,,,,,,,,,,,,,,,,,,,,,,,,,,,,,,,,,,,,,,,,,,,,,,,,,,,,,,,,,,,,,,,,,,,,,,,,,,,,,,,,,,,,,,,,,,,,
,,,,,,141465,,,,141465,141465,141465 15W Flor 18  T12 27k,-- Unbranded --,,,Phillips Lighting (5831),,,,,,,,,,,,,,,,,,,,,,,,,,,,,,,,,,,,,,,,,,,,,,,,,,,,,,,,,,,,,,,,,,,,,,,,,,,,,,,,,,,,,,,,,,,,,,,,,,,,,,,,,,,,,,,,,,,,,,,,,,,,,,,,,,,,,,,,,,,,,,,,,,,,,,,,,,,,,,,,,,,,,,,,,,,,,,,,,,,,,,,,,,,,,,,,,,,,,,,,,,,,,,,,,,,,,,,,,,,,,,,,,,,,,,,,,,,
,,,,,,391227,,,,391227,391227,391227 32W Led 12  T9 30K,-- Unbranded --,,,Phillips Lighting (5831),,,,,,,,,,,,,,,,,,,,,,,,,,,,,,,,,,,,,,,,,,,,,,,,,,,,,,,,,,,,,,,,,,,,,,,,,,,,,,,,,,,,,,,,,,,,,,,,,,,,,,,,,,,,,,,,,,,,,,,,,,,,,,,,,,,,,,,,,,,,,,,,,,,,,,,,,,,,,,,,,,,,,,,,,,,,,,,,,,,,,,,,,,,,,,,,,,,,,,,,,,,,,,,,,,,,,,,,,,,,,,,,,,,,,,,,,,,
,,,,,,392225,,,,392225,392225,392225 22W Flor 8  T9 30k,-- Unbranded --,,,Phillips Lighting (5831),,,,,,,,,,,,,,,,,,,,,,,,,,,,,,,,,,,,,,,,,,,,,,,,,,,,,,,,,,,,,,,,,,,,,,,,,,,,,,,,,,,,,,,,,,,,,,,,,,,,,,,,,,,,,,,,,,,,,,,,,,,,,,,,,,,,,,,,,,,,,,,,,,,,,,,,,,,,,,,,,,,,,,,,,,,,,,,,,,,,,,,,,,,,,,,,,,,,,,,,,,,,,,,,,,,,,,,,,,,,,,,,,,,,,,,,,,,
,,,,,,S3539,,,,S3539,S3539,S3539 20W Halogen Pin T4,-- Unbranded --,,,Satco Prod Inc (5573),,,,,,,,,,,,,,,,,,,,,,,,,,,,,,,,,,,,,,,,,,,,,,,,,,,,,,,,,,,,,,,,,,,,,,,,,,,,,,,,,,,,,,,,,,,,,,,,,,,,,,,,,,,,,,,,,,,,,,,,,,,,,,,,,,,,,,,,,,,,,,,,,,,,,,,,,,,,,,,,,,,,,,,,,,,,,,,,,,,,,,,,,,,,,,,,,,,,,,,,,,,,,,,,,,,,,,,,,,,,,,,,,,,,,,,,,,,
,,,,,,S3496,,,,S3496,S3496,S3496 300W Halogen T3 Bulb,-- Unbranded --,,,Satco Prod Inc (5573),,,,,,,,,,,,,,,,,,,,,,,,,,,,,,,,,,,,,,,,,,,,,,,,,,,,,,,,,,,,,,,,,,,,,,,,,,,,,,,,,,,,,,,,,,,,,,,,,,,,,,,,,,,,,,,,,,,,,,,,,,,,,,,,,,,,,,,,,,,,,,,,,,,,,,,,,,,,,,,,,,,,,,,,,,,,,,,,,,,,,,,,,,,,,,,,,,,,,,,,,,,,,,,,,,,,,,,,,,,,,,,,,,,,,,,,,,,
,,,,,,467316,,,,467316,467316,467316 150W Sodium Med 21k,-- Unbranded --,,,Phillips Lighting (5831),,,,,,,,,,,,,,,,,,,,,,,,,,,,,,,,,,,,,,,,,,,,,,,,,,,,,,,,,,,,,,,,,,,,,,,,,,,,,,,,,,,,,,,,,,,,,,,,,,,,,,,,,,,,,,,,,,,,,,,,,,,,,,,,,,,,,,,,,,,,,,,,,,,,,,,,,,,,,,,,,,,,,,,,,,,,,,,,,,,,,,,,,,,,,,,,,,,,,,,,,,,,,,,,,,,,,,,,,,,,,,,,,,,,,,,,,,,
,,,,,,S3709,,,,S3709,S3709,S3709 25W Incan 27K,-- Unbranded --,,,Satco Prod Inc (5573),,,,,,,,,,,,,,,,,,,,,,,,,,,,,,,,,,,,,,,,,,,,,,,,,,,,,,,,,,,,,,,,,,,,,,,,,,,,,,,,,,,,,,,,,,,,,,,,,,,,,,,,,,,,,,,,,,,,,,,,,,,,,,,,,,,,,,,,,,,,,,,,,,,,,,,,,,,,,,,,,,,,,,,,,,,,,,,,,,,,,,,,,,,,,,,,,,,,,,,,,,,,,,,,,,,,,,,,,,,,,,,,,,,,,,,,,,,
,,,,,,S4720,,,,S4720,S4720,S4720 25W Incan 27K,-- Unbranded --,,,Satco Prod Inc (5573),,,,,,,,,,,,,,,,,,,,,,,,,,,,,,,,,,,,,,,,,,,,,,,,,,,,,,,,,,,,,,,,,,,,,,,,,,,,,,,,,,,,,,,,,,,,,,,,,,,,,,,,,,,,,,,,,,,,,,,,,,,,,,,,,,,,,,,,,,,,,,,,,,,,,,,,,,,,,,,,,,,,,,,,,,,,,,,,,,,,,,,,,,,,,,,,,,,,,,,,,,,,,,,,,,,,,,,,,,,,,,,,,,,,,,,,,,,
,,,,,,S3720,,,,S3720,S3720,S3720 40w Inc A15 Med 26k,-- Unbranded --,,,Satco Prod Inc (5573),,,,,,,,,,,,,,,,,,,,,,,,,,,,,,,,,,,,,,,,,,,,,,,,,,,,,,,,,,,,,,,,,,,,,,,,,,,,,,,,,,,,,,,,,,,,,,,,,,,,,,,,,,,,,,,,,,,,,,,,,,,,,,,,,,,,,,,,,,,,,,,,,,,,,,,,,,,,,,,,,,,,,,,,,,,,,,,,,,,,,,,,,,,,,,,,,,,,,,,,,,,,,,,,,,,,,,,,,,,,,,,,,,,,,,,,,,,
,,,,,,S3702,,,,S3702,S3702,S3702 40W Incan Med 27K,-- Unbranded --,,,Satco Prod Inc (5573),,,,,,,,,,,,,,,,,,,,,,,,,,,,,,,,,,,,,,,,,,,,,,,,,,,,,,,,,,,,,,,,,,,,,,,,,,,,,,,,,,,,,,,,,,,,,,,,,,,,,,,,,,,,,,,,,,,,,,,,,,,,,,,,,,,,,,,,,,,,,,,,,,,,,,,,,,,,,,,,,,,,,,,,,,,,,,,,,,,,,,,,,,,,,,,,,,,,,,,,,,,,,,,,,,,,,,,,,,,,,,,,,,,,,,,,,,,
,,,,,,S3703,,,,S3703,S3703,S3703 40W Incan Med 27K,-- Unbranded --,,,Satco Prod Inc (5573),,,,,,,,,,,,,,,,,,,,,,,,,,,,,,,,,,,,,,,,,,,,,,,,,,,,,,,,,,,,,,,,,,,,,,,,,,,,,,,,,,,,,,,,,,,,,,,,,,,,,,,,,,,,,,,,,,,,,,,,,,,,,,,,,,,,,,,,,,,,,,,,,,,,,,,,,,,,,,,,,,,,,,,,,,,,,,,,,,,,,,,,,,,,,,,,,,,,,,,,,,,,,,,,,,,,,,,,,,,,,,,,,,,,,,,,,,,
,,,,,,S3797,,,,S3797,S3797,S3797 4W Incan Cand 27K 2pk,-- Unbranded --,,,Satco Prod Inc (5573),,,,,,,,,,,,,,,,,,,,,,,,,,,,,,,,,,,,,,,,,,,,,,,,,,,,,,,,,,,,,,,,,,,,,,,,,,,,,,,,,,,,,,,,,,,,,,,,,,,,,,,,,,,,,,,,,,,,,,,,,,,,,,,,,,,,,,,,,,,,,,,,,,,,,,,,,,,,,,,,,,,,,,,,,,,,,,,,,,,,,,,,,,,,,,,,,,,,,,,,,,,,,,,,,,,,,,,,,,,,,,,,,,,,,,,,,,,
,,,,,,S4724,,,,S4724,S4724,S4724 4W Incan Cand 27K 4pk,-- Unbranded --,,,Satco Prod Inc (5573),,,,,,,,,,,,,,,,,,,,,,,,,,,,,,,,,,,,,,,,,,,,,,,,,,,,,,,,,,,,,,,,,,,,,,,,,,,,,,,,,,,,,,,,,,,,,,,,,,,,,,,,,,,,,,,,,,,,,,,,,,,,,,,,,,,,,,,,,,,,,,,,,,,,,,,,,,,,,,,,,,,,,,,,,,,,,,,,,,,,,,,,,,,,,,,,,,,,,,,,,,,,,,,,,,,,,,,,,,,,,,,,,,,,,,,,,,,
,,,,,,S4717,,,,S4717,S4717,S4717 6W Incan Cand 27k 2pk,-- Unbranded --,,,Satco Prod Inc (5573),,,,,,,,,,,,,,,,,,,,,,,,,,,,,,,,,,,,,,,,,,,,,,,,,,,,,,,,,,,,,,,,,,,,,,,,,,,,,,,,,,,,,,,,,,,,,,,,,,,,,,,,,,,,,,,,,,,,,,,,,,,,,,,,,,,,,,,,,,,,,,,,,,,,,,,,,,,,,,,,,,,,,,,,,,,,,,,,,,,,,,,,,,,,,,,,,,,,,,,,,,,,,,,,,,,,,,,,,,,,,,,,,,,,,,,,,,,
,,,,,,S3794,,,,S3794,S3794,S3794 7W Incan Med 27K,-- Unbranded --,,,Satco Prod Inc (5573),,,,,,,,,,,,,,,,,,,,,,,,,,,,,,,,,,,,,,,,,,,,,,,,,,,,,,,,,,,,,,,,,,,,,,,,,,,,,,,,,,,,,,,,,,,,,,,,,,,,,,,,,,,,,,,,,,,,,,,,,,,,,,,,,,,,,,,,,,,,,,,,,,,,,,,,,,,,,,,,,,,,,,,,,,,,,,,,,,,,,,,,,,,,,,,,,,,,,,,,,,,,,,,,,,,,,,,,,,,,,,,,,,,,,,,,,,,
,,,,,,S3795,,,,S3795,S3795,S3795 7W Incan Med 27K,-- Unbranded --,,,Satco Prod Inc (5573),,,,,,,,,,,,,,,,,,,,,,,,,,,,,,,,,,,,,,,,,,,,,,,,,,,,,,,,,,,,,,,,,,,,,,,,,,,,,,,,,,,,,,,,,,,,,,,,,,,,,,,,,,,,,,,,,,,,,,,,,,,,,,,,,,,,,,,,,,,,,,,,,,,,,,,,,,,,,,,,,,,,,,,,,,,,,,,,,,,,,,,,,,,,,,,,,,,,,,,,,,,,,,,,,,,,,,,,,,,,,,,,,,,,,,,,,,,
,,,,,,S4726,,,,S4726,S4726,S4726 7W Incan Cand 27K 4pk,-- Unbranded --,,,Satco Prod Inc (5573),,,,,,,,,,,,,,,,,,,,,,,,,,,,,,,,,,,,,,,,,,,,,,,,,,,,,,,,,,,,,,,,,,,,,,,,,,,,,,,,,,,,,,,,,,,,,,,,,,,,,,,,,,,,,,,,,,,,,,,,,,,,,,,,,,,,,,,,,,,,,,,,,,,,,,,,,,,,,,,,,,,,,,,,,,,,,,,,,,,,,,,,,,,,,,,,,,,,,,,,,,,,,,,,,,,,,,,,,,,,,,,,,,,,,,,,,,,
,,,,,,S11429,,,,S11429,S11429,S11429 60W Led Bulb 27K,-- Unbranded --,,,Satco Prod Inc (5573),,,,,,,,,,,,,,,,,,,,,,,,,,,,,,,,,,,,,,,,,,,,,,,,,,,,,,,,,,,,,,,,,,,,,,,,,,,,,,,,,,,,,,,,,,,,,,,,,,,,,,,,,,,,,,,,,,,,,,,,,,,,,,,,,,,,,,,,,,,,,,,,,,,,,,,,,,,,,,,,,,,,,,,,,,,,,,,,,,,,,,,,,,,,,,,,,,,,,,,,,,,,,,,,,,,,,,,,,,,,,,,,,,,,,,,,,,,
,,,,,,S21354,,,,S21354,S21354,S21354 8W Led T9 Med 27k,-- Unbranded --,,,Satco Prod Inc (5573),,,,,,,,,,,,,,,,,,,,,,,,,,,,,,,,,,,,,,,,,,,,,,,,,,,,,,,,,,,,,,,,,,,,,,,,,,,,,,,,,,,,,,,,,,,,,,,,,,,,,,,,,,,,,,,,,,,,,,,,,,,,,,,,,,,,,,,,,,,,,,,,,,,,,,,,,,,,,,,,,,,,,,,,,,,,,,,,,,,,,,,,,,,,,,,,,,,,,,,,,,,,,,,,,,,,,,,,,,,,,,,,,,,,,,,,,,,
,,,,,,S21363,,,,S21363,S21363,S21363 8W Led Edison ST19 27K,-- Unbranded --,,,Satco Prod Inc (5573),,,,,,,,,,,,,,,,,,,,,,,,,,,,,,,,,,,,,,,,,,,,,,,,,,,,,,,,,,,,,,,,,,,,,,,,,,,,,,,,,,,,,,,,,,,,,,,,,,,,,,,,,,,,,,,,,,,,,,,,,,,,,,,,,,,,,,,,,,,,,,,,,,,,,,,,,,,,,,,,,,,,,,,,,,,,,,,,,,,,,,,,,,,,,,,,,,,,,,,,,,,,,,,,,,,,,,,,,,,,,,,,,,,,,,,,,,,
,,,,,,S11445,,,,S11445,S11445,S11445 12W Led Med 30k Motion,-- Unbranded --,,,Satco Prod Inc (5573),,,,,,,,,,,,,,,,,,,,,,,,,,,,,,,,,,,,,,,,,,,,,,,,,,,,,,,,,,,,,,,,,,,,,,,,,,,,,,,,,,,,,,,,,,,,,,,,,,,,,,,,,,,,,,,,,,,,,,,,,,,,,,,,,,,,,,,,,,,,,,,,,,,,,,,,,,,,,,,,,,,,,,,,,,,,,,,,,,,,,,,,,,,,,,,,,,,,,,,,,,,,,,,,,,,,,,,,,,,,,,,,,,,,,,,,,,,
,,,,,,567313,,,,567313,567313,567313 50W Led MR16 30K 3pk,-- Unbranded --,,,Phillips Lighting (5831),,,,,,,,,,,,,,,,,,,,,,,,,,,,,,,,,,,,,,,,,,,,,,,,,,,,,,,,,,,,,,,,,,,,,,,,,,,,,,,,,,,,,,,,,,,,,,,,,,,,,,,,,,,,,,,,,,,,,,,,,,,,,,,,,,,,,,,,,,,,,,,,,,,,,,,,,,,,,,,,,,,,,,,,,,,,,,,,,,,,,,,,,,,,,,,,,,,,,,,,,,,,,,,,,,,,,,,,,,,,,,,,,,,,,,,,,,,
,,,,,,586875,,,,586875,586875,586875 60W Led Multi CCT 4pk,-- Unbranded --,,,Phillips Lighting (5831),,,,,,,,,,,,,,,,,,,,,,,,,,,,,,,,,,,,,,,,,,,,,,,,,,,,,,,,,,,,,,,,,,,,,,,,,,,,,,,,,,,,,,,,,,,,,,,,,,,,,,,,,,,,,,,,,,,,,,,,,,,,,,,,,,,,,,,,,,,,,,,,,,,,,,,,,,,,,,,,,,,,,,,,,,,,,,,,,,,,,,,,,,,,,,,,,,,,,,,,,,,,,,,,,,,,,,,,,,,,,,,,,,,,,,,,,,,
,,,,,,576355,,,,576355,576355,576355 60/100/150 Led Med 50k,-- Unbranded --,,,Phillips Lighting (5831),,,,,,,,,,,,,,,,,,,,,,,,,,,,,,,,,,,,,,,,,,,,,,,,,,,,,,,,,,,,,,,,,,,,,,,,,,,,,,,,,,,,,,,,,,,,,,,,,,,,,,,,,,,,,,,,,,,,,,,,,,,,,,,,,,,,,,,,,,,,,,,,,,,,,,,,,,,,,,,,,,,,,,,,,,,,,,,,,,,,,,,,,,,,,,,,,,,,,,,,,,,,,,,,,,,,,,,,,,,,,,,,,,,,,,,,,,,
,,,,,,576363,,,,576363,576363,576363 100/150/200 Led Med 27k,-- Unbranded --,,,Phillips Lighting (5831),,,,,,,,,,,,,,,,,,,,,,,,,,,,,,,,,,,,,,,,,,,,,,,,,,,,,,,,,,,,,,,,,,,,,,,,,,,,,,,,,,,,,,,,,,,,,,,,,,,,,,,,,,,,,,,,,,,,,,,,,,,,,,,,,,,,,,,,,,,,,,,,,,,,,,,,,,,,,,,,,,,,,,,,,,,,,,,,,,,,,,,,,,,,,,,,,,,,,,,,,,,,,,,,,,,,,,,,,,,,,,,,,,,,,,,,,,,
,,,,,,565374,,,,565374,565374,565374 75W Led A19 Med 27k 4pk,-- Unbranded --,,,Phillips Lighting (5831),,,,,,,,,,,,,,,,,,,,,,,,,,,,,,,,,,,,,,,,,,,,,,,,,,,,,,,,,,,,,,,,,,,,,,,,,,,,,,,,,,,,,,,,,,,,,,,,,,,,,,,,,,,,,,,,,,,,,,,,,,,,,,,,,,,,,,,,,,,,,,,,,,,,,,,,,,,,,,,,,,,,,,,,,,,,,,,,,,,,,,,,,,,,,,,,,,,,,,,,,,,,,,,,,,,,,,,,,,,,,,,,,,,,,,,,,,,
,,,,,,565390,,,,565390,565390,565390 75W Led A19 Med 50k 4pk,-- Unbranded --,,,Phillips Lighting (5831),,,,,,,,,,,,,,,,,,,,,,,,,,,,,,,,,,,,,,,,,,,,,,,,,,,,,,,,,,,,,,,,,,,,,,,,,,,,,,,,,,,,,,,,,,,,,,,,,,,,,,,,,,,,,,,,,,,,,,,,,,,,,,,,,,,,,,,,,,,,,,,,,,,,,,,,,,,,,,,,,,,,,,,,,,,,,,,,,,,,,,,,,,,,,,,,,,,,,,,,,,,,,,,,,,,,,,,,,,,,,,,,,,,,,,,,,,,
,,,,,,576371,,,,576371,576371,576371 100/150/200 Led Med 50k,-- Unbranded --,,,Phillips Lighting (5831),,,,,,,,,,,,,,,,,,,,,,,,,,,,,,,,,,,,,,,,,,,,,,,,,,,,,,,,,,,,,,,,,,,,,,,,,,,,,,,,,,,,,,,,,,,,,,,,,,,,,,,,,,,,,,,,,,,,,,,,,,,,,,,,,,,,,,,,,,,,,,,,,,,,,,,,,,,,,,,,,,,,,,,,,,,,,,,,,,,,,,,,,,,,,,,,,,,,,,,,,,,,,,,,,,,,,,,,,,,,,,,,,,,,,,,,,,,
,,,,,,576496,,,,576496,576496,576496 45W Led R20 Med 27k,-- Unbranded --,,,Phillips Lighting (5831),,,,,,,,,,,,,,,,,,,,,,,,,,,,,,,,,,,,,,,,,,,,,,,,,,,,,,,,,,,,,,,,,,,,,,,,,,,,,,,,,,,,,,,,,,,,,,,,,,,,,,,,,,,,,,,,,,,,,,,,,,,,,,,,,,,,,,,,,,,,,,,,,,,,,,,,,,,,,,,,,,,,,,,,,,,,,,,,,,,,,,,,,,,,,,,,,,,,,,,,,,,,,,,,,,,,,,,,,,,,,,,,,,,,,,,,,,,
,,,,,,564856,,,,564856,564856,564856 40W Led ST19 27k 2pk,-- Unbranded --,,,Phillips Lighting (5831),,,,,,,,,,,,,,,,,,,,,,,,,,,,,,,,,,,,,,,,,,,,,,,,,,,,,,,,,,,,,,,,,,,,,,,,,,,,,,,,,,,,,,,,,,,,,,,,,,,,,,,,,,,,,,,,,,,,,,,,,,,,,,,,,,,,,,,,,,,,,,,,,,,,,,,,,,,,,,,,,,,,,,,,,,,,,,,,,,,,,,,,,,,,,,,,,,,,,,,,,,,,,,,,,,,,,,,,,,,,,,,,,,,,,,,,,,,
,,,,,,565796,,,,565796,565796,565796 60W Led A19 Med 20k,-- Unbranded --,,,Phillips Lighting (5831),,,,,,,,,,,,,,,,,,,,,,,,,,,,,,,,,,,,,,,,,,,,,,,,,,,,,,,,,,,,,,,,,,,,,,,,,,,,,,,,,,,,,,,,,,,,,,,,,,,,,,,,,,,,,,,,,,,,,,,,,,,,,,,,,,,,,,,,,,,,,,,,,,,,,,,,,,,,,,,,,,,,,,,,,,,,,,,,,,,,,,,,,,,,,,,,,,,,,,,,,,,,,,,,,,,,,,,,,,,,,,,,,,,,,,,,,,,
,,,,,,576389,,,,576389,576389,576389 100/200/300 Led Med 27k,-- Unbranded --,,,Phillips Lighting (5831),,,,,,,,,,,,,,,,,,,,,,,,,,,,,,,,,,,,,,,,,,,,,,,,,,,,,,,,,,,,,,,,,,,,,,,,,,,,,,,,,,,,,,,,,,,,,,,,,,,,,,,,,,,,,,,,,,,,,,,,,,,,,,,,,,,,,,,,,,,,,,,,,,,,,,,,,,,,,,,,,,,,,,,,,,,,,,,,,,,,,,,,,,,,,,,,,,,,,,,,,,,,,,,,,,,,,,,,,,,,,,,,,,,,,,,,,,,
,,,,,,564492,,,,564492,564492,564492 75W Adj Base 27k 3pk,-- Unbranded --,,,Phillips Lighting (5831),,,,,,,,,,,,,,,,,,,,,,,,,,,,,,,,,,,,,,,,,,,,,,,,,,,,,,,,,,,,,,,,,,,,,,,,,,,,,,,,,,,,,,,,,,,,,,,,,,,,,,,,,,,,,,,,,,,,,,,,,,,,,,,,,,,,,,,,,,,,,,,,,,,,,,,,,,,,,,,,,,,,,,,,,,,,,,,,,,,,,,,,,,,,,,,,,,,,,,,,,,,,,,,,,,,,,,,,,,,,,,,,,,,,,,,,,,,
,,,,,,603449,,,,603449,603449,603449 Wiz 60W Led Med Clr Ch,-- Unbranded --,,,Phillips Lighting (5831),,,,,,,,,,,,,,,,,,,,,,,,,,,,,,,,,,,,,,,,,,,,,,,,,,,,,,,,,,,,,,,,,,,,,,,,,,,,,,,,,,,,,,,,,,,,,,,,,,,,,,,,,,,,,,,,,,,,,,,,,,,,,,,,,,,,,,,,,,,,,,,,,,,,,,,,,,,,,,,,,,,,,,,,,,,,,,,,,,,,,,,,,,,,,,,,,,,,,,,,,,,,,,,,,,,,,,,,,,,,,,,,,,,,,,,,,,,
,,,,,,586909,,,,586909,586909,586909 Led 60W Med A19 27K,-- Unbranded --,,,Phillips Lighting (5831),,,,,,,,,,,,,,,,,,,,,,,,,,,,,,,,,,,,,,,,,,,,,,,,,,,,,,,,,,,,,,,,,,,,,,,,,,,,,,,,,,,,,,,,,,,,,,,,,,,,,,,,,,,,,,,,,,,,,,,,,,,,,,,,,,,,,,,,,,,,,,,,,,,,,,,,,,,,,,,,,,,,,,,,,,,,,,,,,,,,,,,,,,,,,,,,,,,,,,,,,,,,,,,,,,,,,,,,,,,,,,,,,,,,,,,,,,,
,,,,,,566364,,,,566364,566364,566364 75W Led ST19 27k 4pk,-- Unbranded --,,,Phillips Lighting (5831),,,,,,,,,,,,,,,,,,,,,,,,,,,,,,,,,,,,,,,,,,,,,,,,,,,,,,,,,,,,,,,,,,,,,,,,,,,,,,,,,,,,,,,,,,,,,,,,,,,,,,,,,,,,,,,,,,,,,,,,,,,,,,,,,,,,,,,,,,,,,,,,,,,,,,,,,,,,,,,,,,,,,,,,,,,,,,,,,,,,,,,,,,,,,,,,,,,,,,,,,,,,,,,,,,,,,,,,,,,,,,,,,,,,,,,,,,,
,,,,,,576397,,,,576397,576397,576394 100/200/300 Led A23 50k,-- Unbranded --,,,Phillips Lighting (5831),,,,,,,,,,,,,,,,,,,,,,,,,,,,,,,,,,,,,,,,,,,,,,,,,,,,,,,,,,,,,,,,,,,,,,,,,,,,,,,,,,,,,,,,,,,,,,,,,,,,,,,,,,,,,,,,,,,,,,,,,,,,,,,,,,,,,,,,,,,,,,,,,,,,,,,,,,,,,,,,,,,,,,,,,,,,,,,,,,,,,,,,,,,,,,,,,,,,,,,,,,,,,,,,,,,,,,,,,,,,,,,,,,,,,,,,,,,
,,,,,,571497,,,,571497,571497,571497 150W Led Med 27k,-- Unbranded --,,,Phillips Lighting (5831),,,,,,,,,,,,,,,,,,,,,,,,,,,,,,,,,,,,,,,,,,,,,,,,,,,,,,,,,,,,,,,,,,,,,,,,,,,,,,,,,,,,,,,,,,,,,,,,,,,,,,,,,,,,,,,,,,,,,,,,,,,,,,,,,,,,,,,,,,,,,,,,,,,,,,,,,,,,,,,,,,,,,,,,,,,,,,,,,,,,,,,,,,,,,,,,,,,,,,,,,,,,,,,,,,,,,,,,,,,,,,,,,,,,,,,,,,,
,,,,,,576306,,,,576306,576306,576306 40W Led A19 5CCT 4pk,-- Unbranded --,,,Phillips Lighting (5831),,,,,,,,,,,,,,,,,,,,,,,,,,,,,,,,,,,,,,,,,,,,,,,,,,,,,,,,,,,,,,,,,,,,,,,,,,,,,,,,,,,,,,,,,,,,,,,,,,,,,,,,,,,,,,,,,,,,,,,,,,,,,,,,,,,,,,,,,,,,,,,,,,,,,,,,,,,,,,,,,,,,,,,,,,,,,,,,,,,,,,,,,,,,,,,,,,,,,,,,,,,,,,,,,,,,,,,,,,,,,,,,,,,,,,,,,,,
,,,,,,588533,,,,588533,588533,588533 40W Led Cand 3pk,-- Unbranded --,,,Phillips Lighting (5831),,,,,,,,,,,,,,,,,,,,,,,,,,,,,,,,,,,,,,,,,,,,,,,,,,,,,,,,,,,,,,,,,,,,,,,,,,,,,,,,,,,,,,,,,,,,,,,,,,,,,,,,,,,,,,,,,,,,,,,,,,,,,,,,,,,,,,,,,,,,,,,,,,,,,,,,,,,,,,,,,,,,,,,,,,,,,,,,,,,,,,,,,,,,,,,,,,,,,,,,,,,,,,,,,,,,,,,,,,,,,,,,,,,,,,,,,,,
,,,,,,576520,,,,576520,576520,576520 65W Led Med 27k,-- Unbranded --,,,Phillips Lighting (5831),,,,,,,,,,,,,,,,,,,,,,,,,,,,,,,,,,,,,,,,,,,,,,,,,,,,,,,,,,,,,,,,,,,,,,,,,,,,,,,,,,,,,,,,,,,,,,,,,,,,,,,,,,,,,,,,,,,,,,,,,,,,,,,,,,,,,,,,,,,,,,,,,,,,,,,,,,,,,,,,,,,,,,,,,,,,,,,,,,,,,,,,,,,,,,,,,,,,,,,,,,,,,,,,,,,,,,,,,,,,,,,,,,,,,,,,,,,
,,,,,,574004,,,,574004,574004,574004 75W Led ST19 27k 2pk,-- Unbranded --,,,Phillips Lighting (5831),,,,,,,,,,,,,,,,,,,,,,,,,,,,,,,,,,,,,,,,,,,,,,,,,,,,,,,,,,,,,,,,,,,,,,,,,,,,,,,,,,,,,,,,,,,,,,,,,,,,,,,,,,,,,,,,,,,,,,,,,,,,,,,,,,,,,,,,,,,,,,,,,,,,,,,,,,,,,,,,,,,,,,,,,,,,,,,,,,,,,,,,,,,,,,,,,,,,,,,,,,,,,,,,,,,,,,,,,,,,,,,,,,,,,,,,,,,
,,,,,,574012,,,,574012,574012,574012 75W Led ST19 50k 2pk,-- Unbranded --,,,Phillips Lighting (5831),,,,,,,,,,,,,,,,,,,,,,,,,,,,,,,,,,,,,,,,,,,,,,,,,,,,,,,,,,,,,,,,,,,,,,,,,,,,,,,,,,,,,,,,,,,,,,,,,,,,,,,,,,,,,,,,,,,,,,,,,,,,,,,,,,,,,,,,,,,,,,,,,,,,,,,,,,,,,,,,,,,,,,,,,,,,,,,,,,,,,,,,,,,,,,,,,,,,,,,,,,,,,,,,,,,,,,,,,,,,,,,,,,,,,,,,,,,
,,,,,,573971,,,,573971,573971,573971 75W Led ST19 20k 4pk,-- Unbranded --,,,Phillips Lighting (5831),,,,,,,,,,,,,,,,,,,,,,,,,,,,,,,,,,,,,,,,,,,,,,,,,,,,,,,,,,,,,,,,,,,,,,,,,,,,,,,,,,,,,,,,,,,,,,,,,,,,,,,,,,,,,,,,,,,,,,,,,,,,,,,,,,,,,,,,,,,,,,,,,,,,,,,,,,,,,,,,,,,,,,,,,,,,,,,,,,,,,,,,,,,,,,,,,,,,,,,,,,,,,,,,,,,,,,,,,,,,,,,,,,,,,,,,,,,
,,,,,,573989,,,,573989,573989,573989 40W Led Med 27K 4pk,-- Unbranded --,,,Phillips Lighting (5831),,,,,,,,,,,,,,,,,,,,,,,,,,,,,,,,,,,,,,,,,,,,,,,,,,,,,,,,,,,,,,,,,,,,,,,,,,,,,,,,,,,,,,,,,,,,,,,,,,,,,,,,,,,,,,,,,,,,,,,,,,,,,,,,,,,,,,,,,,,,,,,,,,,,,,,,,,,,,,,,,,,,,,,,,,,,,,,,,,,,,,,,,,,,,,,,,,,,,,,,,,,,,,,,,,,,,,,,,,,,,,,,,,,,,,,,,,,
,,,,,,576769,,,,576769,576769,576769 65W Led BR30 Med 27k,-- Unbranded --,,,Phillips Lighting (5831),,,,,,,,,,,,,,,,,,,,,,,,,,,,,,,,,,,,,,,,,,,,,,,,,,,,,,,,,,,,,,,,,,,,,,,,,,,,,,,,,,,,,,,,,,,,,,,,,,,,,,,,,,,,,,,,,,,,,,,,,,,,,,,,,,,,,,,,,,,,,,,,,,,,,,,,,,,,,,,,,,,,,,,,,,,,,,,,,,,,,,,,,,,,,,,,,,,,,,,,,,,,,,,,,,,,,,,,,,,,,,,,,,,,,,,,,,,
,,,,,,567446,,,,567446,567446,567446 60W Led Med 50K 3pk,-- Unbranded --,,,Phillips Lighting (5831),,,,,,,,,,,,,,,,,,,,,,,,,,,,,,,,,,,,,,,,,,,,,,,,,,,,,,,,,,,,,,,,,,,,,,,,,,,,,,,,,,,,,,,,,,,,,,,,,,,,,,,,,,,,,,,,,,,,,,,,,,,,,,,,,,,,,,,,,,,,,,,,,,,,,,,,,,,,,,,,,,,,,,,,,,,,,,,,,,,,,,,,,,,,,,,,,,,,,,,,,,,,,,,,,,,,,,,,,,,,,,,,,,,,,,,,,,,
,,,,,,573997,,,,573997,573997,573997 40W Led Med 50k 4pk,-- Unbranded --,,,Phillips Lighting (5831),,,,,,,,,,,,,,,,,,,,,,,,,,,,,,,,,,,,,,,,,,,,,,,,,,,,,,,,,,,,,,,,,,,,,,,,,,,,,,,,,,,,,,,,,,,,,,,,,,,,,,,,,,,,,,,,,,,,,,,,,,,,,,,,,,,,,,,,,,,,,,,,,,,,,,,,,,,,,,,,,,,,,,,,,,,,,,,,,,,,,,,,,,,,,,,,,,,,,,,,,,,,,,,,,,,,,,,,,,,,,,,,,,,,,,,,,,,
,,,,,,571463,,,,571463,571463,571463 100W Led BR30 Med 50k,-- Unbranded --,,,Phillips Lighting (5831),,,,,,,,,,,,,,,,,,,,,,,,,,,,,,,,,,,,,,,,,,,,,,,,,,,,,,,,,,,,,,,,,,,,,,,,,,,,,,,,,,,,,,,,,,,,,,,,,,,,,,,,,,,,,,,,,,,,,,,,,,,,,,,,,,,,,,,,,,,,,,,,,,,,,,,,,,,,,,,,,,,,,,,,,,,,,,,,,,,,,,,,,,,,,,,,,,,,,,,,,,,,,,,,,,,,,,,,,,,,,,,,,,,,,,,,,,,
,,,,,,576512,,,,576512,576512,576512 65W Led BR40 Med 27k,-- Unbranded --,,,Phillips Lighting (5831),,,,,,,,,,,,,,,,,,,,,,,,,,,,,,,,,,,,,,,,,,,,,,,,,,,,,,,,,,,,,,,,,,,,,,,,,,,,,,,,,,,,,,,,,,,,,,,,,,,,,,,,,,,,,,,,,,,,,,,,,,,,,,,,,,,,,,,,,,,,,,,,,,,,,,,,,,,,,,,,,,,,,,,,,,,,,,,,,,,,,,,,,,,,,,,,,,,,,,,,,,,,,,,,,,,,,,,,,,,,,,,,,,,,,,,,,,,
,,,,,,581181,,,,581181,581181,581181 40W Led Med 2pk,-- Unbranded --,,,Phillips Lighting (5831),,,,,,,,,,,,,,,,,,,,,,,,,,,,,,,,,,,,,,,,,,,,,,,,,,,,,,,,,,,,,,,,,,,,,,,,,,,,,,,,,,,,,,,,,,,,,,,,,,,,,,,,,,,,,,,,,,,,,,,,,,,,,,,,,,,,,,,,,,,,,,,,,,,,,,,,,,,,,,,,,,,,,,,,,,,,,,,,,,,,,,,,,,,,,,,,,,,,,,,,,,,,,,,,,,,,,,,,,,,,,,,,,,,,,,,,,,,
,,,,,,GT-CB-100C,,,,GT-CB-100C,GT-CB-100C,GTCB100C Led 100W Cob Bulb,-- Unbranded --,,,Keystone (5702),,,,,,,,,,,,,,,,,,,,,,,,,,,,,,,,,,,,,,,,,,,,,,,,,,,,,,,,,,,,,,,,,,,,,,,,,,,,,,,,,,,,,,,,,,,,,,,,,,,,,,,,,,,,,,,,,,,,,,,,,,,,,,,,,,,,,,,,,,,,,,,,,,,,,,,,,,,,,,,,,,,,,,,,,,,,,,,,,,,,,,,,,,,,,,,,,,,,,,,,,,,,,,,,,,,,,,,,,,,,,,,,,,,,,,,,,,,
,,,,,,566430,,,,566430,566430,566430 75W Led Med 50k 4pk,-- Unbranded --,,,Phillips Lighting (5831),,,,,,,,,,,,,,,,,,,,,,,,,,,,,,,,,,,,,,,,,,,,,,,,,,,,,,,,,,,,,,,,,,,,,,,,,,,,,,,,,,,,,,,,,,,,,,,,,,,,,,,,,,,,,,,,,,,,,,,,,,,,,,,,,,,,,,,,,,,,,,,,,,,,,,,,,,,,,,,,,,,,,,,,,,,,,,,,,,,,,,,,,,,,,,,,,,,,,,,,,,,,,,,,,,,,,,,,,,,,,,,,,,,,,,,,,,,
,,,,,,568337,,,,568337,568337,568337 120W Led Par38 Med 50k,-- Unbranded --,,,Phillips Lighting (5831),,,,,,,,,,,,,,,,,,,,,,,,,,,,,,,,,,,,,,,,,,,,,,,,,,,,,,,,,,,,,,,,,,,,,,,,,,,,,,,,,,,,,,,,,,,,,,,,,,,,,,,,,,,,,,,,,,,,,,,,,,,,,,,,,,,,,,,,,,,,,,,,,,,,,,,,,,,,,,,,,,,,,,,,,,,,,,,,,,,,,,,,,,,,,,,,,,,,,,,,,,,,,,,,,,,,,,,,,,,,,,,,,,,,,,,,,,,
,,,,,,565788,,,,565788,565788,565788 40W Led A19 Med 27k,-- Unbranded --,,,Phillips Lighting (5831),,,,,,,,,,,,,,,,,,,,,,,,,,,,,,,,,,,,,,,,,,,,,,,,,,,,,,,,,,,,,,,,,,,,,,,,,,,,,,,,,,,,,,,,,,,,,,,,,,,,,,,,,,,,,,,,,,,,,,,,,,,,,,,,,,,,,,,,,,,,,,,,,,,,,,,,,,,,,,,,,,,,,,,,,,,,,,,,,,,,,,,,,,,,,,,,,,,,,,,,,,,,,,,,,,,,,,,,,,,,,,,,,,,,,,,,,,,
,,,,,,565770,,,,565770,565770,565770 40W Led A19 Med 50k,-- Unbranded --,,,Phillips Lighting (5831),,,,,,,,,,,,,,,,,,,,,,,,,,,,,,,,,,,,,,,,,,,,,,,,,,,,,,,,,,,,,,,,,,,,,,,,,,,,,,,,,,,,,,,,,,,,,,,,,,,,,,,,,,,,,,,,,,,,,,,,,,,,,,,,,,,,,,,,,,,,,,,,,,,,,,,,,,,,,,,,,,,,,,,,,,,,,,,,,,,,,,,,,,,,,,,,,,,,,,,,,,,,,,,,,,,,,,,,,,,,,,,,,,,,,,,,,,,
,,,,,,573436,,,,573436,573436,573436 60W Led A19 Med 27k 2pk,-- Unbranded --,,,Phillips Lighting (5831),,,,,,,,,,,,,,,,,,,,,,,,,,,,,,,,,,,,,,,,,,,,,,,,,,,,,,,,,,,,,,,,,,,,,,,,,,,,,,,,,,,,,,,,,,,,,,,,,,,,,,,,,,,,,,,,,,,,,,,,,,,,,,,,,,,,,,,,,,,,,,,,,,,,,,,,,,,,,,,,,,,,,,,,,,,,,,,,,,,,,,,,,,,,,,,,,,,,,,,,,,,,,,,,,,,,,,,,,,,,,,,,,,,,,,,,,,,
,,,,,,576538,,,,576538,576538,576538 65W Led BR30 Med 50k,-- Unbranded --,,,Phillips Lighting (5831),,,,,,,,,,,,,,,,,,,,,,,,,,,,,,,,,,,,,,,,,,,,,,,,,,,,,,,,,,,,,,,,,,,,,,,,,,,,,,,,,,,,,,,,,,,,,,,,,,,,,,,,,,,,,,,,,,,,,,,,,,,,,,,,,,,,,,,,,,,,,,,,,,,,,,,,,,,,,,,,,,,,,,,,,,,,,,,,,,,,,,,,,,,,,,,,,,,,,,,,,,,,,,,,,,,,,,,,,,,,,,,,,,,,,,,,,,,
,,,,,,573451,,,,573451,573451,573451 40W Led Med 27k 2pk,-- Unbranded --,,,Phillips Lighting (5831),,,,,,,,,,,,,,,,,,,,,,,,,,,,,,,,,,,,,,,,,,,,,,,,,,,,,,,,,,,,,,,,,,,,,,,,,,,,,,,,,,,,,,,,,,,,,,,,,,,,,,,,,,,,,,,,,,,,,,,,,,,,,,,,,,,,,,,,,,,,,,,,,,,,,,,,,,,,,,,,,,,,,,,,,,,,,,,,,,,,,,,,,,,,,,,,,,,,,,,,,,,,,,,,,,,,,,,,,,,,,,,,,,,,,,,,,,,
,,,,,,586883,,,,586883,586883,586883 100W Led Multi CCT 2pk,-- Unbranded --,,,Phillips Lighting (5831),,,,,,,,,,,,,,,,,,,,,,,,,,,,,,,,,,,,,,,,,,,,,,,,,,,,,,,,,,,,,,,,,,,,,,,,,,,,,,,,,,,,,,,,,,,,,,,,,,,,,,,,,,,,,,,,,,,,,,,,,,,,,,,,,,,,,,,,,,,,,,,,,,,,,,,,,,,,,,,,,,,,,,,,,,,,,,,,,,,,,,,,,,,,,,,,,,,,,,,,,,,,,,,,,,,,,,,,,,,,,,,,,,,,,,,,,,,
,,,,,,586859,,,,586859,586859,586859 40W Led Med 27K Back Up,-- Unbranded --,,,Phillips Lighting (5831),,,,,,,,,,,,,,,,,,,,,,,,,,,,,,,,,,,,,,,,,,,,,,,,,,,,,,,,,,,,,,,,,,,,,,,,,,,,,,,,,,,,,,,,,,,,,,,,,,,,,,,,,,,,,,,,,,,,,,,,,,,,,,,,,,,,,,,,,,,,,,,,,,,,,,,,,,,,,,,,,,,,,,,,,,,,,,,,,,,,,,,,,,,,,,,,,,,,,,,,,,,,,,,,,,,,,,,,,,,,,,,,,,,,,,,,,,,
,,,,,,576488,,,,576488,576488,576488 45W Led R20 Med 50k,-- Unbranded --,,,Phillips Lighting (5831),,,,,,,,,,,,,,,,,,,,,,,,,,,,,,,,,,,,,,,,,,,,,,,,,,,,,,,,,,,,,,,,,,,,,,,,,,,,,,,,,,,,,,,,,,,,,,,,,,,,,,,,,,,,,,,,,,,,,,,,,,,,,,,,,,,,,,,,,,,,,,,,,,,,,,,,,,,,,,,,,,,,,,,,,,,,,,,,,,,,,,,,,,,,,,,,,,,,,,,,,,,,,,,,,,,,,,,,,,,,,,,,,,,,,,,,,,,
,,,,,,575217,,,,575217,575217,575217 60W Led Med 50k 2pk,-- Unbranded --,,,Phillips Lighting (5831),,,,,,,,,,,,,,,,,,,,,,,,,,,,,,,,,,,,,,,,,,,,,,,,,,,,,,,,,,,,,,,,,,,,,,,,,,,,,,,,,,,,,,,,,,,,,,,,,,,,,,,,,,,,,,,,,,,,,,,,,,,,,,,,,,,,,,,,,,,,,,,,,,,,,,,,,,,,,,,,,,,,,,,,,,,,,,,,,,,,,,,,,,,,,,,,,,,,,,,,,,,,,,,,,,,,,,,,,,,,,,,,,,,,,,,,,,,
,,,,,,586479,,,,586479,586479,586479 90W Led Med Multi CCT,-- Unbranded --,,,Phillips Lighting (5831),,,,,,,,,,,,,,,,,,,,,,,,,,,,,,,,,,,,,,,,,,,,,,,,,,,,,,,,,,,,,,,,,,,,,,,,,,,,,,,,,,,,,,,,,,,,,,,,,,,,,,,,,,,,,,,,,,,,,,,,,,,,,,,,,,,,,,,,,,,,,,,,,,,,,,,,,,,,,,,,,,,,,,,,,,,,,,,,,,,,,,,,,,,,,,,,,,,,,,,,,,,,,,,,,,,,,,,,,,,,,,,,,,,,,,,,,,,
,,,,,,571471,,,,571471,571471,571471 100W Led BR30 Med 27k,-- Unbranded --,,,Phillips Lighting (5831),,,,,,,,,,,,,,,,,,,,,,,,,,,,,,,,,,,,,,,,,,,,,,,,,,,,,,,,,,,,,,,,,,,,,,,,,,,,,,,,,,,,,,,,,,,,,,,,,,,,,,,,,,,,,,,,,,,,,,,,,,,,,,,,,,,,,,,,,,,,,,,,,,,,,,,,,,,,,,,,,,,,,,,,,,,,,,,,,,,,,,,,,,,,,,,,,,,,,,,,,,,,,,,,,,,,,,,,,,,,,,,,,,,,,,,,,,,
,,,,,,570762,,,,570762,570762,570762 50W Led Par16 30k 3pk,-- Unbranded --,,,Phillips Lighting (5831),,,,,,,,,,,,,,,,,,,,,,,,,,,,,,,,,,,,,,,,,,,,,,,,,,,,,,,,,,,,,,,,,,,,,,,,,,,,,,,,,,,,,,,,,,,,,,,,,,,,,,,,,,,,,,,,,,,,,,,,,,,,,,,,,,,,,,,,,,,,,,,,,,,,,,,,,,,,,,,,,,,,,,,,,,,,,,,,,,,,,,,,,,,,,,,,,,,,,,,,,,,,,,,,,,,,,,,,,,,,,,,,,,,,,,,,,,,
,,,,,,533352,,,,533352,533352,571505 150W Led Med 50k,-- Unbranded --,,,Phillips Lighting (5831),,,,,,,,,,,,,,,,,,,,,,,,,,,,,,,,,,,,,,,,,,,,,,,,,,,,,,,,,,,,,,,,,,,,,,,,,,,,,,,,,,,,,,,,,,,,,,,,,,,,,,,,,,,,,,,,,,,,,,,,,,,,,,,,,,,,,,,,,,,,,,,,,,,,,,,,,,,,,,,,,,,,,,,,,,,,,,,,,,,,,,,,,,,,,,,,,,,,,,,,,,,,,,,,,,,,,,,,,,,,,,,,,,,,,,,,,,,
,,,,,,573519,,,,573519,573519,573519 100W Led A21 27k 2pk,-- Unbranded --,,,Phillips Lighting (5831),,,,,,,,,,,,,,,,,,,,,,,,,,,,,,,,,,,,,,,,,,,,,,,,,,,,,,,,,,,,,,,,,,,,,,,,,,,,,,,,,,,,,,,,,,,,,,,,,,,,,,,,,,,,,,,,,,,,,,,,,,,,,,,,,,,,,,,,,,,,,,,,,,,,,,,,,,,,,,,,,,,,,,,,,,,,,,,,,,,,,,,,,,,,,,,,,,,,,,,,,,,,,,,,,,,,,,,,,,,,,,,,,,,,,,,,,,,
,,,,,,573378,,,,573378,573378,573378 60W Led Med 27k 3pk,-- Unbranded --,,,Phillips Lighting (5831),,,,,,,,,,,,,,,,,,,,,,,,,,,,,,,,,,,,,,,,,,,,,,,,,,,,,,,,,,,,,,,,,,,,,,,,,,,,,,,,,,,,,,,,,,,,,,,,,,,,,,,,,,,,,,,,,,,,,,,,,,,,,,,,,,,,,,,,,,,,,,,,,,,,,,,,,,,,,,,,,,,,,,,,,,,,,,,,,,,,,,,,,,,,,,,,,,,,,,,,,,,,,,,,,,,,,,,,,,,,,,,,,,,,,,,,,,,
,,,,,,565622,,,,565622,565622,565622 60W Led Med 20k,-- Unbranded --,,,Phillips Lighting (5831),,,,,,,,,,,,,,,,,,,,,,,,,,,,,,,,,,,,,,,,,,,,,,,,,,,,,,,,,,,,,,,,,,,,,,,,,,,,,,,,,,,,,,,,,,,,,,,,,,,,,,,,,,,,,,,,,,,,,,,,,,,,,,,,,,,,,,,,,,,,,,,,,,,,,,,,,,,,,,,,,,,,,,,,,,,,,,,,,,,,,,,,,,,,,,,,,,,,,,,,,,,,,,,,,,,,,,,,,,,,,,,,,,,,,,,,,,,
,,,,,,586891,,,,586891,586891,586891 Led 60W Med A19 27k,-- Unbranded --,,,Phillips Lighting (5831),,,,,,,,,,,,,,,,,,,,,,,,,,,,,,,,,,,,,,,,,,,,,,,,,,,,,,,,,,,,,,,,,,,,,,,,,,,,,,,,,,,,,,,,,,,,,,,,,,,,,,,,,,,,,,,,,,,,,,,,,,,,,,,,,,,,,,,,,,,,,,,,,,,,,,,,,,,,,,,,,,,,,,,,,,,,,,,,,,,,,,,,,,,,,,,,,,,,,,,,,,,,,,,,,,,,,,,,,,,,,,,,,,,,,,,,,,,
,,,,,,585448,,,,585448,585448,585448 120W Led Motion Bulb,-- Unbranded --,,,Phillips Lighting (5831),,,,,,,,,,,,,,,,,,,,,,,,,,,,,,,,,,,,,,,,,,,,,,,,,,,,,,,,,,,,,,,,,,,,,,,,,,,,,,,,,,,,,,,,,,,,,,,,,,,,,,,,,,,,,,,,,,,,,,,,,,,,,,,,,,,,,,,,,,,,,,,,,,,,,,,,,,,,,,,,,,,,,,,,,,,,,,,,,,,,,,,,,,,,,,,,,,,,,,,,,,,,,,,,,,,,,,,,,,,,,,,,,,,,,,,,,,,
,,,,,,573444,,,,573444,573444,573444 60W Led A19 Med 50k 2pk,-- Unbranded --,,,Phillips Lighting (5831),,,,,,,,,,,,,,,,,,,,,,,,,,,,,,,,,,,,,,,,,,,,,,,,,,,,,,,,,,,,,,,,,,,,,,,,,,,,,,,,,,,,,,,,,,,,,,,,,,,,,,,,,,,,,,,,,,,,,,,,,,,,,,,,,,,,,,,,,,,,,,,,,,,,,,,,,,,,,,,,,,,,,,,,,,,,,,,,,,,,,,,,,,,,,,,,,,,,,,,,,,,,,,,,,,,,,,,,,,,,,,,,,,,,,,,,,,,
,,,,,,566687,,,,566687,566687,566687 60W Cand Led 27k 3pk,-- Unbranded --,,,Phillips Lighting (5831),,,,,,,,,,,,,,,,,,,,,,,,,,,,,,,,,,,,,,,,,,,,,,,,,,,,,,,,,,,,,,,,,,,,,,,,,,,,,,,,,,,,,,,,,,,,,,,,,,,,,,,,,,,,,,,,,,,,,,,,,,,,,,,,,,,,,,,,,,,,,,,,,,,,,,,,,,,,,,,,,,,,,,,,,,,,,,,,,,,,,,,,,,,,,,,,,,,,,,,,,,,,,,,,,,,,,,,,,,,,,,,,,,,,,,,,,,,
,,,,,,564385,,,,564385,564385,564385 40w Led Med 27k 2pk,-- Unbranded --,,,Phillips Lighting (5831),,,,,,,,,,,,,,,,,,,,,,,,,,,,,,,,,,,,,,,,,,,,,,,,,,,,,,,,,,,,,,,,,,,,,,,,,,,,,,,,,,,,,,,,,,,,,,,,,,,,,,,,,,,,,,,,,,,,,,,,,,,,,,,,,,,,,,,,,,,,,,,,,,,,,,,,,,,,,,,,,,,,,,,,,,,,,,,,,,,,,,,,,,,,,,,,,,,,,,,,,,,,,,,,,,,,,,,,,,,,,,,,,,,,,,,,,,,
,,,,,,566661,,,,566661,566661,566661 40W LED Cand 27k 3pk,-- Unbranded --,,,Phillips Lighting (5831),,,,,,,,,,,,,,,,,,,,,,,,,,,,,,,,,,,,,,,,,,,,,,,,,,,,,,,,,,,,,,,,,,,,,,,,,,,,,,,,,,,,,,,,,,,,,,,,,,,,,,,,,,,,,,,,,,,,,,,,,,,,,,,,,,,,,,,,,,,,,,,,,,,,,,,,,,,,,,,,,,,,,,,,,,,,,,,,,,,,,,,,,,,,,,,,,,,,,,,,,,,,,,,,,,,,,,,,,,,,,,,,,,,,,,,,,,,
,,,,,,564898,,,,564898,564898,564898 60W Cand Led 50k 3pk,-- Unbranded --,,,Phillips Lighting (5831),,,,,,,,,,,,,,,,,,,,,,,,,,,,,,,,,,,,,,,,,,,,,,,,,,,,,,,,,,,,,,,,,,,,,,,,,,,,,,,,,,,,,,,,,,,,,,,,,,,,,,,,,,,,,,,,,,,,,,,,,,,,,,,,,,,,,,,,,,,,,,,,,,,,,,,,,,,,,,,,,,,,,,,,,,,,,,,,,,,,,,,,,,,,,,,,,,,,,,,,,,,,,,,,,,,,,,,,,,,,,,,,,,,,,,,,,,,
,,,,,,538319,,,,538319,538319,588525 40W Led Cand 3pk,-- Unbranded --,,,Phillips Lighting (5831),,,,,,,,,,,,,,,,,,,,,,,,,,,,,,,,,,,,,,,,,,,,,,,,,,,,,,,,,,,,,,,,,,,,,,,,,,,,,,,,,,,,,,,,,,,,,,,,,,,,,,,,,,,,,,,,,,,,,,,,,,,,,,,,,,,,,,,,,,,,,,,,,,,,,,,,,,,,,,,,,,,,,,,,,,,,,,,,,,,,,,,,,,,,,,,,,,,,,,,,,,,,,,,,,,,,,,,,,,,,,,,,,,,,,,,,,,,
,,,,,,576009,,,,576009,576009,576009 100W Led Par30L Med 50k,-- Unbranded --,,,Phillips Lighting (5831),,,,,,,,,,,,,,,,,,,,,,,,,,,,,,,,,,,,,,,,,,,,,,,,,,,,,,,,,,,,,,,,,,,,,,,,,,,,,,,,,,,,,,,,,,,,,,,,,,,,,,,,,,,,,,,,,,,,,,,,,,,,,,,,,,,,,,,,,,,,,,,,,,,,,,,,,,,,,,,,,,,,,,,,,,,,,,,,,,,,,,,,,,,,,,,,,,,,,,,,,,,,,,,,,,,,,,,,,,,,,,,,,,,,,,,,,,,
,,,,,,564450,,,,564450,564450,564450 40W Led Cand 27k 2pk,-- Unbranded --,,,Phillips Lighting (5831),,,,,,,,,,,,,,,,,,,,,,,,,,,,,,,,,,,,,,,,,,,,,,,,,,,,,,,,,,,,,,,,,,,,,,,,,,,,,,,,,,,,,,,,,,,,,,,,,,,,,,,,,,,,,,,,,,,,,,,,,,,,,,,,,,,,,,,,,,,,,,,,,,,,,,,,,,,,,,,,,,,,,,,,,,,,,,,,,,,,,,,,,,,,,,,,,,,,,,,,,,,,,,,,,,,,,,,,,,,,,,,,,,,,,,,,,,,
,,,,,,572669,,,,572669,572669,572669 60W Led F15 Med 27k,-- Unbranded --,,,Phillips Lighting (5831),,,,,,,,,,,,,,,,,,,,,,,,,,,,,,,,,,,,,,,,,,,,,,,,,,,,,,,,,,,,,,,,,,,,,,,,,,,,,,,,,,,,,,,,,,,,,,,,,,,,,,,,,,,,,,,,,,,,,,,,,,,,,,,,,,,,,,,,,,,,,,,,,,,,,,,,,,,,,,,,,,,,,,,,,,,,,,,,,,,,,,,,,,,,,,,,,,,,,,,,,,,,,,,,,,,,,,,,,,,,,,,,,,,,,,,,,,,
,,,,,,564906,,,,564906,564906,564906 60W Led Med 27k 2pk,-- Unbranded --,,,Phillips Lighting (5831),,,,,,,,,,,,,,,,,,,,,,,,,,,,,,,,,,,,,,,,,,,,,,,,,,,,,,,,,,,,,,,,,,,,,,,,,,,,,,,,,,,,,,,,,,,,,,,,,,,,,,,,,,,,,,,,,,,,,,,,,,,,,,,,,,,,,,,,,,,,,,,,,,,,,,,,,,,,,,,,,,,,,,,,,,,,,,,,,,,,,,,,,,,,,,,,,,,,,,,,,,,,,,,,,,,,,,,,,,,,,,,,,,,,,,,,,,,
,,,,,,573410,,,,573410,573410,573410 40W Led A19 Med 27k 2pk,-- Unbranded --,,,Phillips Lighting (5831),,,,,,,,,,,,,,,,,,,,,,,,,,,,,,,,,,,,,,,,,,,,,,,,,,,,,,,,,,,,,,,,,,,,,,,,,,,,,,,,,,,,,,,,,,,,,,,,,,,,,,,,,,,,,,,,,,,,,,,,,,,,,,,,,,,,,,,,,,,,,,,,,,,,,,,,,,,,,,,,,,,,,,,,,,,,,,,,,,,,,,,,,,,,,,,,,,,,,,,,,,,,,,,,,,,,,,,,,,,,,,,,,,,,,,,,,,,
,,,,,,576504,,,,576504,576504,576504 65W Led BR40 Med 50k,-- Unbranded --,,,Phillips Lighting (5831),,,,,,,,,,,,,,,,,,,,,,,,,,,,,,,,,,,,,,,,,,,,,,,,,,,,,,,,,,,,,,,,,,,,,,,,,,,,,,,,,,,,,,,,,,,,,,,,,,,,,,,,,,,,,,,,,,,,,,,,,,,,,,,,,,,,,,,,,,,,,,,,,,,,,,,,,,,,,,,,,,,,,,,,,,,,,,,,,,,,,,,,,,,,,,,,,,,,,,,,,,,,,,,,,,,,,,,,,,,,,,,,,,,,,,,,,,,
,,,,,,576017,,,,576017,576017,576017 100W Led Par30L Med 30k,-- Unbranded --,,,Phillips Lighting (5831),,,,,,,,,,,,,,,,,,,,,,,,,,,,,,,,,,,,,,,,,,,,,,,,,,,,,,,,,,,,,,,,,,,,,,,,,,,,,,,,,,,,,,,,,,,,,,,,,,,,,,,,,,,,,,,,,,,,,,,,,,,,,,,,,,,,,,,,,,,,,,,,,,,,,,,,,,,,,,,,,,,,,,,,,,,,,,,,,,,,,,,,,,,,,,,,,,,,,,,,,,,,,,,,,,,,,,,,,,,,,,,,,,,,,,,,,,,
,,,,,,574392,,,,574392,574392,574392 40W Led B11 Med 27k 3pk,-- Unbranded --,,,Phillips Lighting (5831),,,,,,,,,,,,,,,,,,,,,,,,,,,,,,,,,,,,,,,,,,,,,,,,,,,,,,,,,,,,,,,,,,,,,,,,,,,,,,,,,,,,,,,,,,,,,,,,,,,,,,,,,,,,,,,,,,,,,,,,,,,,,,,,,,,,,,,,,,,,,,,,,,,,,,,,,,,,,,,,,,,,,,,,,,,,,,,,,,,,,,,,,,,,,,,,,,,,,,,,,,,,,,,,,,,,,,,,,,,,,,,,,,,,,,,,,,,
,,,,,,576751,,,,576751,576751,576751 65W Led BR30 Med 3pk,-- Unbranded --,,,Phillips Lighting (5831),,,,,,,,,,,,,,,,,,,,,,,,,,,,,,,,,,,,,,,,,,,,,,,,,,,,,,,,,,,,,,,,,,,,,,,,,,,,,,,,,,,,,,,,,,,,,,,,,,,,,,,,,,,,,,,,,,,,,,,,,,,,,,,,,,,,,,,,,,,,,,,,,,,,,,,,,,,,,,,,,,,,,,,,,,,,,,,,,,,,,,,,,,,,,,,,,,,,,,,,,,,,,,,,,,,,,,,,,,,,,,,,,,,,,,,,,,,
,,,,,,583161,,,,583161,583161,583161 Led 65W Med BR30 3pk,-- Unbranded --,,,Phillips Lighting (5831),,,,,,,,,,,,,,,,,,,,,,,,,,,,,,,,,,,,,,,,,,,,,,,,,,,,,,,,,,,,,,,,,,,,,,,,,,,,,,,,,,,,,,,,,,,,,,,,,,,,,,,,,,,,,,,,,,,,,,,,,,,,,,,,,,,,,,,,,,,,,,,,,,,,,,,,,,,,,,,,,,,,,,,,,,,,,,,,,,,,,,,,,,,,,,,,,,,,,,,,,,,,,,,,,,,,,,,,,,,,,,,,,,,,,,,,,,,
,,,,,,566695,,,,566695,566695,566695 60W Led Med 27k 3pk,-- Unbranded --,,,Phillips Lighting (5831),,,,,,,,,,,,,,,,,,,,,,,,,,,,,,,,,,,,,,,,,,,,,,,,,,,,,,,,,,,,,,,,,,,,,,,,,,,,,,,,,,,,,,,,,,,,,,,,,,,,,,,,,,,,,,,,,,,,,,,,,,,,,,,,,,,,,,,,,,,,,,,,,,,,,,,,,,,,,,,,,,,,,,,,,,,,,,,,,,,,,,,,,,,,,,,,,,,,,,,,,,,,,,,,,,,,,,,,,,,,,,,,,,,,,,,,,,,
,,,,,,577007,,,,577007,577007,577007 125W Led Med 30k Flood,-- Unbranded --,,,Phillips Lighting (5831),,,,,,,,,,,,,,,,,,,,,,,,,,,,,,,,,,,,,,,,,,,,,,,,,,,,,,,,,,,,,,,,,,,,,,,,,,,,,,,,,,,,,,,,,,,,,,,,,,,,,,,,,,,,,,,,,,,,,,,,,,,,,,,,,,,,,,,,,,,,,,,,,,,,,,,,,,,,,,,,,,,,,,,,,,,,,,,,,,,,,,,,,,,,,,,,,,,,,,,,,,,,,,,,,,,,,,,,,,,,,,,,,,,,,,,,,,,
,,,,,,566653,,,,566653,566653,566653 25W Led Cand 27k 3pk,-- Unbranded --,,,Phillips Lighting (5831),,,,,,,,,,,,,,,,,,,,,,,,,,,,,,,,,,,,,,,,,,,,,,,,,,,,,,,,,,,,,,,,,,,,,,,,,,,,,,,,,,,,,,,,,,,,,,,,,,,,,,,,,,,,,,,,,,,,,,,,,,,,,,,,,,,,,,,,,,,,,,,,,,,,,,,,,,,,,,,,,,,,,,,,,,,,,,,,,,,,,,,,,,,,,,,,,,,,,,,,,,,,,,,,,,,,,,,,,,,,,,,,,,,,,,,,,,,
,,,,,,566679,,,,566679,566679,566679 40W Led Med 27k 3pk,-- Unbranded --,,,Phillips Lighting (5831),,,,,,,,,,,,,,,,,,,,,,,,,,,,,,,,,,,,,,,,,,,,,,,,,,,,,,,,,,,,,,,,,,,,,,,,,,,,,,,,,,,,,,,,,,,,,,,,,,,,,,,,,,,,,,,,,,,,,,,,,,,,,,,,,,,,,,,,,,,,,,,,,,,,,,,,,,,,,,,,,,,,,,,,,,,,,,,,,,,,,,,,,,,,,,,,,,,,,,,,,,,,,,,,,,,,,,,,,,,,,,,,,,,,,,,,,,,
,,,,,,573311,,,,573311,573311,573311 60W Led Med 27k 2pk,-- Unbranded --,,,Phillips Lighting (5831),,,,,,,,,,,,,,,,,,,,,,,,,,,,,,,,,,,,,,,,,,,,,,,,,,,,,,,,,,,,,,,,,,,,,,,,,,,,,,,,,,,,,,,,,,,,,,,,,,,,,,,,,,,,,,,,,,,,,,,,,,,,,,,,,,,,,,,,,,,,,,,,,,,,,,,,,,,,,,,,,,,,,,,,,,,,,,,,,,,,,,,,,,,,,,,,,,,,,,,,,,,,,,,,,,,,,,,,,,,,,,,,,,,,,,,,,,,
,,,,,,573394,,,,573394,573394,573394 60W Led Cand 27k 2pk,-- Unbranded --,,,Phillips Lighting (5831),,,,,,,,,,,,,,,,,,,,,,,,,,,,,,,,,,,,,,,,,,,,,,,,,,,,,,,,,,,,,,,,,,,,,,,,,,,,,,,,,,,,,,,,,,,,,,,,,,,,,,,,,,,,,,,,,,,,,,,,,,,,,,,,,,,,,,,,,,,,,,,,,,,,,,,,,,,,,,,,,,,,,,,,,,,,,,,,,,,,,,,,,,,,,,,,,,,,,,,,,,,,,,,,,,,,,,,,,,,,,,,,,,,,,,,,,,,
,,,,,,573329,,,,573329,573329,573329 60W Cand Led 27k 2pk,-- Unbranded --,,,Phillips Lighting (5831),,,,,,,,,,,,,,,,,,,,,,,,,,,,,,,,,,,,,,,,,,,,,,,,,,,,,,,,,,,,,,,,,,,,,,,,,,,,,,,,,,,,,,,,,,,,,,,,,,,,,,,,,,,,,,,,,,,,,,,,,,,,,,,,,,,,,,,,,,,,,,,,,,,,,,,,,,,,,,,,,,,,,,,,,,,,,,,,,,,,,,,,,,,,,,,,,,,,,,,,,,,,,,,,,,,,,,,,,,,,,,,,,,,,,,,,,,,
,,,,,,564930,,,,564930,564930,564930 40W Cand Led 50k 3pk,-- Unbranded --,,,Phillips Lighting (5831),,,,,,,,,,,,,,,,,,,,,,,,,,,,,,,,,,,,,,,,,,,,,,,,,,,,,,,,,,,,,,,,,,,,,,,,,,,,,,,,,,,,,,,,,,,,,,,,,,,,,,,,,,,,,,,,,,,,,,,,,,,,,,,,,,,,,,,,,,,,,,,,,,,,,,,,,,,,,,,,,,,,,,,,,,,,,,,,,,,,,,,,,,,,,,,,,,,,,,,,,,,,,,,,,,,,,,,,,,,,,,,,,,,,,,,,,,,
,,,,,,565000,,,,565000,565000,565000 60W Led Med 27k 2pk,-- Unbranded --,,,Phillips Lighting (5831),,,,,,,,,,,,,,,,,,,,,,,,,,,,,,,,,,,,,,,,,,,,,,,,,,,,,,,,,,,,,,,,,,,,,,,,,,,,,,,,,,,,,,,,,,,,,,,,,,,,,,,,,,,,,,,,,,,,,,,,,,,,,,,,,,,,,,,,,,,,,,,,,,,,,,,,,,,,,,,,,,,,,,,,,,,,,,,,,,,,,,,,,,,,,,,,,,,,,,,,,,,,,,,,,,,,,,,,,,,,,,,,,,,,,,,,,,,
,,,,,,564922,,,,564922,564922,564922 60W Led BA11 50k 3pk,-- Unbranded --,,,Phillips Lighting (5831),,,,,,,,,,,,,,,,,,,,,,,,,,,,,,,,,,,,,,,,,,,,,,,,,,,,,,,,,,,,,,,,,,,,,,,,,,,,,,,,,,,,,,,,,,,,,,,,,,,,,,,,,,,,,,,,,,,,,,,,,,,,,,,,,,,,,,,,,,,,,,,,,,,,,,,,,,,,,,,,,,,,,,,,,,,,,,,,,,,,,,,,,,,,,,,,,,,,,,,,,,,,,,,,,,,,,,,,,,,,,,,,,,,,,,,,,,,
,,,,,,573295,,,,573295,573295,573295 40W Led Med 27k 2pk,-- Unbranded --,,,Phillips Lighting (5831),,,,,,,,,,,,,,,,,,,,,,,,,,,,,,,,,,,,,,,,,,,,,,,,,,,,,,,,,,,,,,,,,,,,,,,,,,,,,,,,,,,,,,,,,,,,,,,,,,,,,,,,,,,,,,,,,,,,,,,,,,,,,,,,,,,,,,,,,,,,,,,,,,,,,,,,,,,,,,,,,,,,,,,,,,,,,,,,,,,,,,,,,,,,,,,,,,,,,,,,,,,,,,,,,,,,,,,,,,,,,,,,,,,,,,,,,,,
,,,,,,564914,,,,564914,564914,564914 60W Med Led 50k 2pk,-- Unbranded --,,,Phillips Lighting (5831),,,,,,,,,,,,,,,,,,,,,,,,,,,,,,,,,,,,,,,,,,,,,,,,,,,,,,,,,,,,,,,,,,,,,,,,,,,,,,,,,,,,,,,,,,,,,,,,,,,,,,,,,,,,,,,,,,,,,,,,,,,,,,,,,,,,,,,,,,,,,,,,,,,,,,,,,,,,,,,,,,,,,,,,,,,,,,,,,,,,,,,,,,,,,,,,,,,,,,,,,,,,,,,,,,,,,,,,,,,,,,,,,,,,,,,,,,,
,,,,,,573485,,,,573485,573485,573485 60W Led A19 Med 50k 2pk,-- Unbranded --,,,Phillips Lighting (5831),,,,,,,,,,,,,,,,,,,,,,,,,,,,,,,,,,,,,,,,,,,,,,,,,,,,,,,,,,,,,,,,,,,,,,,,,,,,,,,,,,,,,,,,,,,,,,,,,,,,,,,,,,,,,,,,,,,,,,,,,,,,,,,,,,,,,,,,,,,,,,,,,,,,,,,,,,,,,,,,,,,,,,,,,,,,,,,,,,,,,,,,,,,,,,,,,,,,,,,,,,,,,,,,,,,,,,,,,,,,,,,,,,,,,,,,,,,
,,,,,,573337,,,,573337,573337,573337 40W Led G25 Med 50k 2pk,-- Unbranded --,,,Phillips Lighting (5831),,,,,,,,,,,,,,,,,,,,,,,,,,,,,,,,,,,,,,,,,,,,,,,,,,,,,,,,,,,,,,,,,,,,,,,,,,,,,,,,,,,,,,,,,,,,,,,,,,,,,,,,,,,,,,,,,,,,,,,,,,,,,,,,,,,,,,,,,,,,,,,,,,,,,,,,,,,,,,,,,,,,,,,,,,,,,,,,,,,,,,,,,,,,,,,,,,,,,,,,,,,,,,,,,,,,,,,,,,,,,,,,,,,,,,,,,,,
,,,,,,544874,,,,544874,544874,544874 32W Led T8 UBulb 40k,-- Unbranded --,,,Phillips Lighting (5831),,,,,,,,,,,,,,,,,,,,,,,,,,,,,,,,,,,,,,,,,,,,,,,,,,,,,,,,,,,,,,,,,,,,,,,,,,,,,,,,,,,,,,,,,,,,,,,,,,,,,,,,,,,,,,,,,,,,,,,,,,,,,,,,,,,,,,,,,,,,,,,,,,,,,,,,,,,,,,,,,,,,,,,,,,,,,,,,,,,,,,,,,,,,,,,,,,,,,,,,,,,,,,,,,,,,,,,,,,,,,,,,,,,,,,,,,,,
,,,,,,570846,,,,570846,570846,570846 50W Led Med 22K 2pk,-- Unbranded --,,,Phillips Lighting (5831),,,,,,,,,,,,,,,,,,,,,,,,,,,,,,,,,,,,,,,,,,,,,,,,,,,,,,,,,,,,,,,,,,,,,,,,,,,,,,,,,,,,,,,,,,,,,,,,,,,,,,,,,,,,,,,,,,,,,,,,,,,,,,,,,,,,,,,,,,,,,,,,,,,,,,,,,,,,,,,,,,,,,,,,,,,,,,,,,,,,,,,,,,,,,,,,,,,,,,,,,,,,,,,,,,,,,,,,,,,,,,,,,,,,,,,,,,,
,,,,,,565473,,,,565473,565473,565473 60W Led A19 Bulb 2pk,-- Unbranded --,,,Phillips Lighting (5831),,,,,,,,,,,,,,,,,,,,,,,,,,,,,,,,,,,,,,,,,,,,,,,,,,,,,,,,,,,,,,,,,,,,,,,,,,,,,,,,,,,,,,,,,,,,,,,,,,,,,,,,,,,,,,,,,,,,,,,,,,,,,,,,,,,,,,,,,,,,,,,,,,,,,,,,,,,,,,,,,,,,,,,,,,,,,,,,,,,,,,,,,,,,,,,,,,,,,,,,,,,,,,,,,,,,,,,,,,,,,,,,,,,,,,,,,,,
,,,,,,573402,,,,573402,573402,573402 60W Led Med 50k 2pk,-- Unbranded --,,,Phillips Lighting (5831),,,,,,,,,,,,,,,,,,,,,,,,,,,,,,,,,,,,,,,,,,,,,,,,,,,,,,,,,,,,,,,,,,,,,,,,,,,,,,,,,,,,,,,,,,,,,,,,,,,,,,,,,,,,,,,,,,,,,,,,,,,,,,,,,,,,,,,,,,,,,,,,,,,,,,,,,,,,,,,,,,,,,,,,,,,,,,,,,,,,,,,,,,,,,,,,,,,,,,,,,,,,,,,,,,,,,,,,,,,,,,,,,,,,,,,,,,,
,,,,,,573352,,,,573352,573352,573352 40W Led Med 27k 2pk,-- Unbranded --,,,Phillips Lighting (5831),,,,,,,,,,,,,,,,,,,,,,,,,,,,,,,,,,,,,,,,,,,,,,,,,,,,,,,,,,,,,,,,,,,,,,,,,,,,,,,,,,,,,,,,,,,,,,,,,,,,,,,,,,,,,,,,,,,,,,,,,,,,,,,,,,,,,,,,,,,,,,,,,,,,,,,,,,,,,,,,,,,,,,,,,,,,,,,,,,,,,,,,,,,,,,,,,,,,,,,,,,,,,,,,,,,,,,,,,,,,,,,,,,,,,,,,,,,
,,,,,,573428,,,,573428,573428,573428 40W Med Led 50k 2pk,-- Unbranded --,,,Phillips Lighting (5831),,,,,,,,,,,,,,,,,,,,,,,,,,,,,,,,,,,,,,,,,,,,,,,,,,,,,,,,,,,,,,,,,,,,,,,,,,,,,,,,,,,,,,,,,,,,,,,,,,,,,,,,,,,,,,,,,,,,,,,,,,,,,,,,,,,,,,,,,,,,,,,,,,,,,,,,,,,,,,,,,,,,,,,,,,,,,,,,,,,,,,,,,,,,,,,,,,,,,,,,,,,,,,,,,,,,,,,,,,,,,,,,,,,,,,,,,,,
,,,,,,573386,,,,573386,573386,573386 60W Led Med 27k 2pk,-- Unbranded --,,,Phillips Lighting (5831),,,,,,,,,,,,,,,,,,,,,,,,,,,,,,,,,,,,,,,,,,,,,,,,,,,,,,,,,,,,,,,,,,,,,,,,,,,,,,,,,,,,,,,,,,,,,,,,,,,,,,,,,,,,,,,,,,,,,,,,,,,,,,,,,,,,,,,,,,,,,,,,,,,,,,,,,,,,,,,,,,,,,,,,,,,,,,,,,,,,,,,,,,,,,,,,,,,,,,,,,,,,,,,,,,,,,,,,,,,,,,,,,,,,,,,,,,,
,,,,,,564948,,,,564948,564948,564948 40W Led Med 50k 3pk,-- Unbranded --,,,Phillips Lighting (5831),,,,,,,,,,,,,,,,,,,,,,,,,,,,,,,,,,,,,,,,,,,,,,,,,,,,,,,,,,,,,,,,,,,,,,,,,,,,,,,,,,,,,,,,,,,,,,,,,,,,,,,,,,,,,,,,,,,,,,,,,,,,,,,,,,,,,,,,,,,,,,,,,,,,,,,,,,,,,,,,,,,,,,,,,,,,,,,,,,,,,,,,,,,,,,,,,,,,,,,,,,,,,,,,,,,,,,,,,,,,,,,,,,,,,,,,,,,
,,,,,,573303,,,,573303,573303,573303 40W Led Cand 27k 2pk,-- Unbranded --,,,Phillips Lighting (5831),,,,,,,,,,,,,,,,,,,,,,,,,,,,,,,,,,,,,,,,,,,,,,,,,,,,,,,,,,,,,,,,,,,,,,,,,,,,,,,,,,,,,,,,,,,,,,,,,,,,,,,,,,,,,,,,,,,,,,,,,,,,,,,,,,,,,,,,,,,,,,,,,,,,,,,,,,,,,,,,,,,,,,,,,,,,,,,,,,,,,,,,,,,,,,,,,,,,,,,,,,,,,,,,,,,,,,,,,,,,,,,,,,,,,,,,,,,
,,,,,,573188,,,,573188,573188,573188 250W Led Par38 Med 50k,-- Unbranded --,,,Phillips Lighting (5831),,,,,,,,,,,,,,,,,,,,,,,,,,,,,,,,,,,,,,,,,,,,,,,,,,,,,,,,,,,,,,,,,,,,,,,,,,,,,,,,,,,,,,,,,,,,,,,,,,,,,,,,,,,,,,,,,,,,,,,,,,,,,,,,,,,,,,,,,,,,,,,,,,,,,,,,,,,,,,,,,,,,,,,,,,,,,,,,,,,,,,,,,,,,,,,,,,,,,,,,,,,,,,,,,,,,,,,,,,,,,,,,,,,,,,,,,,,
,,,,,,573469,,,,573469,573469,573469 40W Led A19 Med 50k 2pk,-- Unbranded --,,,Phillips Lighting (5831),,,,,,,,,,,,,,,,,,,,,,,,,,,,,,,,,,,,,,,,,,,,,,,,,,,,,,,,,,,,,,,,,,,,,,,,,,,,,,,,,,,,,,,,,,,,,,,,,,,,,,,,,,,,,,,,,,,,,,,,,,,,,,,,,,,,,,,,,,,,,,,,,,,,,,,,,,,,,,,,,,,,,,,,,,,,,,,,,,,,,,,,,,,,,,,,,,,,,,,,,,,,,,,,,,,,,,,,,,,,,,,,,,,,,,,,,,,
,,,,,,565671,,,,565671,565671,565671 25W Led Med 20K,-- Unbranded --,,,Phillips Lighting (5831),,,,,,,,,,,,,,,,,,,,,,,,,,,,,,,,,,,,,,,,,,,,,,,,,,,,,,,,,,,,,,,,,,,,,,,,,,,,,,,,,,,,,,,,,,,,,,,,,,,,,,,,,,,,,,,,,,,,,,,,,,,,,,,,,,,,,,,,,,,,,,,,,,,,,,,,,,,,,,,,,,,,,,,,,,,,,,,,,,,,,,,,,,,,,,,,,,,,,,,,,,,,,,,,,,,,,,,,,,,,,,,,,,,,,,,,,,,
,,,,,,573204,,,,573204,573204,573204 75W Led Par20 Med 50k,-- Unbranded --,,,Phillips Lighting (5831),,,,,,,,,,,,,,,,,,,,,,,,,,,,,,,,,,,,,,,,,,,,,,,,,,,,,,,,,,,,,,,,,,,,,,,,,,,,,,,,,,,,,,,,,,,,,,,,,,,,,,,,,,,,,,,,,,,,,,,,,,,,,,,,,,,,,,,,,,,,,,,,,,,,,,,,,,,,,,,,,,,,,,,,,,,,,,,,,,,,,,,,,,,,,,,,,,,,,,,,,,,,,,,,,,,,,,,,,,,,,,,,,,,,,,,,,,,
,,,,,,581199,,,,581199,581199,581199 60W Led Med 2pk,-- Unbranded --,,,Phillips Lighting (5831),,,,,,,,,,,,,,,,,,,,,,,,,,,,,,,,,,,,,,,,,,,,,,,,,,,,,,,,,,,,,,,,,,,,,,,,,,,,,,,,,,,,,,,,,,,,,,,,,,,,,,,,,,,,,,,,,,,,,,,,,,,,,,,,,,,,,,,,,,,,,,,,,,,,,,,,,,,,,,,,,,,,,,,,,,,,,,,,,,,,,,,,,,,,,,,,,,,,,,,,,,,,,,,,,,,,,,,,,,,,,,,,,,,,,,,,,,,
,,,,,,565887,,,,565887,565887,565887 60W Led Med 20k,-- Unbranded --,,,Phillips Lighting (5831),,,,,,,,,,,,,,,,,,,,,,,,,,,,,,,,,,,,,,,,,,,,,,,,,,,,,,,,,,,,,,,,,,,,,,,,,,,,,,,,,,,,,,,,,,,,,,,,,,,,,,,,,,,,,,,,,,,,,,,,,,,,,,,,,,,,,,,,,,,,,,,,,,,,,,,,,,,,,,,,,,,,,,,,,,,,,,,,,,,,,,,,,,,,,,,,,,,,,,,,,,,,,,,,,,,,,,,,,,,,,,,,,,,,,,,,,,,
,,,,,,586867,,,,586867,586867,586867 60W Led Med 27K,-- Unbranded --,,,Phillips Lighting (5831),,,,,,,,,,,,,,,,,,,,,,,,,,,,,,,,,,,,,,,,,,,,,,,,,,,,,,,,,,,,,,,,,,,,,,,,,,,,,,,,,,,,,,,,,,,,,,,,,,,,,,,,,,,,,,,,,,,,,,,,,,,,,,,,,,,,,,,,,,,,,,,,,,,,,,,,,,,,,,,,,,,,,,,,,,,,,,,,,,,,,,,,,,,,,,,,,,,,,,,,,,,,,,,,,,,,,,,,,,,,,,,,,,,,,,,,,,,
,,,,,,568451,,,,568451,568451,5686451 50W Led Med 50k 2pk,-- Unbranded --,,,Phillips Lighting (5831),,,,,,,,,,,,,,,,,,,,,,,,,,,,,,,,,,,,,,,,,,,,,,,,,,,,,,,,,,,,,,,,,,,,,,,,,,,,,,,,,,,,,,,,,,,,,,,,,,,,,,,,,,,,,,,,,,,,,,,,,,,,,,,,,,,,,,,,,,,,,,,,,,,,,,,,,,,,,,,,,,,,,,,,,,,,,,,,,,,,,,,,,,,,,,,,,,,,,,,,,,,,,,,,,,,,,,,,,,,,,,,,,,,,,,,,,,,
,,,,,,568444,,,,568444,568444,568444 90W Led Par38 50k 2pk,-- Unbranded --,,,Phillips Lighting (5831),,,,,,,,,,,,,,,,,,,,,,,,,,,,,,,,,,,,,,,,,,,,,,,,,,,,,,,,,,,,,,,,,,,,,,,,,,,,,,,,,,,,,,,,,,,,,,,,,,,,,,,,,,,,,,,,,,,,,,,,,,,,,,,,,,,,,,,,,,,,,,,,,,,,,,,,,,,,,,,,,,,,,,,,,,,,,,,,,,,,,,,,,,,,,,,,,,,,,,,,,,,,,,,,,,,,,,,,,,,,,,,,,,,,,,,,,,,
,,,,,,573196,,,,573196,573196,573196 75W Led Med 30K,-- Unbranded --,,,Phillips Lighting (5831),,,,,,,,,,,,,,,,,,,,,,,,,,,,,,,,,,,,,,,,,,,,,,,,,,,,,,,,,,,,,,,,,,,,,,,,,,,,,,,,,,,,,,,,,,,,,,,,,,,,,,,,,,,,,,,,,,,,,,,,,,,,,,,,,,,,,,,,,,,,,,,,,,,,,,,,,,,,,,,,,,,,,,,,,,,,,,,,,,,,,,,,,,,,,,,,,,,,,,,,,,,,,,,,,,,,,,,,,,,,,,,,,,,,,,,,,,,
,,,,,,564500,,,,564500,564500,564500 75W Adj Base 50k 3pk,-- Unbranded --,,,Phillips Lighting (5831),,,,,,,,,,,,,,,,,,,,,,,,,,,,,,,,,,,,,,,,,,,,,,,,,,,,,,,,,,,,,,,,,,,,,,,,,,,,,,,,,,,,,,,,,,,,,,,,,,,,,,,,,,,,,,,,,,,,,,,,,,,,,,,,,,,,,,,,,,,,,,,,,,,,,,,,,,,,,,,,,,,,,,,,,,,,,,,,,,,,,,,,,,,,,,,,,,,,,,,,,,,,,,,,,,,,,,,,,,,,,,,,,,,,,,,,,,,
,,,,,,571513,,,,571513,571513,571513 40/60/100 Led Med 27k,-- Unbranded --,,,Phillips Lighting (5831),,,,,,,,,,,,,,,,,,,,,,,,,,,,,,,,,,,,,,,,,,,,,,,,,,,,,,,,,,,,,,,,,,,,,,,,,,,,,,,,,,,,,,,,,,,,,,,,,,,,,,,,,,,,,,,,,,,,,,,,,,,,,,,,,,,,,,,,,,,,,,,,,,,,,,,,,,,,,,,,,,,,,,,,,,,,,,,,,,,,,,,,,,,,,,,,,,,,,,,,,,,,,,,,,,,,,,,,,,,,,,,,,,,,,,,,,,,
,,,,,,588566,,,,588566,588566,588566 40W Led Med 55k 3pk,-- Unbranded --,,,Phillips Lighting (5831),,,,,,,,,,,,,,,,,,,,,,,,,,,,,,,,,,,,,,,,,,,,,,,,,,,,,,,,,,,,,,,,,,,,,,,,,,,,,,,,,,,,,,,,,,,,,,,,,,,,,,,,,,,,,,,,,,,,,,,,,,,,,,,,,,,,,,,,,,,,,,,,,,,,,,,,,,,,,,,,,,,,,,,,,,,,,,,,,,,,,,,,,,,,,,,,,,,,,,,,,,,,,,,,,,,,,,,,,,,,,,,,,,,,,,,,,,,
,,,,,,565655,,,,565655,565655,565655 25W Led A15 Med 20k,-- Unbranded --,,,Phillips Lighting (5831),,,,,,,,,,,,,,,,,,,,,,,,,,,,,,,,,,,,,,,,,,,,,,,,,,,,,,,,,,,,,,,,,,,,,,,,,,,,,,,,,,,,,,,,,,,,,,,,,,,,,,,,,,,,,,,,,,,,,,,,,,,,,,,,,,,,,,,,,,,,,,,,,,,,,,,,,,,,,,,,,,,,,,,,,,,,,,,,,,,,,,,,,,,,,,,,,,,,,,,,,,,,,,,,,,,,,,,,,,,,,,,,,,,,,,,,,,,
,,,,,,565812,,,,565812,565812,565812 60W Med Led 50k,-- Unbranded --,,,Phillips Lighting (5831),,,,,,,,,,,,,,,,,,,,,,,,,,,,,,,,,,,,,,,,,,,,,,,,,,,,,,,,,,,,,,,,,,,,,,,,,,,,,,,,,,,,,,,,,,,,,,,,,,,,,,,,,,,,,,,,,,,,,,,,,,,,,,,,,,,,,,,,,,,,,,,,,,,,,,,,,,,,,,,,,,,,,,,,,,,,,,,,,,,,,,,,,,,,,,,,,,,,,,,,,,,,,,,,,,,,,,,,,,,,,,,,,,,,,,,,,,,
,,,,,,586917,,,,586917,586917,586917 40W Led Cand 27K 2pk,-- Unbranded --,,,Phillips Lighting (5831),,,,,,,,,,,,,,,,,,,,,,,,,,,,,,,,,,,,,,,,,,,,,,,,,,,,,,,,,,,,,,,,,,,,,,,,,,,,,,,,,,,,,,,,,,,,,,,,,,,,,,,,,,,,,,,,,,,,,,,,,,,,,,,,,,,,,,,,,,,,,,,,,,,,,,,,,,,,,,,,,,,,,,,,,,,,,,,,,,,,,,,,,,,,,,,,,,,,,,,,,,,,,,,,,,,,,,,,,,,,,,,,,,,,,,,,,,,
,,,,,,46719,,,,46719,46719,49719 Wall Light Motion Wh,-- Unbranded --,,,Maxsa Innovations (MAXIN),,,,,,,,,,,,,,,,,,,,,,,,,,,,,,,,,,,,,,,,,,,,,,,,,,,,,,,,,,,,,,,,,,,,,,,,,,,,,,,,,,,,,,,,,,,,,,,,,,,,,,,,,,,,,,,,,,,,,,,,,,,,,,,,,,,,,,,,,,,,,,,,,,,,,,,,,,,,,,,,,,,,,,,,,,,,,,,,,,,,,,,,,,,,,,,,,,,,,,,,,,,,,,,,,,,,,,,,,,,,,,,,,,,,,,,,,,,
,,,,,,59061BSL,,,,59061BSL,59061BSL,59061BSL Kichler Ext Wall Lt,-- Unbranded --,,,Kichler Lighting (KICLI),,,,,,,,,,,,,,,,,,,,,,,,,,,,,,,,,,,,,,,,,,,,,,,,,,,,,,,,,,,,,,,,,,,,,,,,,,,,,,,,,,,,,,,,,,,,,,,,,,,,,,,,,,,,,,,,,,,,,,,,,,,,,,,,,,,,,,,,,,,,,,,,,,,,,,,,,,,,,,,,,,,,,,,,,,,,,,,,,,,,,,,,,,,,,,,,,,,,,,,,,,,,,,,,,,,,,,,,,,,,,,,,,,,,,,,,,,,
,,,,,,59062BSL,,,,59062BSL,59062BSL,59062BSL Kichler Ext Wall Lt,-- Unbranded --,,,Kichler Lighting (KICLI),,,,,,,,,,,,,,,,,,,,,,,,,,,,,,,,,,,,,,,,,,,,,,,,,,,,,,,,,,,,,,,,,,,,,,,,,,,,,,,,,,,,,,,,,,,,,,,,,,,,,,,,,,,,,,,,,,,,,,,,,,,,,,,,,,,,,,,,,,,,,,,,,,,,,,,,,,,,,,,,,,,,,,,,,,,,,,,,,,,,,,,,,,,,,,,,,,,,,,,,,,,,,,,,,,,,,,,,,,,,,,,,,,,,,,,,,,,
,,,,,,59124BKT,,,,59124BKT,59124BKT,59124BKT Kichler Ext Wall Lt,-- Unbranded --,,,Kichler Lighting (KICLI),,,,,,,,,,,,,,,,,,,,,,,,,,,,,,,,,,,,,,,,,,,,,,,,,,,,,,,,,,,,,,,,,,,,,,,,,,,,,,,,,,,,,,,,,,,,,,,,,,,,,,,,,,,,,,,,,,,,,,,,,,,,,,,,,,,,,,,,,,,,,,,,,,,,,,,,,,,,,,,,,,,,,,,,,,,,,,,,,,,,,,,,,,,,,,,,,,,,,,,,,,,,,,,,,,,,,,,,,,,,,,,,,,,,,,,,,,,
,,,,,,59025BK,,,,59025BK,59025BK,59025BK Kichler Post Lt,-- Unbranded --,,,Kichler Lighting (KICLI),,,,,,,,,,,,,,,,,,,,,,,,,,,,,,,,,,,,,,,,,,,,,,,,,,,,,,,,,,,,,,,,,,,,,,,,,,,,,,,,,,,,,,,,,,,,,,,,,,,,,,,,,,,,,,,,,,,,,,,,,,,,,,,,,,,,,,,,,,,,,,,,,,,,,,,,,,,,,,,,,,,,,,,,,,,,,,,,,,,,,,,,,,,,,,,,,,,,,,,,,,,,,,,,,,,,,,,,,,,,,,,,,,,,,,,,,,,
,,,,,,DCL183,,,,DCL183,DCL183,Dewalt DCL183 Light - Rechargeable,-- Unbranded --,,,Black & Decker/dewlt (2585),,,,,,,,,,,,,,,,,,,,,,,,,,,,,,,,,,,,,,,,,,,,,,,,,,,,,,,,,,,,,,,,,,,,,,,,,,,,,,,,,,,,,,,,,,,,,,,,,,,,,,,,,,,,,,,,,,,,,,,,,,,,,,,,,,,,,,,,,,,,,,,,,,,,,,,,,,,,,,,,,,,,,,,,,,,,,,,,,,,,,,,,,,,,,,,,,,,,,,,,,,,,,,,,,,,,,,,,,,,,,,,,,,,,,,,,,,,
,,,,,,73020,,,,73020,73020,73020 Nano Clip Light Bk,-- Unbranded --,,,Streamlight (7277),,,,,,,,,,,,,,,,,,,,,,,,,,,,,,,,,,,,,,,,,,,,,,,,,,,,,,,,,,,,,,,,,,,,,,,,,,,,,,,,,,,,,,,,,,,,,,,,,,,,,,,,,,,,,,,,,,,,,,,,,,,,,,,,,,,,,,,,,,,,,,,,,,,,,,,,,,,,,,,,,,,,,,,,,,,,,,,,,,,,,,,,,,,,,,,,,,,,,,,,,,,,,,,,,,,,,,,,,,,,,,,,,,,,,,,,,,,
,,,,,,NEB-FLT-1021,,,,NEB-FLT-1021,NEB-FLT-1021,NEBFLT1021 Slyde King FlashLt,-- Unbranded --,,,ACG Brands (1154),,,,,,,,,,,,,,,,,,,,,,,,,,,,,,,,,,,,,,,,,,,,,,,,,,,,,,,,,,,,,,,,,,,,,,,,,,,,,,,,,,,,,,,,,,,,,,,,,,,,,,,,,,,,,,,,,,,,,,,,,,,,,,,,,,,,,,,,,,,,,,,,,,,,,,,,,,,,,,,,,,,,,,,,,,,,,,,,,,,,,,,,,,,,,,,,,,,,,,,,,,,,,,,,,,,,,,,,,,,,,,,,,,,,,,,,,,,
,,,,,,NEB-FLT-0053,,,,NEB-FLT-0053,NEB-FLT-0053,NEBFLT0053 2600L Flash Light,-- Unbranded --,,,ACG Brands (1154),,,,,,,,,,,,,,,,,,,,,,,,,,,,,,,,,,,,,,,,,,,,,,,,,,,,,,,,,,,,,,,,,,,,,,,,,,,,,,,,,,,,,,,,,,,,,,,,,,,,,,,,,,,,,,,,,,,,,,,,,,,,,,,,,,,,,,,,,,,,,,,,,,,,,,,,,,,,,,,,,,,,,,,,,,,,,,,,,,,,,,,,,,,,,,,,,,,,,,,,,,,,,,,,,,,,,,,,,,,,,,,,,,,,,,,,,,,
,,,,,,97708,,,,97708,97708,97708 Police 800L Headlight,-- Unbranded --,,,Police Security (9470),Police Security,Police Security,,,,,,,,,,,,,,,,,,,,,,,,,,,,,,,,,,,,,,,,,,,,,,,,,,,,,,,,,,,,,,,,,,,,,,,,,,,,,,,,,,,,,,,,,,,,,,,,,,,,,,,,,,,,,,,,,,,,,,,,,,,,,,,,,,,,,,,,,,,,,,,,,,,,,,,,,,,,,,,,,,,,,,,,,,,,,,,,,,,,,,,,,,,,,,,,,,,,,,,,,,,,,,,,,,,,,,,,,,,,,,,,,,,,,,,,,
,,,,,,WORK6000XLTPPLUG,,,,WORK6000XLTPPLUG,WORK6000XLTPPLUG,6000L Twin Head Work Light,-- Unbranded --,,,Feit Electric (3468),,,,,,,,,,,,,,,,,,,,,,,,,,,,,,,,,,,,,,,,,,,,,,,,,,,,,,,,,,,,,,,,,,,,,,,,,,,,,,,,,,,,,,,,,,,,,,,,,,,,,,,,,,,,,,,,,,,,,,,,,,,,,,,,,,,,,,,,,,,,,,,,,,,,,,,,,,,,,,,,,,,,,,,,,,,,,,,,,,,,,,,,,,,,,,,,,,,,,,,,,,,,,,,,,,,,,,,,,,,,,,,,,,,,,,,,,,,
,,,,,,HOM2040M200PRB,,,,HOM2040M200PRB,HOM2040M200PRB,HOM2040M200PRB 200A Load Cntr,-- Unbranded --,,,Square D Con Prod Dv (6825),,,,,,,,,,,,,,,,,,,,,,,,,,,,,,,,,,,,,,,,,,,,,,,,,,,,,,,,,,,,,,,,,,,,,,,,,,,,,,,,,,,,,,,,,,,,,,,,,,,,,,,,,,,,,,,,,,,,,,,,,,,,,,,,,,,,,,,,,,,,,,,,,,,,,,,,,,,,,,,,,,,,,,,,,,,,,,,,,,,,,,,,,,,,,,,,,,,,,,,,,,,,,,,,,,,,,,,,,,,,,,,,,,,,,,,,,,,
,,,,,,HOM3060L225PGC,,,,HOM3060L225PGC,HOM3060L225PGC,HOM3060L225PGC 225 Load Center,-- Unbranded --,,,Square D Con Prod Dv (6825),,,,,,,,,,,,,,,,,,,,,,,,,,,,,,,,,,,,,,,,,,,,,,,,,,,,,,,,,,,,,,,,,,,,,,,,,,,,,,,,,,,,,,,,,,,,,,,,,,,,,,,,,,,,,,,,,,,,,,,,,,,,,,,,,,,,,,,,,,,,,,,,,,,,,,,,,,,,,,,,,,,,,,,,,,,,,,,,,,,,,,,,,,,,,,,,,,,,,,,,,,,,,,,,,,,,,,,,,,,,,,,,,,,,,,,,,,,
,,,,,,QO612L100RBCP,,,,QO612L100RBCP,QO612L100RBCP,QO612L100RBCP 100A Load Center,-- Unbranded --,,,Square D Con Prod Dv (6825),,,,,,,,,,,,,,,,,,,,,,,,,,,,,,,,,,,,,,,,,,,,,,,,,,,,,,,,,,,,,,,,,,,,,,,,,,,,,,,,,,,,,,,,,,,,,,,,,,,,,,,,,,,,,,,,,,,,,,,,,,,,,,,,,,,,,,,,,,,,,,,,,,,,,,,,,,,,,,,,,,,,,,,,,,,,,,,,,,,,,,,,,,,,,,,,,,,,,,,,,,,,,,,,,,,,,,,,,,,,,,,,,,,,,,,,,,,
,,,,,,13093005,,,,13093005,13093005,4/0 Aluminum Entrance Cable (Linear Foot),-- Unbranded --,,,Southwire/g Turner (6603),,,,,,,,,,,,,,,,,,,,,,,,,,,,,,,,,,,,,,,,,,,,,,,,,,,,,,,,,,,,,,,,,,,,,,,,,,,,,,,,,,,,,,,,,,,,,,,,,,,,,,,,,,,,,,,,,,,,,,,,,,,,,,,,,,,,,,,,,,,,,,,,,,,,,,,,,,,,,,,,,,,,,,,,,,,,,,,,,,,,,,,,,,,,,,,,,,,,,,,,,,,,,,,,,,,,,,,,,,,,,,,,,,,,,,,,,,,
,,,,,,12-4 SO,,,,12-4 SO,12-4 SO,12-4 SO Cord (Linear Foot),-- Unbranded --,,,-,,,,,,,,,,,,,,,,,,,,,,,,,,,,,,,,,,,,,,,,,,,,,,,,,,,,,,,,,,,,,,,,,,,,,,,,,,,,,,,,,,,,,,,,,,,,,,,,,,,,,,,,,,,,,,,,,,,,,,,,,,,,,,,,,,,,,,,,,,,,,,,,,,,,,,,,,,,,,,,,,,,,,,,,,,,,,,,,,,,,,,,,,,,,,,,,,,,,,,,,,,,,,,,,,,,,,,,,,,,,,,,,,,,,,,,,,,,
,,,,,,96263-46-06,,,,96263-46-06,96263-46-06,96263-46-06 CAT5E Wire (Linear Foot),-- Unbranded --,,,Woods Wire Southwire (7579),,,,,,,,,,,,,,,,,,,,,,,,,,,,,,,,,,,,,,,,,,,,,,,,,,,,,,,,,,,,,,,,,,,,,,,,,,,,,,,,,,,,,,,,,,,,,,,,,,,,,,,,,,,,,,,,,,,,,,,,,,,,,,,,,,,,,,,,,,,,,,,,,,,,,,,,,,,,,,,,,,,,,,,,,,,,,,,,,,,,,,,,,,,,,,,,,,,,,,,,,,,,,,,,,,,,,,,,,,,,,,,,,,,,,,,,,,,
,,,,,,R50003-ID,,,,R50003-ID,R50003-ID,16-2 Stranded Wire CL3 500' (Linear Foot),-- Unbranded --,,,Southwire/g Turner (6603),,,,,,,,,,,,,,,,,,,,,,,,,,,,,,,,,,,,,,,,,,,,,,,,,,,,,,,,,,,,,,,,,,,,,,,,,,,,,,,,,,,,,,,,,,,,,,,,,,,,,,,,,,,,,,,,,,,,,,,,,,,,,,,,,,,,,,,,,,,,,,,,,,,,,,,,,,,,,,,,,,,,,,,,,,,,,,,,,,,,,,,,,,,,,,,,,,,,,,,,,,,,,,,,,,,,,,,,,,,,,,,,,,,,,,,,,,,
,,,,,,10-4 SO,,,,10-4 SO,10-4 SO,10-4 SO Cord (Linear Foot),-- Unbranded --,,,Southwire/g Turner (6603),,,,,,,,,,,,,,,,,,,,,,,,,,,,,,,,,,,,,,,,,,,,,,,,,,,,,,,,,,,,,,,,,,,,,,,,,,,,,,,,,,,,,,,,,,,,,,,,,,,,,,,,,,,,,,,,,,,,,,,,,,,,,,,,,,,,,,,,,,,,,,,,,,,,,,,,,,,,,,,,,,,,,,,,,,,,,,,,,,,,,,,,,,,,,,,,,,,,,,,,,,,,,,,,,,,,,,,,,,,,,,,,,,,,,,,,,,,
,,,,,,23346-0408,,,,23346-0408,23346-0408,23346-0408 Wire 16/3 SJEWA 250 (Linear Foot),-- Unbranded --,,,-,,,,,,,,,,,,,,,,,,,,,,,,,,,,,,,,,,,,,,,,,,,,,,,,,,,,,,,,,,,,,,,,,,,,,,,,,,,,,,,,,,,,,,,,,,,,,,,,,,,,,,,,,,,,,,,,,,,,,,,,,,,,,,,,,,,,,,,,,,,,,,,,,,,,,,,,,,,,,,,,,,,,,,,,,,,,,,,,,,,,,,,,,,,,,,,,,,,,,,,,,,,,,,,,,,,,,,,,,,,,,,,,,,,,,,,,,,,
,,,,,,2/2/4 UD ALUM,,,,2/2/4 UD ALUM,2/2/4 UD ALUM,2/2/4 UD Aluminum Triplex Wire (Linear Foot),-- Unbranded --,,,Southwire/g Turner (6603),,,,,,,,,,,,,,,,,,,,,,,,,,,,,,,,,,,,,,,,,,,,,,,,,,,,,,,,,,,,,,,,,,,,,,,,,,,,,,,,,,,,,,,,,,,,,,,,,,,,,,,,,,,,,,,,,,,,,,,,,,,,,,,,,,,,,,,,,,,,,,,,,,,,,,,,,,,,,,,,,,,,,,,,,,,,,,,,,,,,,,,,,,,,,,,,,,,,,,,,,,,,,,,,,,,,,,,,,,,,,,,,,,,,,,,,,,,
,,,,,,55418901,,,,55418901,55418901,6/6/6 UD Triplex Aluminum Wire,-- Unbranded --,,,Southwire/g Turner (6603),,,,,,,,,,,,,,,,,,,,,,,,,,,,,,,,,,,,,,,,,,,,,,,,,,,,,,,,,,,,,,,,,,,,,,,,,,,,,,,,,,,,,,,,,,,,,,,,,,,,,,,,,,,,,,,,,,,,,,,,,,,,,,,,,,,,,,,,,,,,,,,,,,,,,,,,,,,,,,,,,,,,,,,,,,,,,,,,,,,,,,,,,,,,,,,,,,,,,,,,,,,,,,,,,,,,,,,,,,,,,,,,,,,,,,,,,,,
,,,,,,CG50K,,,,CG50K,CG50K,CG50K 1/2  Cord Grip Kit,-- Unbranded --,,,Fenton Bros Electric Inc (FENBR),,,,,,,,,,,,,,,,,,,,,,,,,,,,,,,,,,,,,,,,,,,,,,,,,,,,,,,,,,,,,,,,,,,,,,,,,,,,,,,,,,,,,,,,,,,,,,,,,,,,,,,,,,,,,,,,,,,,,,,,,,,,,,,,,,,,,,,,,,,,,,,,,,,,,,,,,,,,,,,,,,,,,,,,,,,,,,,,,,,,,,,,,,,,,,,,,,,,,,,,,,,,,,,,,,,,,,,,,,,,,,,,,,,,,,,,,,,
,,,,,,R02-D215P-1RW,,,,R02-D215P-1RW,R02-D215P-1RW,R02D215P1RW 15A Mini Outlet Wh,-- Unbranded --,,,Leviton Mfg Co (4927),,,,,,,,,,,,,,,,,,,,,,,,,,,,,,,,,,,,,,,,,,,,,,,,,,,,,,,,,,,,,,,,,,,,,,,,,,,,,,,,,,,,,,,,,,,,,,,,,,,,,,,,,,,,,,,,,,,,,,,,,,,,,,,,,,,,,,,,,,,,,,,,,,,,,,,,,,,,,,,,,,,,,,,,,,,,,,,,,,,,,,,,,,,,,,,,,,,,,,,,,,,,,,,,,,,,,,,,,,,,,,,,,,,,,,,,,,,
,,,,,,PBUC013,,,,PBUC013,PBUC013,PBUC013 15A Wall Tap w/USB,-- Unbranded --,,,Prime Wire & Cable (3562),,,,,,,,,,,,,,,,,,,,,,,,,,,,,,,,,,,,,,,,,,,,,,,,,,,,,,,,,,,,,,,,,,,,,,,,,,,,,,,,,,,,,,,,,,,,,,,,,,,,,,,,,,,,,,,,,,,,,,,,,,,,,,,,,,,,,,,,,,,,,,,,,,,,,,,,,,,,,,,,,,,,,,,,,,,,,,,,,,,,,,,,,,,,,,,,,,,,,,,,,,,,,,,,,,,,,,,,,,,,,,,,,,,,,,,,,,,
,,,,,,R00-GFNT1-00K,,,,R00-GFNT1-00K,R00-GFNT1-00K,R00GFNT100K 15A Outlet Br,-- Unbranded --,,,Leviton Mfg Co (4927),,,,,,,,,,,,,,,,,,,,,,,,,,,,,,,,,,,,,,,,,,,,,,,,,,,,,,,,,,,,,,,,,,,,,,,,,,,,,,,,,,,,,,,,,,,,,,,,,,,,,,,,,,,,,,,,,,,,,,,,,,,,,,,,,,,,,,,,,,,,,,,,,,,,,,,,,,,,,,,,,,,,,,,,,,,,,,,,,,,,,,,,,,,,,,,,,,,,,,,,,,,,,,,,,,,,,,,,,,,,,,,,,,,,,,,,,,,
,,,,,,R92-GFWT1-0KW,,,,R92-GFWT1-0KW,R92-GFWT1-0KW,R92GFWT10KW 15A GFCI Outlet Wh,-- Unbranded --,,,Leviton Mfg Co (4927),,,,,,,,,,,,,,,,,,,,,,,,,,,,,,,,,,,,,,,,,,,,,,,,,,,,,,,,,,,,,,,,,,,,,,,,,,,,,,,,,,,,,,,,,,,,,,,,,,,,,,,,,,,,,,,,,,,,,,,,,,,,,,,,,,,,,,,,,,,,,,,,,,,,,,,,,,,,,,,,,,,,,,,,,,,,,,,,,,,,,,,,,,,,,,,,,,,,,,,,,,,,,,,,,,,,,,,,,,,,,,,,,,,,,,,,,,,
,,,,,,R12-AGTR1-0KW,,,,R12-AGTR1-0KW,R12-AGTR1-0KW,R12AGTR10KW 15A GFCI Outler Wh,-- Unbranded --,,,Leviton Mfg Co (4927),,,,,,,,,,,,,,,,,,,,,,,,,,,,,,,,,,,,,,,,,,,,,,,,,,,,,,,,,,,,,,,,,,,,,,,,,,,,,,,,,,,,,,,,,,,,,,,,,,,,,,,,,,,,,,,,,,,,,,,,,,,,,,,,,,,,,,,,,,,,,,,,,,,,,,,,,,,,,,,,,,,,,,,,,,,,,,,,,,,,,,,,,,,,,,,,,,,,,,,,,,,,,,,,,,,,,,,,,,,,,,,,,,,,,,,,,,,
,,,,,,R62-GFTA1-0KW,,,,R62-GFTA1-0KW,R62-GFTA1-0KW,R92GFTA10KW 15A GFCI Outlet Wh,-- Unbranded --,,,Leviton Mfg Co (4927),,,,,,,,,,,,,,,,,,,,,,,,,,,,,,,,,,,,,,,,,,,,,,,,,,,,,,,,,,,,,,,,,,,,,,,,,,,,,,,,,,,,,,,,,,,,,,,,,,,,,,,,,,,,,,,,,,,,,,,,,,,,,,,,,,,,,,,,,,,,,,,,,,,,,,,,,,,,,,,,,,,,,,,,,,,,,,,,,,,,,,,,,,,,,,,,,,,,,,,,,,,,,,,,,,,,,,,,,,,,,,,,,,,,,,,,,,,
,,,,,,165-04729-00C,,,,165-04729-00C,165-04729-00C,1650472900C 15A 125V Cord Conn,-- Unbranded --,,,Leviton Mfg Co (4927),,,,,,,,,,,,,,,,,,,,,,,,,,,,,,,,,,,,,,,,,,,,,,,,,,,,,,,,,,,,,,,,,,,,,,,,,,,,,,,,,,,,,,,,,,,,,,,,,,,,,,,,,,,,,,,,,,,,,,,,,,,,,,,,,,,,,,,,,,,,,,,,,,,,,,,,,,,,,,,,,,,,,,,,,,,,,,,,,,,,,,,,,,,,,,,,,,,,,,,,,,,,,,,,,,,,,,,,,,,,,,,,,,,,,,,,,,,
,,,,,,161-04720-00C,,,,161-04720-00C,161-04720-00C,1610472000C 15A 125V Cord Conn,-- Unbranded --,,,Leviton Mfg Co (4927),,,,,,,,,,,,,,,,,,,,,,,,,,,,,,,,,,,,,,,,,,,,,,,,,,,,,,,,,,,,,,,,,,,,,,,,,,,,,,,,,,,,,,,,,,,,,,,,,,,,,,,,,,,,,,,,,,,,,,,,,,,,,,,,,,,,,,,,,,,,,,,,,,,,,,,,,,,,,,,,,,,,,,,,,,,,,,,,,,,,,,,,,,,,,,,,,,,,,,,,,,,,,,,,,,,,,,,,,,,,,,,,,,,,,,,,,,,
,,,,,,R02-GUAC1-0BW,,,,R02-GUAC1-0BW,R02-GUAC1-0BW,R02GUAC10BW 15A/USB Outlet Wh,-- Unbranded --,,,Leviton Mfg Co (4927),,,,,,,,,,,,,,,,,,,,,,,,,,,,,,,,,,,,,,,,,,,,,,,,,,,,,,,,,,,,,,,,,,,,,,,,,,,,,,,,,,,,,,,,,,,,,,,,,,,,,,,,,,,,,,,,,,,,,,,,,,,,,,,,,,,,,,,,,,,,,,,,,,,,,,,,,,,,,,,,,,,,,,,,,,,,,,,,,,,,,,,,,,,,,,,,,,,,,,,,,,,,,,,,,,,,,,,,,,,,,,,,,,,,,,,,,,,
,,,,,,R56-CBR15-00T,,,,R56-CBR15-00T,R56-CBR15-00T,R56CBR1500T 15A Outlet LA,-- Unbranded --,,,Leviton Mfg Co (4927),,,,,,,,,,,,,,,,,,,,,,,,,,,,,,,,,,,,,,,,,,,,,,,,,,,,,,,,,,,,,,,,,,,,,,,,,,,,,,,,,,,,,,,,,,,,,,,,,,,,,,,,,,,,,,,,,,,,,,,,,,,,,,,,,,,,,,,,,,,,,,,,,,,,,,,,,,,,,,,,,,,,,,,,,,,,,,,,,,,,,,,,,,,,,,,,,,,,,,,,,,,,,,,,,,,,,,,,,,,,,,,,,,,,,,,,,,,
,,,,,,R20-05378-P00,,,,R20-05378-P00,R20-05378-P00,R2005378P00 6-50R Welder Outet,-- Unbranded --,,,Leviton Mfg Co (4927),,,,,,,,,,,,,,,,,,,,,,,,,,,,,,,,,,,,,,,,,,,,,,,,,,,,,,,,,,,,,,,,,,,,,,,,,,,,,,,,,,,,,,,,,,,,,,,,,,,,,,,,,,,,,,,,,,,,,,,,,,,,,,,,,,,,,,,,,,,,,,,,,,,,,,,,,,,,,,,,,,,,,,,,,,,,,,,,,,,,,,,,,,,,,,,,,,,,,,,,,,,,,,,,,,,,,,,,,,,,,,,,,,,,,,,,,,,
,,,,,,WC1V12W-SG-UPC,,,,WC1V12W-SG-UPC,WC1V12W-SG-UPC,WC1V12WSGUPC 1G Cover Wh,-- Unbranded --,,,Southwire/g Turner (6603),,,,,,,,,,,,,,,,,,,,,,,,,,,,,,,,,,,,,,,,,,,,,,,,,,,,,,,,,,,,,,,,,,,,,,,,,,,,,,,,,,,,,,,,,,,,,,,,,,,,,,,,,,,,,,,,,,,,,,,,,,,,,,,,,,,,,,,,,,,,,,,,,,,,,,,,,,,,,,,,,,,,,,,,,,,,,,,,,,,,,,,,,,,,,,,,,,,,,,,,,,,,,,,,,,,,,,,,,,,,,,,,,,,,,,,,,,,
,,,,,,R51-GSRA1-THD,,,,R51-GSRA1-THD,R51-GSRA1-THD,R5GSRA1THD 15A GFCI Plug,-- Unbranded --,,,Leviton Mfg Co (4927),,,,,,,,,,,,,,,,,,,,,,,,,,,,,,,,,,,,,,,,,,,,,,,,,,,,,,,,,,,,,,,,,,,,,,,,,,,,,,,,,,,,,,,,,,,,,,,,,,,,,,,,,,,,,,,,,,,,,,,,,,,,,,,,,,,,,,,,,,,,,,,,,,,,,,,,,,,,,,,,,,,,,,,,,,,,,,,,,,,,,,,,,,,,,,,,,,,,,,,,,,,,,,,,,,,,,,,,,,,,,,,,,,,,,,,,,,,
,,,,,,R62-CBR15-00W,,,,R62-CBR15-00W,R62-CBR15-00W,R62CBR1500W 15A Outlet Wh,-- Unbranded --,,,Leviton Mfg Co (4927),,,,,,,,,,,,,,,,,,,,,,,,,,,,,,,,,,,,,,,,,,,,,,,,,,,,,,,,,,,,,,,,,,,,,,,,,,,,,,,,,,,,,,,,,,,,,,,,,,,,,,,,,,,,,,,,,,,,,,,,,,,,,,,,,,,,,,,,,,,,,,,,,,,,,,,,,,,,,,,,,,,,,,,,,,,,,,,,,,,,,,,,,,,,,,,,,,,,,,,,,,,,,,,,,,,,,,,,,,,,,,,,,,,,,,,,,,,
,,,,,,S03-05226-IS,,,,S03-05226-IS,S03-05226-IS,S0305226IS IV Switch / Pilot,-- Unbranded --,,,Leviton Mfg Co (4927),,,,,,,,,,,,,,,,,,,,,,,,,,,,,,,,,,,,,,,,,,,,,,,,,,,,,,,,,,,,,,,,,,,,,,,,,,,,,,,,,,,,,,,,,,,,,,,,,,,,,,,,,,,,,,,,,,,,,,,,,,,,,,,,,,,,,,,,,,,,,,,,,,,,,,,,,,,,,,,,,,,,,,,,,,,,,,,,,,,,,,,,,,,,,,,,,,,,,,,,,,,,,,,,,,,,,,,,,,,,,,,,,,,,,,,,,,,
,,,,,,174-0CSB3-15W,,,,174-0CSB3-15W,174-0CSB3-15W,174-OCSB3-15A Toggle 3-Way Switch Wh,-- Unbranded --,,,Leviton Mfg Co (4927),,,,,,,,,,,,,,,,,,,,,,,,,,,,,,,,,,,,,,,,,,,,,,,,,,,,,,,,,,,,,,,,,,,,,,,,,,,,,,,,,,,,,,,,,,,,,,,,,,,,,,,,,,,,,,,,,,,,,,,,,,,,,,,,,,,,,,,,,,,,,,,,,,,,,,,,,,,,,,,,,,,,,,,,,,,,,,,,,,,,,,,,,,,,,,,,,,,,,,,,,,,,,,,,,,,,,,,,,,,,,,,,,,,,,,,,,,,
,,,,,,R50-0SL13-000,,,,R50-0SL13-000,R50-0SL13-000,T50-0SL13000 1G Wallplate SS - Blank,-- Unbranded --,,,Leviton Mfg Co (4927),,,,,,,,,,,,,,,,,,,,,,,,,,,,,,,,,,,,,,,,,,,,,,,,,,,,,,,,,,,,,,,,,,,,,,,,,,,,,,,,,,,,,,,,,,,,,,,,,,,,,,,,,,,,,,,,,,,,,,,,,,,,,,,,,,,,,,,,,,,,,,,,,,,,,,,,,,,,,,,,,,,,,,,,,,,,,,,,,,,,,,,,,,,,,,,,,,,,,,,,,,,,,,,,,,,,,,,,,,,,,,,,,,,,,,,,,,,
,,,,,,R52-0PJ13-00W,,,,R52-0PJ13-00W,R52-0PJ13-00W,R520PJ1300W 1G Wallplate Wh - Blank,-- Unbranded --,,,Leviton Mfg Co (4927),,,,,,,,,,,,,,,,,,,,,,,,,,,,,,,,,,,,,,,,,,,,,,,,,,,,,,,,,,,,,,,,,,,,,,,,,,,,,,,,,,,,,,,,,,,,,,,,,,,,,,,,,,,,,,,,,,,,,,,,,,,,,,,,,,,,,,,,,,,,,,,,,,,,,,,,,,,,,,,,,,,,,,,,,,,,,,,,,,,,,,,,,,,,,,,,,,,,,,,,,,,,,,,,,,,,,,,,,,,,,,,,,,,,,,,,,,,
,,,,,,XOU2470BCGS,,,,XOU2470BCGS,XOU2470BCGS,XOU2470BCGS Tall Beverage Center SS,-- Unbranded --,,,Appliance Dealers Cooperative (APPDE),,,,,,,,,,,,,,,,,,,,,,,,,,,,,,,,,,,,,,,,,,,,,,,,,,,,,,,,,,,,,,,,,,,,,,,,,,,,,,,,,,,,,,,,,,,,,,,,,,,,,,,,,,,,,,,,,,,,,,,,,,,,,,,,,,,,,,,,,,,,,,,,,,,,,,,,,,,,,,,,,,,,,,,,,,,,,,,,,,,,,,,,,,,,,,,,,,,,,,,,,,,,,,,,,,,,,,,,,,,,,,,,,,,,,,,,,,,
,,,,,,XOU24BCGSR,,,,XOU24BCGSR,XOU24BCGSR,XOU24BCGSR Beverage Center SS,-- Unbranded --,,,Appliance Dealers Cooperative (APPDE),,,,,,,,,,,,,,,,,,,,,,,,,,,,,,,,,,,,,,,,,,,,,,,,,,,,,,,,,,,,,,,,,,,,,,,,,,,,,,,,,,,,,,,,,,,,,,,,,,,,,,,,,,,,,,,,,,,,,,,,,,,,,,,,,,,,,,,,,,,,,,,,,,,,,,,,,,,,,,,,,,,,,,,,,,,,,,,,,,,,,,,,,,,,,,,,,,,,,,,,,,,,,,,,,,,,,,,,,,,,,,,,,,,,,,,,,,,
,,,,,,XOU24WDZGBR,,,,XOU24WDZGBR,XOU24WDZGBR,XOU24WDZGBR Beverage Center Bk,-- Unbranded --,,,Appliance Dealers Cooperative (APPDE),,,,,,,,,,,,,,,,,,,,,,,,,,,,,,,,,,,,,,,,,,,,,,,,,,,,,,,,,,,,,,,,,,,,,,,,,,,,,,,,,,,,,,,,,,,,,,,,,,,,,,,,,,,,,,,,,,,,,,,,,,,,,,,,,,,,,,,,,,,,,,,,,,,,,,,,,,,,,,,,,,,,,,,,,,,,,,,,,,,,,,,,,,,,,,,,,,,,,,,,,,,,,,,,,,,,,,,,,,,,,,,,,,,,,,,,,,,
,,,,,,C7CDAAS3PD3,,,,C7CDAAS3PD3,C7CDAAS3PD3,C7CDAAS3PD3 Café Drip Coffee Maker MB,-- Unbranded --,,,Appliance Dealers Cooperative (APPDE),,,,,,,,,,,,,,,,,,,,,,,,,,,,,,,,,,,,,,,,,,,,,,,,,,,,,,,,,,,,,,,,,,,,,,,,,,,,,,,,,,,,,,,,,,,,,,,,,,,,,,,,,,,,,,,,,,,,,,,,,,,,,,,,,,,,,,,,,,,,,,,,,,,,,,,,,,,,,,,,,,,,,,,,,,,,,,,,,,,,,,,,,,,,,,,,,,,,,,,,,,,,,,,,,,,,,,,,,,,,,,,,,,,,,,,,,,,
,,,,,,C7CDAAS4PW3,,,,C7CDAAS4PW3,C7CDAAS4PW3,C7CDAAS4PW3 Café Drip Coffee Maker MW,-- Unbranded --,,,Appliance Dealers Cooperative (APPDE),,,,,,,,,,,,,,,,,,,,,,,,,,,,,,,,,,,,,,,,,,,,,,,,,,,,,,,,,,,,,,,,,,,,,,,,,,,,,,,,,,,,,,,,,,,,,,,,,,,,,,,,,,,,,,,,,,,,,,,,,,,,,,,,,,,,,,,,,,,,,,,,,,,,,,,,,,,,,,,,,,,,,,,,,,,,,,,,,,,,,,,,,,,,,,,,,,,,,,,,,,,,,,,,,,,,,,,,,,,,,,,,,,,,,,,,,,,
,,,,,,C7CDABS2RS3,,,,C7CDABS2RS3,C7CDABS2RS3,C7CDABS2RS3 Cafe Coffee Maker,-- Unbranded --,,,Appliance Dealers Cooperative (APPDE),,,,,,,,,,,,,,,,,,,,,,,,,,,,,,,,,,,,,,,,,,,,,,,,,,,,,,,,,,,,,,,,,,,,,,,,,,,,,,,,,,,,,,,,,,,,,,,,,,,,,,,,,,,,,,,,,,,,,,,,,,,,,,,,,,,,,,,,,,,,,,,,,,,,,,,,,,,,,,,,,,,,,,,,,,,,,,,,,,,,,,,,,,,,,,,,,,,,,,,,,,,,,,,,,,,,,,,,,,,,,,,,,,,,,,,,,,,
,,,,,,C7CDABS3RD3,,,,C7CDABS3RD3,C7CDABS3RD3,C7CDABS3RD3 Café Coffee Maker MB,-- Unbranded --,,,Appliance Dealers Cooperative (APPDE),,,,,,,,,,,,,,,,,,,,,,,,,,,,,,,,,,,,,,,,,,,,,,,,,,,,,,,,,,,,,,,,,,,,,,,,,,,,,,,,,,,,,,,,,,,,,,,,,,,,,,,,,,,,,,,,,,,,,,,,,,,,,,,,,,,,,,,,,,,,,,,,,,,,,,,,,,,,,,,,,,,,,,,,,,,,,,,,,,,,,,,,,,,,,,,,,,,,,,,,,,,,,,,,,,,,,,,,,,,,,,,,,,,,,,,,,,,
,,,,,,C7CDABS4RW3,,,,C7CDABS4RW3,C7CDABS4RW3,C7CDABS4RW3 Café Coffee Maker MW,-- Unbranded --,,,Appliance Dealers Cooperative (APPDE),,,,,,,,,,,,,,,,,,,,,,,,,,,,,,,,,,,,,,,,,,,,,,,,,,,,,,,,,,,,,,,,,,,,,,,,,,,,,,,,,,,,,,,,,,,,,,,,,,,,,,,,,,,,,,,,,,,,,,,,,,,,,,,,,,,,,,,,,,,,,,,,,,,,,,,,,,,,,,,,,,,,,,,,,,,,,,,,,,,,,,,,,,,,,,,,,,,,,,,,,,,,,,,,,,,,,,,,,,,,,,,,,,,,,,,,,,,
,,,,,,C7CEBBS2RS3,,,,C7CEBBS2RS3,C7CEBBS2RS3,C7CEBBS2RS3 Cafe Auto Espresso Machine SS,-- Unbranded --,,,Appliance Dealers Cooperative (APPDE),,,,,,,,,,,,,,,,,,,,,,,,,,,,,,,,,,,,,,,,,,,,,,,,,,,,,,,,,,,,,,,,,,,,,,,,,,,,,,,,,,,,,,,,,,,,,,,,,,,,,,,,,,,,,,,,,,,,,,,,,,,,,,,,,,,,,,,,,,,,,,,,,,,,,,,,,,,,,,,,,,,,,,,,,,,,,,,,,,,,,,,,,,,,,,,,,,,,,,,,,,,,,,,,,,,,,,,,,,,,,,,,,,,,,,,,,,,
,,,,,,C7CEBBS4RW3,,,,C7CEBBS4RW3,C7CEBBS4RW3,C7CEBBS4RW3 Café Auto Espresso Machine Wh,-- Unbranded --,,,Appliance Dealers Cooperative (APPDE),,,,,,,,,,,,,,,,,,,,,,,,,,,,,,,,,,,,,,,,,,,,,,,,,,,,,,,,,,,,,,,,,,,,,,,,,,,,,,,,,,,,,,,,,,,,,,,,,,,,,,,,,,,,,,,,,,,,,,,,,,,,,,,,,,,,,,,,,,,,,,,,,,,,,,,,,,,,,,,,,,,,,,,,,,,,,,,,,,,,,,,,,,,,,,,,,,,,,,,,,,,,,,,,,,,,,,,,,,,,,,,,,,,,,,,,,,,
,,,,,,C7CESAS2RS3,,,,C7CESAS2RS3,C7CESAS2RS3,C7CESAS2RS3 Café Espresso SS,-- Unbranded --,,,Appliance Dealers Cooperative (APPDE),,,,,,,,,,,,,,,,,,,,,,,,,,,,,,,,,,,,,,,,,,,,,,,,,,,,,,,,,,,,,,,,,,,,,,,,,,,,,,,,,,,,,,,,,,,,,,,,,,,,,,,,,,,,,,,,,,,,,,,,,,,,,,,,,,,,,,,,,,,,,,,,,,,,,,,,,,,,,,,,,,,,,,,,,,,,,,,,,,,,,,,,,,,,,,,,,,,,,,,,,,,,,,,,,,,,,,,,,,,,,,,,,,,,,,,,,,,
,,,,,,C7CESAS3RD3,,,,C7CESAS3RD3,C7CESAS3RD3,C7CESAS3RD3 Café Espresso Machine MB,-- Unbranded --,,,Appliance Dealers Cooperative (APPDE),,,,,,,,,,,,,,,,,,,,,,,,,,,,,,,,,,,,,,,,,,,,,,,,,,,,,,,,,,,,,,,,,,,,,,,,,,,,,,,,,,,,,,,,,,,,,,,,,,,,,,,,,,,,,,,,,,,,,,,,,,,,,,,,,,,,,,,,,,,,,,,,,,,,,,,,,,,,,,,,,,,,,,,,,,,,,,,,,,,,,,,,,,,,,,,,,,,,,,,,,,,,,,,,,,,,,,,,,,,,,,,,,,,,,,,,,,,
,,,,,,C7CESAS4RW3,,,,C7CESAS4RW3,C7CESAS4RW3,C7CESAS4RW3 Cafe Espresso Wh,-- Unbranded --,,,Appliance Dealers Cooperative (APPDE),,,,,,,,,,,,,,,,,,,,,,,,,,,,,,,,,,,,,,,,,,,,,,,,,,,,,,,,,,,,,,,,,,,,,,,,,,,,,,,,,,,,,,,,,,,,,,,,,,,,,,,,,,,,,,,,,,,,,,,,,,,,,,,,,,,,,,,,,,,,,,,,,,,,,,,,,,,,,,,,,,,,,,,,,,,,,,,,,,,,,,,,,,,,,,,,,,,,,,,,,,,,,,,,,,,,,,,,,,,,,,,,,,,,,,,,,,,
,,,,,,WOSP30100SS,,,,WOSP30100SS,WOSP30100SS,WOSP30100SS Beko Wall Oven SS,-- Unbranded --,,,Appliance Dealers Cooperative (APPDE),,,,,,,,,,,,,,,,,,,,,,,,,,,,,,,,,,,,,,,,,,,,,,,,,,,,,,,,,,,,,,,,,,,,,,,,,,,,,,,,,,,,,,,,,,,,,,,,,,,,,,,,,,,,,,,,,,,,,,,,,,,,,,,,,,,,,,,,,,,,,,,,,,,,,,,,,,,,,,,,,,,,,,,,,,,,,,,,,,,,,,,,,,,,,,,,,,,,,,,,,,,,,,,,,,,,,,,,,,,,,,,,,,,,,,,,,,,
,,,,,,MSER2090S,,,,MSER2090S,MSER2090S,MSER2090S LG Microwave SS,-- Unbranded --,,,Appliance Dealers Cooperative (APPDE),,,,,,,,,,,,,,,,,,,,,,,,,,,,,,,,,,,,,,,,,,,,,,,,,,,,,,,,,,,,,,,,,,,,,,,,,,,,,,,,,,,,,,,,,,,,,,,,,,,,,,,,,,,,,,,,,,,,,,,,,,,,,,,,,,,,,,,,,,,,,,,,,,,,,,,,,,,,,,,,,,,,,,,,,,,,,,,,,,,,,,,,,,,,,,,,,,,,,,,,,,,,,,,,,,,,,,,,,,,,,,,,,,,,,,,,,,,
,,,,,,GCST16S1WSS,,,,GCST16S1WSS,GCST16S1WSS,GCST16S1WSS GE Microwave SS,-- Unbranded --,,,Appliance Dealers Cooperative (APPDE),,,,,,,,,,,,,,,,,,,,,,,,,,,,,,,,,,,,,,,,,,,,,,,,,,,,,,,,,,,,,,,,,,,,,,,,,,,,,,,,,,,,,,,,,,,,,,,,,,,,,,,,,,,,,,,,,,,,,,,,,,,,,,,,,,,,,,,,,,,,,,,,,,,,,,,,,,,,,,,,,,,,,,,,,,,,,,,,,,,,,,,,,,,,,,,,,,,,,,,,,,,,,,,,,,,,,,,,,,,,,,,,,,,,,,,,,,,
,,,,,,PCWK15C1WSS,,,,PCWK15C1WSS,PCWK15C1WSS,PCWK15C1WSS GE Microwave,-- Unbranded --,,,Appliance Dealers Cooperative (APPDE),,,,,,,,,,,,,,,,,,,,,,,,,,,,,,,,,,,,,,,,,,,,,,,,,,,,,,,,,,,,,,,,,,,,,,,,,,,,,,,,,,,,,,,,,,,,,,,,,,,,,,,,,,,,,,,,,,,,,,,,,,,,,,,,,,,,,,,,,,,,,,,,,,,,,,,,,,,,,,,,,,,,,,,,,,,,,,,,,,,,,,,,,,,,,,,,,,,,,,,,,,,,,,,,,,,,,,,,,,,,,,,,,,,,,,,,,,,
,,,,,,SMC2266KS,,,,SMC2266KS,SMC2266KS,SMC2266KS Microwave SS Display Only,-- Unbranded --,,,Appliance Dealers Cooperative (APPDE),,,,,,,,,,,,,,,,,,,,,,,,,,,,,,,,,,,,,,,,,,,,,,,,,,,,,,,,,,,,,,,,,,,,,,,,,,,,,,,,,,,,,,,,,,,,,,,,,,,,,,,,,,,,,,,,,,,,,,,,,,,,,,,,,,,,,,,,,,,,,,,,,,,,,,,,,,,,,,,,,,,,,,,,,,,,,,,,,,,,,,,,,,,,,,,,,,,,,,,,,,,,,,,,,,,,,,,,,,,,,,,,,,,,,,,,,,,
,,,,,,SMD2479JS,,,,SMD2479JS,SMD2479JS,SMD2479JS Microwave Drawer SS Display Only,-- Unbranded --,,,Appliance Dealers Cooperative (APPDE),,,,,,,,,,,,,,,,,,,,,,,,,,,,,,,,,,,,,,,,,,,,,,,,,,,,,,,,,,,,,,,,,,,,,,,,,,,,,,,,,,,,,,,,,,,,,,,,,,,,,,,,,,,,,,,,,,,,,,,,,,,,,,,,,,,,,,,,,,,,,,,,,,,,,,,,,,,,,,,,,,,,,,,,,,,,,,,,,,,,,,,,,,,,,,,,,,,,,,,,,,,,,,,,,,,,,,,,,,,,,,,,,,,,,,,,,,,
,,,,,,PEP9030DTBB,,,,PEP9030DTBB,PEP9030DTBB,PEP9030DTBB 30  GE Cooktop Bk,-- Unbranded --,,,Appliance Dealers Cooperative (APPDE),,,,,,,,,,,,,,,,,,,,,,,,,,,,,,,,,,,,,,,,,,,,,,,,,,,,,,,,,,,,,,,,,,,,,,,,,,,,,,,,,,,,,,,,,,,,,,,,,,,,,,,,,,,,,,,,,,,,,,,,,,,,,,,,,,,,,,,,,,,,,,,,,,,,,,,,,,,,,,,,,,,,,,,,,,,,,,,,,,,,,,,,,,,,,,,,,,,,,,,,,,,,,,,,,,,,,,,,,,,,,,,,,,,,,,,,,,,
,,,,,,CES700P3MD1,,,,CES700P3MD1,CES700P3MD1,CES700P3MD1 Cafe 30  Range Bk - Display,-- Unbranded --,,,Appliance Dealers Cooperative (APPDE),,,,,,,,,,,,,,,,,,,,,,,,,,,,,,,,,,,,,,,,,,,,,,,,,,,,,,,,,,,,,,,,,,,,,,,,,,,,,,,,,,,,,,,,,,,,,,,,,,,,,,,,,,,,,,,,,,,,,,,,,,,,,,,,,,,,,,,,,,,,,,,,,,,,,,,,,,,,,,,,,,,,,,,,,,,,,,,,,,,,,,,,,,,,,,,,,,,,,,,,,,,,,,,,,,,,,,,,,,,,,,,,,,,,,,,,,,,
,,,,,,PS960YPFS,,,,PS960YPFS,PS960YPFS,PS960YPFS 30  GE Electric Range SS - Display Only,-- Unbranded --,,,Appliance Dealers Cooperative (APPDE),,,,,,,,,,,,,,,,,,,,,,,,,,,,,,,,,,,,,,,,,,,,,,,,,,,,,,,,,,,,,,,,,,,,,,,,,,,,,,,,,,,,,,,,,,,,,,,,,,,,,,,,,,,,,,,,,,,,,,,,,,,,,,,,,,,,,,,,,,,,,,,,,,,,,,,,,,,,,,,,,,,,,,,,,,,,,,,,,,,,,,,,,,,,,,,,,,,,,,,,,,,,,,,,,,,,,,,,,,,,,,,,,,,,,,,,,,,
,,,,,,PB900YVFS,,,,PB900YVFS,PB900YVFS,PB900YVFS Elect 30  Range SS,-- Unbranded --,,,Appliance Dealers Cooperative (APPDE),,,,,,,,,,,,,,,,,,,,,,,,,,,,,,,,,,,,,,,,,,,,,,,,,,,,,,,,,,,,,,,,,,,,,,,,,,,,,,,,,,,,,,,,,,,,,,,,,,,,,,,,,,,,,,,,,,,,,,,,,,,,,,,,,,,,,,,,,,,,,,,,,,,,,,,,,,,,,,,,,,,,,,,,,,,,,,,,,,,,,,,,,,,,,,,,,,,,,,,,,,,,,,,,,,,,,,,,,,,,,,,,,,,,,,,,,,,
,,,,,,PCFE3080AF,,,,PCFE3080AF,PCFE3080AF,PCFE3080AF 30  Elect Range SS - Display Only,-- Unbranded --,,,Appliance Dealers Cooperative (APPDE),,,,,,,,,,,,,,,,,,,,,,,,,,,,,,,,,,,,,,,,,,,,,,,,,,,,,,,,,,,,,,,,,,,,,,,,,,,,,,,,,,,,,,,,,,,,,,,,,,,,,,,,,,,,,,,,,,,,,,,,,,,,,,,,,,,,,,,,,,,,,,,,,,,,,,,,,,,,,,,,,,,,,,,,,,,,,,,,,,,,,,,,,,,,,,,,,,,,,,,,,,,,,,,,,,,,,,,,,,,,,,,,,,,,,,,,,,,
,,,,,,SLER30524SS,,,,SLER30524SS,SLER30524SS,SLER30524SS 30  Elect Range SS,-- Unbranded --,,,Appliance Dealers Cooperative (APPDE),,,,,,,,,,,,,,,,,,,,,,,,,,,,,,,,,,,,,,,,,,,,,,,,,,,,,,,,,,,,,,,,,,,,,,,,,,,,,,,,,,,,,,,,,,,,,,,,,,,,,,,,,,,,,,,,,,,,,,,,,,,,,,,,,,,,,,,,,,,,,,,,,,,,,,,,,,,,,,,,,,,,,,,,,,,,,,,,,,,,,,,,,,,,,,,,,,,,,,,,,,,,,,,,,,,,,,,,,,,,,,,,,,,,,,,,,,,
,,,,,,LSEL6333ZE,,,,LSEL6333ZE,LSEL6333ZE,LSEL6333ZE LG 30  Elec Range BS-Display Only,-- Unbranded --,,,Appliance Dealers Cooperative (APPDE),,,,,,,,,,,,,,,,,,,,,,,,,,,,,,,,,,,,,,,,,,,,,,,,,,,,,,,,,,,,,,,,,,,,,,,,,,,,,,,,,,,,,,,,,,,,,,,,,,,,,,,,,,,,,,,,,,,,,,,,,,,,,,,,,,,,,,,,,,,,,,,,,,,,,,,,,,,,,,,,,,,,,,,,,,,,,,,,,,,,,,,,,,,,,,,,,,,,,,,,,,,,,,,,,,,,,,,,,,,,,,,,,,,,,,,,,,,
,,,,,,KSES530SBE,,,,KSES530SBE,KSES530SBE,KSES530SBE 30  Elect Range BO Display Only,-- Unbranded --,,,Appliance Dealers Cooperative (APPDE),,,,,,,,,,,,,,,,,,,,,,,,,,,,,,,,,,,,,,,,,,,,,,,,,,,,,,,,,,,,,,,,,,,,,,,,,,,,,,,,,,,,,,,,,,,,,,,,,,,,,,,,,,,,,,,,,,,,,,,,,,,,,,,,,,,,,,,,,,,,,,,,,,,,,,,,,,,,,,,,,,,,,,,,,,,,,,,,,,,,,,,,,,,,,,,,,,,,,,,,,,,,,,,,,,,,,,,,,,,,,,,,,,,,,,,,,,,
,,,,,,GCFG3661AF,,,,GCFG3661AF,GCFG3661AF,GCFG3661AF 36  Frigidaire Gas Range SS,-- Unbranded --,,,Appliance Dealers Cooperative (APPDE),,,,,,,,,,,,,,,,,,,,,,,,,,,,,,,,,,,,,,,,,,,,,,,,,,,,,,,,,,,,,,,,,,,,,,,,,,,,,,,,,,,,,,,,,,,,,,,,,,,,,,,,,,,,,,,,,,,,,,,,,,,,,,,,,,,,,,,,,,,,,,,,,,,,,,,,,,,,,,,,,,,,,,,,,,,,,,,,,,,,,,,,,,,,,,,,,,,,,,,,,,,,,,,,,,,,,,,,,,,,,,,,,,,,,,,,,,,
,,,,,,WSGS7530RZ,,,,WSGS7530RZ,WSGS7530RZ,WSGS7530RZ 30  Gas Range SS - Display Only,-- Unbranded --,,,Appliance Dealers Cooperative (APPDE),,,,,,,,,,,,,,,,,,,,,,,,,,,,,,,,,,,,,,,,,,,,,,,,,,,,,,,,,,,,,,,,,,,,,,,,,,,,,,,,,,,,,,,,,,,,,,,,,,,,,,,,,,,,,,,,,,,,,,,,,,,,,,,,,,,,,,,,,,,,,,,,,,,,,,,,,,,,,,,,,,,,,,,,,,,,,,,,,,,,,,,,,,,,,,,,,,,,,,,,,,,,,,,,,,,,,,,,,,,,,,,,,,,,,,,,,,,
,,,,,,CHP90301TBB,,,,CHP90301TBB,CHP90301TBB,CHP90301TBB Café Cooktop Bk,-- Unbranded --,,,Appliance Dealers Cooperative (APPDE),,,,,,,,,,,,,,,,,,,,,,,,,,,,,,,,,,,,,,,,,,,,,,,,,,,,,,,,,,,,,,,,,,,,,,,,,,,,,,,,,,,,,,,,,,,,,,,,,,,,,,,,,,,,,,,,,,,,,,,,,,,,,,,,,,,,,,,,,,,,,,,,,,,,,,,,,,,,,,,,,,,,,,,,,,,,,,,,,,,,,,,,,,,,,,,,,,,,,,,,,,,,,,,,,,,,,,,,,,,,,,,,,,,,,,,,,,,
,,,,,,CVM517P3RD1,,,,CVM517P3RD1,CVM517P3RD1,CVM517P3RD1 Cafe Microwave Bk - Display,-- Unbranded --,,,Appliance Dealers Cooperative (APPDE),,,,,,,,,,,,,,,,,,,,,,,,,,,,,,,,,,,,,,,,,,,,,,,,,,,,,,,,,,,,,,,,,,,,,,,,,,,,,,,,,,,,,,,,,,,,,,,,,,,,,,,,,,,,,,,,,,,,,,,,,,,,,,,,,,,,,,,,,,,,,,,,,,,,,,,,,,,,,,,,,,,,,,,,,,,,,,,,,,,,,,,,,,,,,,,,,,,,,,,,,,,,,,,,,,,,,,,,,,,,,,,,,,,,,,,,,,,
,,,,,,PMOS1980AF,,,,PMOS1980AF,PMOS1980AF,PMOS1980AF OTR Microwave SS - Display Only,-- Unbranded --,,,Appliance Dealers Cooperative (APPDE),,,,,,,,,,,,,,,,,,,,,,,,,,,,,,,,,,,,,,,,,,,,,,,,,,,,,,,,,,,,,,,,,,,,,,,,,,,,,,,,,,,,,,,,,,,,,,,,,,,,,,,,,,,,,,,,,,,,,,,,,,,,,,,,,,,,,,,,,,,,,,,,,,,,,,,,,,,,,,,,,,,,,,,,,,,,,,,,,,,,,,,,,,,,,,,,,,,,,,,,,,,,,,,,,,,,,,,,,,,,,,,,,,,,,,,,,,,
,,,,,,WMMS3330RZ,,,,WMMS3330RZ,WMMS3330RZ,WMMS3330RZ OTR Mocrowave SS - Display Only,-- Unbranded --,,,Appliance Dealers Cooperative (APPDE),,,,,,,,,,,,,,,,,,,,,,,,,,,,,,,,,,,,,,,,,,,,,,,,,,,,,,,,,,,,,,,,,,,,,,,,,,,,,,,,,,,,,,,,,,,,,,,,,,,,,,,,,,,,,,,,,,,,,,,,,,,,,,,,,,,,,,,,,,,,,,,,,,,,,,,,,,,,,,,,,,,,,,,,,,,,,,,,,,,,,,,,,,,,,,,,,,,,,,,,,,,,,,,,,,,,,,,,,,,,,,,,,,,,,,,,,,,
,,,,,,KMMF530PBE,,,,KMMF530PBE,KMMF530PBE,KMMF530PBE OTR Microwave BO Display Only,-- Unbranded --,,,Appliance Dealers Cooperative (APPDE),,,,,,,,,,,,,,,,,,,,,,,,,,,,,,,,,,,,,,,,,,,,,,,,,,,,,,,,,,,,,,,,,,,,,,,,,,,,,,,,,,,,,,,,,,,,,,,,,,,,,,,,,,,,,,,,,,,,,,,,,,,,,,,,,,,,,,,,,,,,,,,,,,,,,,,,,,,,,,,,,,,,,,,,,,,,,,,,,,,,,,,,,,,,,,,,,,,,,,,,,,,,,,,,,,,,,,,,,,,,,,,,,,,,,,,,,,,
,,,,,,JXGRILL1,,,,JXGRILL1,JXGRILL1,JXGRILL1 GE Range Grill,-- Unbranded --,,,Appliance Dealers Cooperative (APPDE),,,,,,,,,,,,,,,,,,,,,,,,,,,,,,,,,,,,,,,,,,,,,,,,,,,,,,,,,,,,,,,,,,,,,,,,,,,,,,,,,,,,,,,,,,,,,,,,,,,,,,,,,,,,,,,,,,,,,,,,,,,,,,,,,,,,,,,,,,,,,,,,,,,,,,,,,,,,,,,,,,,,,,,,,,,,,,,,,,,,,,,,,,,,,,,,,,,,,,,,,,,,,,,,,,,,,,,,,,,,,,,,,,,,,,,,,,,
,,,,,,C9TMA2S3PD3,,,,C9TMA2S3PD3,C9TMA2S3PD3,C9TMA2S3PD3 Café Toaster MB,-- Unbranded --,,,Appliance Dealers Cooperative (APPDE),,,,,,,,,,,,,,,,,,,,,,,,,,,,,,,,,,,,,,,,,,,,,,,,,,,,,,,,,,,,,,,,,,,,,,,,,,,,,,,,,,,,,,,,,,,,,,,,,,,,,,,,,,,,,,,,,,,,,,,,,,,,,,,,,,,,,,,,,,,,,,,,,,,,,,,,,,,,,,,,,,,,,,,,,,,,,,,,,,,,,,,,,,,,,,,,,,,,,,,,,,,,,,,,,,,,,,,,,,,,,,,,,,,,,,,,,,,
,,,,,,C9TMA2S4PW3,,,,C9TMA2S4PW3,C9TMA2S4PW3,C9TMA2S4PW3 Café Toaster MW,-- Unbranded --,,,Appliance Dealers Cooperative (APPDE),,,,,,,,,,,,,,,,,,,,,,,,,,,,,,,,,,,,,,,,,,,,,,,,,,,,,,,,,,,,,,,,,,,,,,,,,,,,,,,,,,,,,,,,,,,,,,,,,,,,,,,,,,,,,,,,,,,,,,,,,,,,,,,,,,,,,,,,,,,,,,,,,,,,,,,,,,,,,,,,,,,,,,,,,,,,,,,,,,,,,,,,,,,,,,,,,,,,,,,,,,,,,,,,,,,,,,,,,,,,,,,,,,,,,,,,,,,
,,,,,,C90AAAS2RS3,,,,C90AAAS2RS3,C90AAAS2RS3,C90AAAS2RS3 Cafe Toast Oven SS,-- Unbranded --,,,Appliance Dealers Cooperative (APPDE),,,,,,,,,,,,,,,,,,,,,,,,,,,,,,,,,,,,,,,,,,,,,,,,,,,,,,,,,,,,,,,,,,,,,,,,,,,,,,,,,,,,,,,,,,,,,,,,,,,,,,,,,,,,,,,,,,,,,,,,,,,,,,,,,,,,,,,,,,,,,,,,,,,,,,,,,,,,,,,,,,,,,,,,,,,,,,,,,,,,,,,,,,,,,,,,,,,,,,,,,,,,,,,,,,,,,,,,,,,,,,,,,,,,,,,,,,,
,,,,,,C9TMA2SP2PS3,,,,C9TMA2SP2PS3,C9TMA2SP2PS3,C9TMA2S2PS3 Cafe Toaster SS,-- Unbranded --,,,Appliance Dealers Cooperative (APPDE),,,,,,,,,,,,,,,,,,,,,,,,,,,,,,,,,,,,,,,,,,,,,,,,,,,,,,,,,,,,,,,,,,,,,,,,,,,,,,,,,,,,,,,,,,,,,,,,,,,,,,,,,,,,,,,,,,,,,,,,,,,,,,,,,,,,,,,,,,,,,,,,,,,,,,,,,,,,,,,,,,,,,,,,,,,,,,,,,,,,,,,,,,,,,,,,,,,,,,,,,,,,,,,,,,,,,,,,,,,,,,,,,,,,,,,,,,,
,,,,,,GDE21EMKES,,,,GDE21EMKES,GDE21EMKES,GDE21EMKES GE 21CF Fridge SL Display Only,-- Unbranded --,,,Appliance Dealers Cooperative (APPDE),,,,,,,,,,,,,,,,,,,,,,,,,,,,,,,,,,,,,,,,,,,,,,,,,,,,,,,,,,,,,,,,,,,,,,,,,,,,,,,,,,,,,,,,,,,,,,,,,,,,,,,,,,,,,,,,,,,,,,,,,,,,,,,,,,,,,,,,,,,,,,,,,,,,,,,,,,,,,,,,,,,,,,,,,,,,,,,,,,,,,,,,,,,,,,,,,,,,,,,,,,,,,,,,,,,,,,,,,,,,,,,,,,,,,,,,,,,
,,,,,,FCM16SLWW,,,,FCM16SLWW,FCM16SLWW,FCM16SLWW 16CF GE Freezer Chest MH,-- Unbranded --,,,Appliance Dealers Cooperative (APPDE),,,,,,,,,,,,,,,,,,,,,,,,,,,,,,,,,,,,,,,,,,,,,,,,,,,,,,,,,,,,,,,,,,,,,,,,,,,,,,,,,,,,,,,,,,,,,,,,,,,,,,,,,,,,,,,,,,,,,,,,,,,,,,,,,,,,,,,,,,,,,,,,,,,,,,,,,,,,,,,,,,,,,,,,,,,,,,,,,,,,,,,,,,,,,,,,,,,,,,,,,,,,,,,,,,,,,,,,,,,,,,,,,,,,,,,,,,,
,,,,,,GNE27JYMFS,,,,GNE27JYMFS,GNE27JYMFS,GNE27JYMFS GE Fridge SS,-- Unbranded --,,,Appliance Dealers Cooperative (APPDE),,,,,,,,,,,,,,,,,,,,,,,,,,,,,,,,,,,,,,,,,,,,,,,,,,,,,,,,,,,,,,,,,,,,,,,,,,,,,,,,,,,,,,,,,,,,,,,,,,,,,,,,,,,,,,,,,,,,,,,,,,,,,,,,,,,,,,,,,,,,,,,,,,,,,,,,,,,,,,,,,,,,,,,,,,,,,,,,,,,,,,,,,,,,,,,,,,,,,,,,,,,,,,,,,,,,,,,,,,,,,,,,,,,,,,,,,,,
,,,,,,CVE28DP3ND1,,,,CVE28DP3ND1,CVE28DP3ND1,CVE28DP3ND1 Cafe Fridge Bk,-- Unbranded --,,,Appliance Dealers Cooperative (APPDE),,,,,,,,,,,,,,,,,,,,,,,,,,,,,,,,,,,,,,,,,,,,,,,,,,,,,,,,,,,,,,,,,,,,,,,,,,,,,,,,,,,,,,,,,,,,,,,,,,,,,,,,,,,,,,,,,,,,,,,,,,,,,,,,,,,,,,,,,,,,,,,,,,,,,,,,,,,,,,,,,,,,,,,,,,,,,,,,,,,,,,,,,,,,,,,,,,,,,,,,,,,,,,,,,,,,,,,,,,,,,,,,,,,,,,,,,,,
,,,,,,GNE25JMKES,,,,GNE25JMKES,GNE25JMKES,GNE25JMKES GE Fridge Slate - Display,-- Unbranded --,,,Appliance Dealers Cooperative (APPDE),,,,,,,,,,,,,,,,,,,,,,,,,,,,,,,,,,,,,,,,,,,,,,,,,,,,,,,,,,,,,,,,,,,,,,,,,,,,,,,,,,,,,,,,,,,,,,,,,,,,,,,,,,,,,,,,,,,,,,,,,,,,,,,,,,,,,,,,,,,,,,,,,,,,,,,,,,,,,,,,,,,,,,,,,,,,,,,,,,,,,,,,,,,,,,,,,,,,,,,,,,,,,,,,,,,,,,,,,,,,,,,,,,,,,,,,,,,
,,,,,,PRFS2883AF,,,,PRFS2883AF,PRFS2883AF,PRFS2883AF 36  Fridge SS - Display Only,-- Unbranded --,,,Appliance Dealers Cooperative (APPDE),,,,,,,,,,,,,,,,,,,,,,,,,,,,,,,,,,,,,,,,,,,,,,,,,,,,,,,,,,,,,,,,,,,,,,,,,,,,,,,,,,,,,,,,,,,,,,,,,,,,,,,,,,,,,,,,,,,,,,,,,,,,,,,,,,,,,,,,,,,,,,,,,,,,,,,,,,,,,,,,,,,,,,,,,,,,,,,,,,,,,,,,,,,,,,,,,,,,,,,,,,,,,,,,,,,,,,,,,,,,,,,,,,,,,,,,,,,
,,,,,,PAD28BYTFS,,,,PAD28BYTFS,PAD28BYTFS,PAD28BYTFS GE Fridge SS,-- Unbranded --,,,Appliance Dealers Cooperative (APPDE),,,,,,,,,,,,,,,,,,,,,,,,,,,,,,,,,,,,,,,,,,,,,,,,,,,,,,,,,,,,,,,,,,,,,,,,,,,,,,,,,,,,,,,,,,,,,,,,,,,,,,,,,,,,,,,,,,,,,,,,,,,,,,,,,,,,,,,,,,,,,,,,,,,,,,,,,,,,,,,,,,,,,,,,,,,,,,,,,,,,,,,,,,,,,,,,,,,,,,,,,,,,,,,,,,,,,,,,,,,,,,,,,,,,,,,,,,,
,,,,,,PGE29BYTFS,,,,PGE29BYTFS,PGE29BYTFS,PGE29BYTFS GE Fridge SS,-- Unbranded --,,,Appliance Dealers Cooperative (APPDE),,,,,,,,,,,,,,,,,,,,,,,,,,,,,,,,,,,,,,,,,,,,,,,,,,,,,,,,,,,,,,,,,,,,,,,,,,,,,,,,,,,,,,,,,,,,,,,,,,,,,,,,,,,,,,,,,,,,,,,,,,,,,,,,,,,,,,,,,,,,,,,,,,,,,,,,,,,,,,,,,,,,,,,,,,,,,,,,,,,,,,,,,,,,,,,,,,,,,,,,,,,,,,,,,,,,,,,,,,,,,,,,,,,,,,,,,,,
,,,,,,ERFD19CGCS,,,,ERFD19CGCS,ERFD19CGCS,ERFD19CGCS Element Fridge SS,-- Unbranded --,,,Appliance Dealers Cooperative (APPDE),,,,,,,,,,,,,,,,,,,,,,,,,,,,,,,,,,,,,,,,,,,,,,,,,,,,,,,,,,,,,,,,,,,,,,,,,,,,,,,,,,,,,,,,,,,,,,,,,,,,,,,,,,,,,,,,,,,,,,,,,,,,,,,,,,,,,,,,,,,,,,,,,,,,,,,,,,,,,,,,,,,,,,,,,,,,,,,,,,,,,,,,,,,,,,,,,,,,,,,,,,,,,,,,,,,,,,,,,,,,,,,,,,,,,,,,,,,
,,,,,,LT18S2100W,,,,LT18S2100W,LT18S2100W,LT18S2100W LG Fridge Wh,-- Unbranded --,,,Appliance Dealers Cooperative (APPDE),,,,,,,,,,,,,,,,,,,,,,,,,,,,,,,,,,,,,,,,,,,,,,,,,,,,,,,,,,,,,,,,,,,,,,,,,,,,,,,,,,,,,,,,,,,,,,,,,,,,,,,,,,,,,,,,,,,,,,,,,,,,,,,,,,,,,,,,,,,,,,,,,,,,,,,,,,,,,,,,,,,,,,,,,,,,,,,,,,,,,,,,,,,,,,,,,,,,,,,,,,,,,,,,,,,,,,,,,,,,,,,,,,,,,,,,,,,
,,,,,,LT18S2100SS,,,,LT18S2100SS,LT18S2100SS,LT18S2100S 18CF LG Fridge SS,-- Unbranded --,,,Appliance Dealers Cooperative (APPDE),,,,,,,,,,,,,,,,,,,,,,,,,,,,,,,,,,,,,,,,,,,,,,,,,,,,,,,,,,,,,,,,,,,,,,,,,,,,,,,,,,,,,,,,,,,,,,,,,,,,,,,,,,,,,,,,,,,,,,,,,,,,,,,,,,,,,,,,,,,,,,,,,,,,,,,,,,,,,,,,,,,,,,,,,,,,,,,,,,,,,,,,,,,,,,,,,,,,,,,,,,,,,,,,,,,,,,,,,,,,,,,,,,,,,,,,,,,
,,,,,,EUF17CDBW,,,,EUF17CDBW,EUF17CDBW,EUF17CDBW Element 17CF Freezer - Upright,-- Unbranded --,,,Appliance Dealers Cooperative (APPDE),,,,,,,,,,,,,,,,,,,,,,,,,,,,,,,,,,,,,,,,,,,,,,,,,,,,,,,,,,,,,,,,,,,,,,,,,,,,,,,,,,,,,,,,,,,,,,,,,,,,,,,,,,,,,,,,,,,,,,,,,,,,,,,,,,,,,,,,,,,,,,,,,,,,,,,,,,,,,,,,,,,,,,,,,,,,,,,,,,,,,,,,,,,,,,,,,,,,,,,,,,,,,,,,,,,,,,,,,,,,,,,,,,,,,,,,,,,
,,,,,,EUF21CDBW,,,,EUF21CDBW,EUF21CDBW,EUF21CDBW Element 21CF Freezer - Upright,-- Unbranded --,,,Appliance Dealers Cooperative (APPDE),,,,,,,,,,,,,,,,,,,,,,,,,,,,,,,,,,,,,,,,,,,,,,,,,,,,,,,,,,,,,,,,,,,,,,,,,,,,,,,,,,,,,,,,,,,,,,,,,,,,,,,,,,,,,,,,,,,,,,,,,,,,,,,,,,,,,,,,,,,,,,,,,,,,,,,,,,,,,,,,,,,,,,,,,,,,,,,,,,,,,,,,,,,,,,,,,,,,,,,,,,,,,,,,,,,,,,,,,,,,,,,,,,,,,,,,,,,
,,,,,,TP-1935,,,,TP-1935,TP-1935,TP-1935 Hole Drilling System,-- Unbranded --,,,-,,,,,,,,,,,,,,,,,,,,,,,,,,,,,,,,,,,,,,,,,,,,,,,,,,,,,,,,,,,,,,,,,,,,,,,,,,,,,,,,,,,,,,,,,,,,,,,,,,,,,,,,,,,,,,,,,,,,,,,,,,,,,,,,,,,,,,,,,,,,,,,,,,,,,,,,,,,,,,,,,,,,,,,,,,,,,,,,,,,,,,,,,,,,,,,,,,,,,,,,,,,,,,,,,,,,,,,,,,,,,,,,,,,,,,,,,,,
,,,,,,K527APBXR,,,,K527APBXR,K527APBXR,K527APBXR Senco .131x3  SM BB - 500CT,-- Unbranded --,,,Senco Products Inc (4650),,,,,,,,,,,,,,,,,,,,,,,,,,,,,,,,,,,,,,,,,,,,,,,,,,,,,,,,,,,,,,,,,,,,,,,,,,,,,,,,,,,,,,,,,,,,,,,,,,,,,,,,,,,,,,,,,,,,,,,,,,,,,,,,,,,,,,,,,,,,,,,,,,,,,,,,,,,,,,,,,,,,,,,,,,,,,,,,,,,,,,,,,,,,,,,,,,,,,,,,,,,,,,,,,,,,,,,,,,,,,,,,,,,,,,,,,,,
,,,,,,603150,,,,603150,603150,603150 2-1/2  Finish Nail 15GA - 4M,-- Unbranded --,,,National Nail Corp (7439),,,,,,,,,,,,,,,,,,,,,,,,,,,,,,,,,,,,,,,,,,,,,,,,,,,,,,,,,,,,,,,,,,,,,,,,,,,,,,,,,,,,,,,,,,,,,,,,,,,,,,,,,,,,,,,,,,,,,,,,,,,,,,,,,,,,,,,,,,,,,,,,,,,,,,,,,,,,,,,,,,,,,,,,,,,,,,,,,,,,,,,,,,,,,,,,,,,,,,,,,,,,,,,,,,,,,,,,,,,,,,,,,,,,,,,,,,,
,,,,,,D10CNK,,,,D10CNK,D10CNK,D10CNK Prebena 1/2 x3/8  - Staple,-- Unbranded --,,,Prebena (PREBE),,,,,,,,,,,,,,,,,,,,,,,,,,,,,,,,,,,,,,,,,,,,,,,,,,,,,,,,,,,,,,,,,,,,,,,,,,,,,,,,,,,,,,,,,,,,,,,,,,,,,,,,,,,,,,,,,,,,,,,,,,,,,,,,,,,,,,,,,,,,,,,,,,,,,,,,,,,,,,,,,,,,,,,,,,,,,,,,,,,,,,,,,,,,,,,,,,,,,,,,,,,,,,,,,,,,,,,,,,,,,,,,,,,,,,,,,,,
,,,,,,E28CNKHA,,,,E28CNKHA,E28CNKHA,E28CNKHA Prebena 2/4 x1 1/8  - Staple,-- Unbranded --,,,Prebena (PREBE),,,,,,,,,,,,,,,,,,,,,,,,,,,,,,,,,,,,,,,,,,,,,,,,,,,,,,,,,,,,,,,,,,,,,,,,,,,,,,,,,,,,,,,,,,,,,,,,,,,,,,,,,,,,,,,,,,,,,,,,,,,,,,,,,,,,,,,,,,,,,,,,,,,,,,,,,,,,,,,,,,,,,,,,,,,,,,,,,,,,,,,,,,,,,,,,,,,,,,,,,,,,,,,,,,,,,,,,,,,,,,,,,,,,,,,,,,,
,,,,,,51334,,,,51334,51334,51334 44  Wh Gilmour Fan,-- Unbranded --,,,Hunter Fan Co (4381),,,,,,,,,,,,,,,,,,,,,,,,,,,,,,,,,,,,,,,,,,,,,,,,,,,,,,,,,,,,,,,,,,,,,,,,,,,,,,,,,,,,,,,,,,,,,,,,,,,,,,,,,,,,,,,,,,,,,,,,,,,,,,,,,,,,,,,,,,,,,,,,,,,,,,,,,,,,,,,,,,,,,,,,,,,,,,,,,,,,,,,,,,,,,,,,,,,,,,,,,,,,,,,,,,,,,,,,,,,,,,,,,,,,,,,,,,,
,,,,,,59210,,,,59210,59210,59210 52  BZ Sent Hunter Fan,-- Unbranded --,,,Hunter Fan Co (4381),,,,,,,,,,,,,,,,,,,,,,,,,,,,,,,,,,,,,,,,,,,,,,,,,,,,,,,,,,,,,,,,,,,,,,,,,,,,,,,,,,,,,,,,,,,,,,,,,,,,,,,,,,,,,,,,,,,,,,,,,,,,,,,,,,,,,,,,,,,,,,,,,,,,,,,,,,,,,,,,,,,,,,,,,,,,,,,,,,,,,,,,,,,,,,,,,,,,,,,,,,,,,,,,,,,,,,,,,,,,,,,,,,,,,,,,,,,
,,,,,,52485,,,,52485,52485,52485 52  MB Anisten Fan,-- Unbranded --,,,Hunter Fan Co (4381),,,,,,,,,,,,,,,,,,,,,,,,,,,,,,,,,,,,,,,,,,,,,,,,,,,,,,,,,,,,,,,,,,,,,,,,,,,,,,,,,,,,,,,,,,,,,,,,,,,,,,,,,,,,,,,,,,,,,,,,,,,,,,,,,,,,,,,,,,,,,,,,,,,,,,,,,,,,,,,,,,,,,,,,,,,,,,,,,,,,,,,,,,,,,,,,,,,,,,,,,,,,,,,,,,,,,,,,,,,,,,,,,,,,,,,,,,,
,,,,,,52486,,,,52486,52486,52486 44  MB Anisten Fan,-- Unbranded --,,,Hunter Fan Co (4381),,,,,,,,,,,,,,,,,,,,,,,,,,,,,,,,,,,,,,,,,,,,,,,,,,,,,,,,,,,,,,,,,,,,,,,,,,,,,,,,,,,,,,,,,,,,,,,,,,,,,,,,,,,,,,,,,,,,,,,,,,,,,,,,,,,,,,,,,,,,,,,,,,,,,,,,,,,,,,,,,,,,,,,,,,,,,,,,,,,,,,,,,,,,,,,,,,,,,,,,,,,,,,,,,,,,,,,,,,,,,,,,,,,,,,,,,,,
,,,,,,52487,,,,52487,52487,52487 52  WH Anisten Fan,-- Unbranded --,,,Hunter Fan Co (4381),,,,,,,,,,,,,,,,,,,,,,,,,,,,,,,,,,,,,,,,,,,,,,,,,,,,,,,,,,,,,,,,,,,,,,,,,,,,,,,,,,,,,,,,,,,,,,,,,,,,,,,,,,,,,,,,,,,,,,,,,,,,,,,,,,,,,,,,,,,,,,,,,,,,,,,,,,,,,,,,,,,,,,,,,,,,,,,,,,,,,,,,,,,,,,,,,,,,,,,,,,,,,,,,,,,,,,,,,,,,,,,,,,,,,,,,,,,
,,,,,,52488,,,,52488,52488,52488 44  WH Anisten Fan,-- Unbranded --,,,Hunter Fan Co (4381),,,,,,,,,,,,,,,,,,,,,,,,,,,,,,,,,,,,,,,,,,,,,,,,,,,,,,,,,,,,,,,,,,,,,,,,,,,,,,,,,,,,,,,,,,,,,,,,,,,,,,,,,,,,,,,,,,,,,,,,,,,,,,,,,,,,,,,,,,,,,,,,,,,,,,,,,,,,,,,,,,,,,,,,,,,,,,,,,,,,,,,,,,,,,,,,,,,,,,,,,,,,,,,,,,,,,,,,,,,,,,,,,,,,,,,,,,,
,,,,,,52655,,,,52655,52655,52655 52  MB Xidane Hunter Fan,-- Unbranded --,,,Hunter Fan Co (4381),,,,,,,,,,,,,,,,,,,,,,,,,,,,,,,,,,,,,,,,,,,,,,,,,,,,,,,,,,,,,,,,,,,,,,,,,,,,,,,,,,,,,,,,,,,,,,,,,,,,,,,,,,,,,,,,,,,,,,,,,,,,,,,,,,,,,,,,,,,,,,,,,,,,,,,,,,,,,,,,,,,,,,,,,,,,,,,,,,,,,,,,,,,,,,,,,,,,,,,,,,,,,,,,,,,,,,,,,,,,,,,,,,,,,,,,,,,
,,,,,,59261,,,,59261,59261,59261 52  PB Cassius Fan,-- Unbranded --,,,Hunter Fan Co (4381),,,,,,,,,,,,,,,,,,,,,,,,,,,,,,,,,,,,,,,,,,,,,,,,,,,,,,,,,,,,,,,,,,,,,,,,,,,,,,,,,,,,,,,,,,,,,,,,,,,,,,,,,,,,,,,,,,,,,,,,,,,,,,,,,,,,,,,,,,,,,,,,,,,,,,,,,,,,,,,,,,,,,,,,,,,,,,,,,,,,,,,,,,,,,,,,,,,,,,,,,,,,,,,,,,,,,,,,,,,,,,,,,,,,,,,,,,,
,,,,,,51731,,,,51731,51731,51731 52  MB Jetty Hunter Fan,-- Unbranded --,,,Hunter Fan Co (4381),,,,,,,,,,,,,,,,,,,,,,,,,,,,,,,,,,,,,,,,,,,,,,,,,,,,,,,,,,,,,,,,,,,,,,,,,,,,,,,,,,,,,,,,,,,,,,,,,,,,,,,,,,,,,,,,,,,,,,,,,,,,,,,,,,,,,,,,,,,,,,,,,,,,,,,,,,,,,,,,,,,,,,,,,,,,,,,,,,,,,,,,,,,,,,,,,,,,,,,,,,,,,,,,,,,,,,,,,,,,,,,,,,,,,,,,,,,
https://makitatools.com/products/details/XLC10ZW,,,,,,XLC10ZW,,,,XLC10ZW,XLC10ZW,XLC10ZW Makita 18V Cordless Vacuum (Bare),-- Unbranded --,,,Makita Usa Inc (5142),Makita Usa Inc,Makita,,,,,"Makita Usa Inc 18V cordless vacuum featuring a brushless motor, 4-speed",MAKITA USA INC XLC10ZW 18V CORDLESS,Makita Usa Inc 18V LXT Lithium-ion Compact Brushless Cordless 4-Speed Vacuum with Push Button and Dust Bag (Tool Only).,The Makita Usa Inc XLC10ZW is an 18V LXT Lithium-ion compact brushless cordless 4-speed vacuum featuring a push button and dust bag. This product type is a vacuum and is offered as a tool only configuration.,"Get the Makita Usa Inc XLC10ZW 18V Cordless Vacuum. This compact brushless cordless vacuum operates on an 18V LXT Lithium-ion battery and features 4 speed settings, a push button, and a dust bag. Supplied as tool only.","Discover the Makita Usa Inc 18V LXT Lithium-ion Compact Brushless Cordless 4-Speed Vacuum. Equipped with a brushless motor, 4-speed settings, push button, and dust bag, this vacuum delivers efficient cordless performance as a tool only configuration.",18 V voltage,LXT battery series,Lithium-ion battery type,Brushless motor type,4 speed settings count,Push Button and Dust Bag features,Tool Only tool configuration,Vacuum product type,,,,,,,,,,,,,,,,,,XLC10ZW Makita 18V Cordless Vacuum (Bare),voltage,18,V,battery type,Lithium-ion,,battery series,LXT,,motor type,Brushless,,product type,Vacuum,,speed settings count,4,,features,Push Button and Dust Bag,,tool configuration,Tool Only,,,,,,,,,,,,,,,,,,,,,,,,,,,,,,,,,,,,,,,,,,,,,,,,,,,,,,,,,,,,,,,,,,,,,,,,,,,,,,,,,,,,,,,,,,,,,,,,,,,,,,,,,,,,,,,,,,,,,,,,,,,,,,,,,,,,,,,,,,,,,,,,,,,,,,,,,,,,,,,,,,,,,,,,,,,,,,
,,,,,,HS-DA,,,,HS-DA,HS-DA,HS-DA Motion Driveway Alert,-- Unbranded --,,,Sabre (9195),,,,,,,,,,,,,,,,,,,,,,,,,,,,,,,,,,,,,,,,,,,,,,,,,,,,,,,,,,,,,,,,,,,,,,,,,,,,,,,,,,,,,,,,,,,,,,,,,,,,,,,,,,,,,,,,,,,,,,,,,,,,,,,,,,,,,,,,,,,,,,,,,,,,,,,,,,,,,,,,,,,,,,,,,,,,,,,,,,,,,,,,,,,,,,,,,,,,,,,,,,,,,,,,,,,,,,,,,,,,,,,,,,,,,,,,,,,
,,,,,,73002252,,,,73002252,73002252,Black Gate Gravity Latch RDI,-- Unbranded --,,,-,,,,,,,,,,,,,,,,,,,,,,,,,,,,,,,,,,,,,,,,,,,,,,,,,,,,,,,,,,,,,,,,,,,,,,,,,,,,,,,,,,,,,,,,,,,,,,,,,,,,,,,,,,,,,,,,,,,,,,,,,,,,,,,,,,,,,,,,,,,,,,,,,,,,,,,,,,,,,,,,,,,,,,,,,,,,,,,,,,,,,,,,,,,,,,,,,,,,,,,,,,,,,,,,,,,,,,,,,,,,,,,,,,,,,,,,,,,
https://www.milwaukeetool.com/products/details/packout-24oz-insulated-bottle-with-chug-lid/48-22-8396r,,,,,,48-22-8396R,,,,48-22-8396R,48-22-8396R,48-22-8396R Milw 24oz Bottle - Insulated,-- Unbranded --,,,Milwaukee Accessory (4031),Milwaukee Tool,Milwaukee,,,,,Milwaukee 24 OZ Red insulated bottle with chug lid and twist-to-lock PACKOUT,MILWAUKEE 48-22-8396R 24 OZ PACKOUT,Milwaukee 24 oz Red PACKOUT Insulated Bottle with Chug Lid featuring twist-to-lock PACKOUT Connectivity.,The MILWAUKEE PACKOUT 24oz Insulated Bottle w/ Chug Lid features twist-to-lock PACKOUT Connectivity so you can attach your bottle to the top of PACKOUT solutions. This 24oz Red PACKOUT Insulated Bottle includes a chug lid.,"Featuring twist-to-lock PACKOUT Connectivity, the Milwaukee PACKOUT 24oz Insulated Bottle with Chug Lid lets you attach your bottle to the top of PACKOUT solutions. This 24oz red insulated bottle comes equipped with a chug lid.",The MILWAUKEE PACKOUT 24oz Insulated Bottle w/ Chug Lid features twist-to-lock PACKOUT Connectivity so you can attach your bottle to the top of PACKOUT solutions.,24 oz capacity,Red color,Twist-to-lock PACKOUT Connectivity for attaching to the top of PACKOUT solutions,Chug lid,,,,,,,,,,,,,,,,,,,,,,PACKOUT Insulated Bottle with Chug Lid,Capacity,24,oz,Color,Red,,Product Name,PACKOUT Insulated Bottle with Chug Lid,,Brand,Milwaukee,,Lid Type,Chug Lid,,Connectivity,twist-to-lock PACKOUT Connectivity,,,,,,,,,,,,,,,,,,,,,,,,,,,,,,,,,,,,,,,,,,,,,,,,,,,,,,,,,,,,,,,,,,,,,,,,,,,,,,,,,,,,,,,,,,,,,,,,,,,,,,,,,,,,,,,,,,,,,,,,,,,,,,,,,,,,,,,,,,,,,,,,,,,,,,,,,,,,,,,,,,,,,,,,,,,,,,,,,,,,
https://www.milwaukeetool.com/products/details/packout-36oz-insulated-bottle-with-chug-lid/48-22-8397r,,,,,,48-22-8397R,,,,48-22-8397R,48-22-8397R,48-22-8397R Milw 36oz Bottle - Insulated,-- Unbranded --,,,Milwaukee Accessory (4031),Milwaukee Tool,Milwaukee,,,,,Red 36 OZ insulated bottle featuring a chug lid and twist-to-lock PACKOUT,MILW 48-22-8397R 36 OZ INSULATED BOTTLE,Milwaukee 36oz red insulated bottle with chug lid and twist-to-lock PACKOUT connectivity.,The MILWAUKEE PACKOUT 36oz Insulated Bottle w/ Chug Lid features twist-to-lock PACKOUT Connectivity so you can attach your bottle to the top of PACKOUT solutions. This 36oz Red PACKOUT Insulated Bottle includes a chug lid.,"Stay hydrated on the job with the Milwaukee 36oz Insulated Bottle with Chug Lid. Featuring twist-to-lock PACKOUT connectivity, this red 36oz bottle attaches directly to the top of PACKOUT solutions.","Featuring twist-to-lock PACKOUT connectivity, the Milwaukee 36oz Insulated Bottle allows you to attach your bottle directly to the top of PACKOUT solutions. This red 36oz insulated bottle comes equipped with a chug lid.",36oz capacity,Insulated bottle with chug lid,Twist-to-lock PACKOUT connectivity for attaching to the top of PACKOUT solutions,Red color,,,,,,,,,,,,,,,,,,,,,,36oz Bottle - Insulated,capacity,36,oz,color,red,,product type,insulated bottle with chug lid,,connectivity,twist-to-lock PACKOUT,,,,,,,,,,,,,,,,,,,,,,,,,,,,,,,,,,,,,,,,,,,,,,,,,,,,,,,,,,,,,,,,,,,,,,,,,,,,,,,,,,,,,,,,,,,,,,,,,,,,,,,,,,,,,,,,,,,,,,,,,,,,,,,,,,,,,,,,,,,,,,,,,,,,,,,,,,,,,,,,,,,,,,,,,,,,,,,,,,,,,,,,,,
,,,,,,DCGG581B,,,,DCGG581B,DCGG581B,DCGG581B Dewalt 20V Grease Gun 2-Speed,-- Unbranded --,,,Black & Decker/dewlt (2585),,,,,,,,,,,,,,,,,,,,,,,,,,,,,,,,,,,,,,,,,,,,,,,,,,,,,,,,,,,,,,,,,,,,,,,,,,,,,,,,,,,,,,,,,,,,,,,,,,,,,,,,,,,,,,,,,,,,,,,,,,,,,,,,,,,,,,,,,,,,,,,,,,,,,,,,,,,,,,,,,,,,,,,,,,,,,,,,,,,,,,,,,,,,,,,,,,,,,,,,,,,,,,,,,,,,,,,,,,,,,,,,,,,,,,,,,,,
,,,,,,DCGG581GD1,,,,DCGG581GD1,DCGG581GD1,DCGG581GD1 Dewalt 20V Grease Gun 2-Speed Kit,-- Unbranded --,,,Black & Decker/dewlt (2585),,,,,,,,,,,,,,,,,,,,,,,,,,,,,,,,,,,,,,,,,,,,,,,,,,,,,,,,,,,,,,,,,,,,,,,,,,,,,,,,,,,,,,,,,,,,,,,,,,,,,,,,,,,,,,,,,,,,,,,,,,,,,,,,,,,,,,,,,,,,,,,,,,,,,,,,,,,,,,,,,,,,,,,,,,,,,,,,,,,,,,,,,,,,,,,,,,,,,,,,,,,,,,,,,,,,,,,,,,,,,,,,,,,,,,,,,,,
,,,,,,DWST41092,,,,DWST41092,DWST41092,DWST41092 Dewalt Tool Chest 41  Bottom,-- Unbranded --,,,Black & Decker/dewlt (2585),,,,,,,,,,,,,,,,,,,,,,,,,,,,,,,,,,,,,,,,,,,,,,,,,,,,,,,,,,,,,,,,,,,,,,,,,,,,,,,,,,,,,,,,,,,,,,,,,,,,,,,,,,,,,,,,,,,,,,,,,,,,,,,,,,,,,,,,,,,,,,,,,,,,,,,,,,,,,,,,,,,,,,,,,,,,,,,,,,,,,,,,,,,,,,,,,,,,,,,,,,,,,,,,,,,,,,,,,,,,,,,,,,,,,,,,,,,
,,,,,,156436WHT,,,,156436WHT,156436WHT,156436 Wh 4x4x120 Post Wrap,DSI Westbury,,,Palmer Donavin Mfg Company (PALDO),,,,,,,,,,,,,,,,,,,,,,,,,,,,,,,,,,,,,,,,,,,,,,,,,,,,,,,,,,,,,,,,,,,,,,,,,,,,,,,,,,,,,,,,,,,,,,,,,,,,,,,,,,,,,,,,,,,,,,,,,,,,,,,,,,,,,,,,,,,,,,,,,,,,,,,,,,,,,,,,,,,,,,,,,,,,,,,,,,,,,,,,,,,,,,,,,,,,,,,,,,,,,,,,,,,,,,,,,,,,,,,,,,,,,,,,,,,
,,,,,,173950TBK,,,,173950TBK,173950TBK,4 x8'-6  DSI SQ Black Alum Post Wrap,-- Unbranded --,,,Palmer Donavin Mfg Company (PALDO),,,,,,,,,,,,,,,,,,,,,,,,,,,,,,,,,,,,,,,,,,,,,,,,,,,,,,,,,,,,,,,,,,,,,,,,,,,,,,,,,,,,,,,,,,,,,,,,,,,,,,,,,,,,,,,,,,,,,,,,,,,,,,,,,,,,,,,,,,,,,,,,,,,,,,,,,,,,,,,,,,,,,,,,,,,,,,,,,,,,,,,,,,,,,,,,,,,,,,,,,,,,,,,,,,,,,,,,,,,,,,,,,,,,,,,,,,,
,,,,,,173951TBK,,,,173951TBK,173951TBK,6 x8'-6  DSI SQ Black Alum Post Wrap,-- Unbranded --,,,Palmer Donavin Mfg Company (PALDO),,,,,,,,,,,,,,,,,,,,,,,,,,,,,,,,,,,,,,,,,,,,,,,,,,,,,,,,,,,,,,,,,,,,,,,,,,,,,,,,,,,,,,,,,,,,,,,,,,,,,,,,,,,,,,,,,,,,,,,,,,,,,,,,,,,,,,,,,,,,,,,,,,,,,,,,,,,,,,,,,,,,,,,,,,,,,,,,,,,,,,,,,,,,,,,,,,,,,,,,,,,,,,,,,,,,,,,,,,,,,,,,,,,,,,,,,,,
,,,,,,173952TBK,,,,173952TBK,173952TBK,6 x10' DSI SQ Black Alum Post Wrap,-- Unbranded --,,,Palmer Donavin Mfg Company (PALDO),,,,,,,,,,,,,,,,,,,,,,,,,,,,,,,,,,,,,,,,,,,,,,,,,,,,,,,,,,,,,,,,,,,,,,,,,,,,,,,,,,,,,,,,,,,,,,,,,,,,,,,,,,,,,,,,,,,,,,,,,,,,,,,,,,,,,,,,,,,,,,,,,,,,,,,,,,,,,,,,,,,,,,,,,,,,,,,,,,,,,,,,,,,,,,,,,,,,,,,,,,,,,,,,,,,,,,,,,,,,,,,,,,,,,,,,,,,
,,,,,,1624157,,,,1624157,1624157,TW52 WH INSIDE CAS VIN WRAPPED,ANDERSEN,,,-,,,,,,,,,,,,,,,,,,,,,,,,,,,,,,,,,,,,,,,,,,,,,,,,,,,,,,,,,,,,,,,,,,,,,,,,,,,,,,,,,,,,,,,,,,,,,,,,,,,,,,,,,,,,,,,,,,,,,,,,,,,,,,,,,,,,,,,,,,,,,,,,,,,,,,,,,,,,,,,,,,,,,,,,,,,,,,,,,,,,,,,,,,,,,,,,,,,,,,,,,,,,,,,,,,,,,,,,,,,,,,,,,,,,,,,,,,,
,,,,,,40025,,,,40025,40025,40025 TS-54 Wal-Board T-Square 009-008,-- Unbranded --,,,Marshalltown Trowel (5155),,,,,,,,,,,,,,,,,,,,,,,,,,,,,,,,,,,,,,,,,,,,,,,,,,,,,,,,,,,,,,,,,,,,,,,,,,,,,,,,,,,,,,,,,,,,,,,,,,,,,,,,,,,,,,,,,,,,,,,,,,,,,,,,,,,,,,,,,,,,,,,,,,,,,,,,,,,,,,,,,,,,,,,,,,,,,,,,,,,,,,,,,,,,,,,,,,,,,,,,,,,,,,,,,,,,,,,,,,,,,,,,,,,,,,,,,,,
https://www.milwaukeetool.com/products/details/mechanical-pencil-with-lead-pack/48-22-3301,,,,,,48-22-3301,,,,48-22-3301,48-22-3301,48-22-3301 Milw Mechanical Pencil w/ Lead Pack,-- Unbranded --,,,Milwaukee Accessory (4031),Milwaukee Tool,Milwaukee,,,,,"Milwaukee mechanical pencil featuring a lead pack, easy sharpening, deep reach,",MILW 48-22-3301 MECHANICAL PENCIL W/,"Milwaukee Mechanical Pencil with Lead Pack designed for easy sharpening, deep reach, and durability on the job site.","Discover Milwaukee's Mechanical Pencil with Lead Pack for easy sharpening, deep reach, and unmatched durability on any job site.","Get Milwaukee's Mechanical Pencil with Lead Pack, built for easy sharpening, deep reach, and unmatched durability on any job site.","Discover Milwaukee's Mechanical Pencil with Lead Pack for easy sharpening, deep reach, and unmatched durability on any job site.",Designed for easy sharpening,Features deep reach,Offers unmatched durability on any job site,,,,,,,,,,,,,,,,,,Lead Pack,,,job site,Lead Pack,Mechanical Pencil with Lead Pack,Product Type,Mechanical Pencil,,,,,,,,,,,,,,,,,,,,,,,,,,,,,,,,,,,,,,,,,,,,,,,,,,,,,,,,,,,,,,,,,,,,,,,,,,,,,,,,,,,,,,,,,,,,,,,,,,,,,,,,,,,,,,,,,,,,,,,,,,,,,,,,,,,,,,,,,,,,,,,,,,,,,,,,,,,,,,,,,,,,,,,,,,,,,,,,,,,,,,,,,,,,,,,,,,,
https://www.milwaukeetool.com/products/details/mechanical-pencil-replacement-lead-graphite/48-22-3302,,,,,,48-22-3302,,,,48-22-3302,48-22-3302,48-22-3302 Milw Mechanical Pencil Replacement Lead,-- Unbranded --,,,Milwaukee Accessory (4031),Milwaukee Tool,Milwaukee,,,,,10 pc graphite mechanical pencil replacement lead designed for Milwaukee,MILW 48-22-3302 REPLACEMENT LEAD - 10PC,Milwaukee 48-22-3302 Mechanical Pencil Replacement Lead 10 pc Graphite,"Enhance your marking with Milwaukee's 10pc Graphite Lead Pack for bold, precise lines, designed for our Mechanical Pencil.","Enhance your marking with the Milwaukee 10pc Graphite Lead Pack. Designed for the Milwaukee Mechanical Pencil, this graphite replacement lead delivers bold, precise lines.","Enhance your marking with Milwaukee's 10pc Graphite Lead Pack for bold, precise lines, designed for our Mechanical Pencil.",Graphite material,Designed for mechanical pencils,10 piece quantity,"Delivers bold, precise lines",,,,,,,,,,,,,,,,,,,,Marking,,Mechanical Pencil Replacement Lead,Product Type,Mechanical Pencil Replacement Lead,,Material,Graphite,,Quantity,10,pc,,,,,,,,,,,,,,,,,,,,,,,,,,,,,,,,,,,,,,,,,,,,,,,,,,,,,,,,,,,,,,,,,,,,,,,,,,,,,,,,,,,,,,,,,,,,,,,,,,,,,,,,,,,,,,,,,,,,,,,,,,,,,,,,,,,,,,,,,,,,,,,,,,,,,,,,,,,,,,,,,,,,,,,,,,,,,,,,,,,,,,,,,,,,
https://www.milwaukeetool.com/products/details/mechanical-pencil-replacement-lead-color/48-22-3303,,,,,,48-22-3303,,,,48-22-3303,48-22-3303,48-22-3303 Milw Mechanical Pencil Replacement Lead-Color,-- Unbranded --,,,Milwaukee Accessory (4031),Milwaukee Tool,Milwaukee,,,,,"Milwaukee 10pc. Color Lead Pack for bold, precise markings and easy sharpening.",MILW MECHANICAL PENCIL REPLACEMENT,"Milwaukee 10pc. Color Lead Pack designed for bold, precise markings and easy sharpening.","Enhance your marking with Milwaukee's 10pc. Color Lead Pack, designed for bold, precise markings and easy sharpening.","Enhance your marking with Milwaukee's 10pc. Color Lead Pack, designed for bold, precise markings and easy sharpening.","Enhance your marking with Milwaukee's 10pc. Color Lead Pack, designed for bold, precise markings and easy sharpening.","Designed for bold, precise markings",Designed for easy sharpening,10pc. pack size,,,,,,,,,,,,,,,,,,,,,"bold, precise markings and easy sharpening",,Mechanical Pencil Replacement Lead-Color,Pack Size,10,pc,Product Type,Color Lead Pack,,Application,"bold, precise markings and easy sharpening",,,,,,,,,,,,,,,,,,,,,,,,,,,,,,,,,,,,,,,,,,,,,,,,,,,,,,,,,,,,,,,,,,,,,,,,,,,,,,,,,,,,,,,,,,,,,,,,,,,,,,,,,,,,,,,,,,,,,,,,,,,,,,,,,,,,,,,,,,,,,,,,,,,,,,,,,,,,,,,,,,,,,,,,,,,,,,,,,,,,,,,,,,,,,
,,,,,,TSDKAP218-G2,,,,TSDKAP218-G2,TSDKAP218-G2,TSDKAP218-G2 Edge Safety - Khor Black Frame Polarized,-- Unbranded --,,,Edge Eyewear Inc (EDGSA),,,,,,,,,,,,,,,,,,,,,,,,,,,,,,,,,,,,,,,,,,,,,,,,,,,,,,,,,,,,,,,,,,,,,,,,,,,,,,,,,,,,,,,,,,,,,,,,,,,,,,,,,,,,,,,,,,,,,,,,,,,,,,,,,,,,,,,,,,,,,,,,,,,,,,,,,,,,,,,,,,,,,,,,,,,,,,,,,,,,,,,,,,,,,,,,,,,,,,,,,,,,,,,,,,,,,,,,,,,,,,,,,,,,,,,,,,,
,,,,,,XPAP418,,,,XPAP418,XPAP418,XPAP418 Edge Safety Glasses - Pumori Black Frame,-- Unbranded --,,,Edge Eyewear Inc (EDGSA),,,,,,,,,,,,,,,,,,,,,,,,,,,,,,,,,,,,,,,,,,,,,,,,,,,,,,,,,,,,,,,,,,,,,,,,,,,,,,,,,,,,,,,,,,,,,,,,,,,,,,,,,,,,,,,,,,,,,,,,,,,,,,,,,,,,,,,,,,,,,,,,,,,,,,,,,,,,,,,,,,,,,,,,,,,,,,,,,,,,,,,,,,,,,,,,,,,,,,,,,,,,,,,,,,,,,,,,,,,,,,,,,,,,,,,,,,,
,,,,,,XDAP419,,,,XDAP419,XDAP419,XDAP419 Edge Safety Glasses - Dawson Black Frame Red Lenses,-- Unbranded --,,,Edge Eyewear Inc (EDGSA),,,,,,,,,,,,,,,,,,,,,,,,,,,,,,,,,,,,,,,,,,,,,,,,,,,,,,,,,,,,,,,,,,,,,,,,,,,,,,,,,,,,,,,,,,,,,,,,,,,,,,,,,,,,,,,,,,,,,,,,,,,,,,,,,,,,,,,,,,,,,,,,,,,,,,,,,,,,,,,,,,,,,,,,,,,,,,,,,,,,,,,,,,,,,,,,,,,,,,,,,,,,,,,,,,,,,,,,,,,,,,,,,,,,,,,,,,,
,,,,,,XB11PCVS,,,,XB11PCVS,XB11PCVS,XB11PCVS Edge Safety Glasses - Photochromic Lense,-- Unbranded --,,,Edge Eyewear Inc (EDGSA),,,,,,,,,,,,,,,,,,,,,,,,,,,,,,,,,,,,,,,,,,,,,,,,,,,,,,,,,,,,,,,,,,,,,,,,,,,,,,,,,,,,,,,,,,,,,,,,,,,,,,,,,,,,,,,,,,,,,,,,,,,,,,,,,,,,,,,,,,,,,,,,,,,,,,,,,,,,,,,,,,,,,,,,,,,,,,,,,,,,,,,,,,,,,,,,,,,,,,,,,,,,,,,,,,,,,,,,,,,,,,,,,,,,,,,,,,,
,,,,,,KB121VS,,,,KB121VS,KB121VS,KB121VS Edge Safety Glasses - Kabru Black Frame,-- Unbranded --,,,Edge Eyewear Inc (EDGSA),,,,,,,,,,,,,,,,,,,,,,,,,,,,,,,,,,,,,,,,,,,,,,,,,,,,,,,,,,,,,,,,,,,,,,,,,,,,,,,,,,,,,,,,,,,,,,,,,,,,,,,,,,,,,,,,,,,,,,,,,,,,,,,,,,,,,,,,,,,,,,,,,,,,,,,,,,,,,,,,,,,,,,,,,,,,,,,,,,,,,,,,,,,,,,,,,,,,,,,,,,,,,,,,,,,,,,,,,,,,,,,,,,,,,,,,,,,
,,,,,,KB126VS,,,,KB126VS,KB126VS,KB126VS Edge Safety Glasses - Kabru Black Frame,-- Unbranded --,,,Edge Eyewear Inc (EDGSA),,,,,,,,,,,,,,,,,,,,,,,,,,,,,,,,,,,,,,,,,,,,,,,,,,,,,,,,,,,,,,,,,,,,,,,,,,,,,,,,,,,,,,,,,,,,,,,,,,,,,,,,,,,,,,,,,,,,,,,,,,,,,,,,,,,,,,,,,,,,,,,,,,,,,,,,,,,,,,,,,,,,,,,,,,,,,,,,,,,,,,,,,,,,,,,,,,,,,,,,,,,,,,,,,,,,,,,,,,,,,,,,,,,,,,,,,,,
,,,,,,TC121VS,,,,TC121VS,TC121VS,TC121VS Edge Safety Glasses - Tacana Black Frame,-- Unbranded --,,,Edge Eyewear Inc (EDGSA),,,,,,,,,,,,,,,,,,,,,,,,,,,,,,,,,,,,,,,,,,,,,,,,,,,,,,,,,,,,,,,,,,,,,,,,,,,,,,,,,,,,,,,,,,,,,,,,,,,,,,,,,,,,,,,,,,,,,,,,,,,,,,,,,,,,,,,,,,,,,,,,,,,,,,,,,,,,,,,,,,,,,,,,,,,,,,,,,,,,,,,,,,,,,,,,,,,,,,,,,,,,,,,,,,,,,,,,,,,,,,,,,,,,,,,,,,,
,,,,,,TC126VS,,,,TC126VS,TC126VS,TC126VS Edge Safety Glasses - Tacana Black Frame,-- Unbranded --,,,Edge Eyewear Inc (EDGSA),,,,,,,,,,,,,,,,,,,,,,,,,,,,,,,,,,,,,,,,,,,,,,,,,,,,,,,,,,,,,,,,,,,,,,,,,,,,,,,,,,,,,,,,,,,,,,,,,,,,,,,,,,,,,,,,,,,,,,,,,,,,,,,,,,,,,,,,,,,,,,,,,,,,,,,,,,,,,,,,,,,,,,,,,,,,,,,,,,,,,,,,,,,,,,,,,,,,,,,,,,,,,,,,,,,,,,,,,,,,,,,,,,,,,,,,,,,
,,,,,,MK113MPAP,,,,MK113MPAP,MK113MPAP,MK113MPAP Edge Safety Glasses - Makalu Black Frame Polarized,-- Unbranded --,,,Edge Eyewear Inc (EDGSA),,,,,,,,,,,,,,,,,,,,,,,,,,,,,,,,,,,,,,,,,,,,,,,,,,,,,,,,,,,,,,,,,,,,,,,,,,,,,,,,,,,,,,,,,,,,,,,,,,,,,,,,,,,,,,,,,,,,,,,,,,,,,,,,,,,,,,,,,,,,,,,,,,,,,,,,,,,,,,,,,,,,,,,,,,,,,,,,,,,,,,,,,,,,,,,,,,,,,,,,,,,,,,,,,,,,,,,,,,,,,,,,,,,,,,,,,,,
,,,,,,LS117MPAP,,,,LS117MPAP,LS117MPAP,LS117MPAP Edge Safety Glasses - Lassen Black Frame Polarized,-- Unbranded --,,,Edge Eyewear Inc (EDGSA),,,,,,,,,,,,,,,,,,,,,,,,,,,,,,,,,,,,,,,,,,,,,,,,,,,,,,,,,,,,,,,,,,,,,,,,,,,,,,,,,,,,,,,,,,,,,,,,,,,,,,,,,,,,,,,,,,,,,,,,,,,,,,,,,,,,,,,,,,,,,,,,,,,,,,,,,,,,,,,,,,,,,,,,,,,,,,,,,,,,,,,,,,,,,,,,,,,,,,,,,,,,,,,,,,,,,,,,,,,,,,,,,,,,,,,,,,,
,,,,,,FE-EFX-6L,,,,FE-EFX-6L,FE-EFX-6L,FEEFX6L Lith Fire Extinguisher,-- Unbranded --,,,Ohio Firewatch Protection Inc (HOLFS),,,,,,,,,,,,,,,,,,,,,,,,,,,,,,,,,,,,,,,,,,,,,,,,,,,,,,,,,,,,,,,,,,,,,,,,,,,,,,,,,,,,,,,,,,,,,,,,,,,,,,,,,,,,,,,,,,,,,,,,,,,,,,,,,,,,,,,,,,,,,,,,,,,,,,,,,,,,,,,,,,,,,,,,,,,,,,,,,,,,,,,,,,,,,,,,,,,,,,,,,,,,,,,,,,,,,,,,,,,,,,,,,,,,,,,,,,,
,,,,,,FE-EFX-9L,,,,FE-EFX-9L,FE-EFX-9L,FEEFX9L Lith Fire Extinguisher,-- Unbranded --,,,Ohio Firewatch Protection Inc (HOLFS),,,,,,,,,,,,,,,,,,,,,,,,,,,,,,,,,,,,,,,,,,,,,,,,,,,,,,,,,,,,,,,,,,,,,,,,,,,,,,,,,,,,,,,,,,,,,,,,,,,,,,,,,,,,,,,,,,,,,,,,,,,,,,,,,,,,,,,,,,,,,,,,,,,,,,,,,,,,,,,,,,,,,,,,,,,,,,,,,,,,,,,,,,,,,,,,,,,,,,,,,,,,,,,,,,,,,,,,,,,,,,,,,,,,,,,,,,,
,,,,,,1046793,,,,1046793,1046793,1046793 Smoke & CO Alarm,-- Unbranded --,,,First Alert - B R K Brands (2754),,,,,,,,,,,,,,,,,,,,,,,,,,,,,,,,,,,,,,,,,,,,,,,,,,,,,,,,,,,,,,,,,,,,,,,,,,,,,,,,,,,,,,,,,,,,,,,,,,,,,,,,,,,,,,,,,,,,,,,,,,,,,,,,,,,,,,,,,,,,,,,,,,,,,,,,,,,,,,,,,,,,,,,,,,,,,,,,,,,,,,,,,,,,,,,,,,,,,,,,,,,,,,,,,,,,,,,,,,,,,,,,,,,,,,,,,,,
,,,,,,1046870,,,,1046870,1046870,1046870 Smoke & CO Alarm,-- Unbranded --,,,First Alert - B R K Brands (2754),,,,,,,,,,,,,,,,,,,,,,,,,,,,,,,,,,,,,,,,,,,,,,,,,,,,,,,,,,,,,,,,,,,,,,,,,,,,,,,,,,,,,,,,,,,,,,,,,,,,,,,,,,,,,,,,,,,,,,,,,,,,,,,,,,,,,,,,,,,,,,,,,,,,,,,,,,,,,,,,,,,,,,,,,,,,,,,,,,,,,,,,,,,,,,,,,,,,,,,,,,,,,,,,,,,,,,,,,,,,,,,,,,,,,,,,,,,
https://www.milwaukeetool.com/products/details/heated-work-glove-liners-black-l/m701b-21l,,,,,,M701B-21L,,,,M701B-21L,M701B-21L,M701B-21L Milw L Black Heated Work Glove Liners,-- Unbranded --,,,Milwaukee Accessory (4031),Milwaukee Tool,Milwaukee,,,,,"Milwaukee Heated Work Glove Liners (L) featuring fast heating, extended warmth,",MILWAUKEE M701B-21L HEATED WORK GLOVE,"Milwaukee Heated Work Glove Liners (L) offer fast heating, extended warmth, and dexterity with a low-profile fit.","Milwaukee Heated Work Glove Liners (L) offer fast heating, extended warmth, and dexterity with a low-profile fit, perfect for layering under work gloves.","Experience fast heating and extended warmth with Milwaukee Heated Work Glove Liners (L). Designed with a low-profile fit and dexterity, they are perfect for layering under work gloves.","Milwaukee Heated Work Glove Liners (L) offer fast heating, extended warmth, and dexterity with a low-profile fit, perfect for layering under work gloves.",Fast heating,Extended warmth,Dexterity with a low-profile fit,Perfect for layering under work gloves,,,,,,,,,,,,,,,,,,,,layering under work gloves,,Heated Work Glove Liners (L),Product Name,Heated Work Glove Liners (L),,Brand,Milwaukee,,Size,L,,,,,,,,,,,,,,,,,,,,,,,,,,,,,,,,,,,,,,,,,,,,,,,,,,,,,,,,,,,,,,,,,,,,,,,,,,,,,,,,,,,,,,,,,,,,,,,,,,,,,,,,,,,,,,,,,,,,,,,,,,,,,,,,,,,,,,,,,,,,,,,,,,,,,,,,,,,,,,,,,,,,,,,,,,,,,,,,,,,,,,,,,,,,,
https://www.milwaukeetool.com/products/details/heated-work-glove-liners-black-m/m701b-21m,,,,,,M701B-21M,,,,M701B-21M,M701B-21M,M701B-21M Milw M Black Heated Work Glove Liners,-- Unbranded --,,,Milwaukee Accessory (4031),Milwaukee Tool,Milwaukee,,,,,M701B-21 M M Heated Work Glove Liners feature fast heating and a low-profile fit,MILWAUKEE M701B-21 M HEATED WORK GLOVE,"Milwaukee Tool M701B-21M M Black Heated Work Glove Liners offer fast heating, extended warmth, and dexterity with a low-profile fit.","The Milwaukee Tool M701B-21M Heated Work Glove Liners (Size M) offer fast heating, extended warmth, and dexterity with a low-profile fit, making them perfect for layering under work gloves.","Stay warm on the job with the Milwaukee Tool M701B-21M Heated Work Glove Liners in Size M. Designed to offer fast heating, extended warmth, and dexterity, these liners feature a low-profile fit that is perfect for layering under work gloves.","Milwaukee® (M) Heated Work Glove Liners offer fast heating, extended warmth, and dexterity with a low-profile fit, perfect for layering under work gloves.",Fast heating,Extended warmth,Maintains dexterity,Low-profile fit,Perfect for layering under work gloves,,,,,,,,,,,,,,,,,,,Layering under work gloves,,Heated Work Glove Liners,Product Type,Heated Work Glove Liners,,Size,M,,,,,,,,,,,,,,,,,,,,,,,,,,,,,,,,,,,,,,,,,,,,,,,,,,,,,,,,,,,,,,,,,,,,,,,,,,,,,,,,,,,,,,,,,,,,,,,,,,,,,,,,,,,,,,,,,,,,,,,,,,,,,,,,,,,,,,,,,,,,,,,,,,,,,,,,,,,,,,,,,,,,,,,,,,,,,,,,,,,,,,,,,,,,,,,,
https://www.milwaukeetool.com/products/details/heated-work-glove-liners-black-s/m701b-21s,,,,,,M701B-21S,,,,M701B-21S,M701B-21S,M701B-21S Milw S Black Heated Work Glove Liners,-- Unbranded --,,,Milwaukee Accessory (4031),Milwaukee Tool,Milwaukee,,,,,"Milwaukee S Heated Work Glove Liners offer fast heating, extended warmth, and",MILWAUKEE M701B-21S HEATED WORK GLOVE,"Milwaukee S Heated Work Glove Liners designed for fast heating, extended warmth, and dexterity with a low-profile fit.","The Milwaukee S Heated Work Glove Liners offer fast heating, extended warmth, and dexterity with a low-profile fit, making them perfect for layering under work gloves.","Experience fast heating and extended warmth with the Milwaukee S Heated Work Glove Liners. Featuring a low-profile fit for enhanced dexterity, they are perfect for layering under work gloves.","Milwaukee Heated Work Glove Liners offer fast heating, extended warmth, and dexterity with a low-profile fit, perfect for layering under work gloves.",Fast heating,Extended warmth,Dexterity with a low-profile fit,Perfect for layering under work gloves,,,,,,,,,,,,,,,,,,,,Layering under work gloves,,Heated Work Glove Liners,Product Type,Heated Work Glove Liners,,Size,S,,Brand,Milwaukee,,,,,,,,,,,,,,,,,,,,,,,,,,,,,,,,,,,,,,,,,,,,,,,,,,,,,,,,,,,,,,,,,,,,,,,,,,,,,,,,,,,,,,,,,,,,,,,,,,,,,,,,,,,,,,,,,,,,,,,,,,,,,,,,,,,,,,,,,,,,,,,,,,,,,,,,,,,,,,,,,,,,,,,,,,,,,,,,,,,,,,,,,,,,,
https://www.milwaukeetool.com/products/details/heated-work-glove-liners-black-xl/m701b-21xl,,,,,,M701B-21XL,,,,M701B-21XL,M701B-21XL,M701B-21XL Milw XL Black Heated Work Glove Liners,-- Unbranded --,,,Milwaukee Accessory (4031),Milwaukee Tool,Milwaukee,,,,,"Milwaukee XL Heated Work Glove Liners offer fast heating, extended warmth, and",MILW XL BLACK HEATED WORK GLOVE LINERS,"Milwaukee XL Black Heated Work Glove Liners offer fast heating, extended warmth, and dexterity with a low-profile fit.","Milwaukee (XL) Heated Work Glove Liners offer fast heating, extended warmth, and dexterity with a low-profile fit, perfect for layering under work gloves.","Stay warm on the job with Milwaukee Heated Work Glove Liners in size XL. Designed for fast heating, extended warmth, and dexterity, these liners feature a low-profile fit that is perfect for layering under work gloves.","Milwaukee (XL) Heated Work Glove Liners offer fast heating, extended warmth, and dexterity with a low-profile fit, perfect for layering under work gloves.",Fast heating,Extended warmth,Dexterity,Low-profile fit,Perfect for layering under work gloves,,,,,,,,,,,,,,,,,,,Layering under work gloves,,Heated Work Glove Liners,Product Type,Heated Work Glove Liners,,Size,XL,,Brand,Milwaukee,,,,,,,,,,,,,,,,,,,,,,,,,,,,,,,,,,,,,,,,,,,,,,,,,,,,,,,,,,,,,,,,,,,,,,,,,,,,,,,,,,,,,,,,,,,,,,,,,,,,,,,,,,,,,,,,,,,,,,,,,,,,,,,,,,,,,,,,,,,,,,,,,,,,,,,,,,,,,,,,,,,,,,,,,,,,,,,,,,,,,,,,,,,,,
,,,,,,MWUG42010124,,,,MWUG42010124,MWUG42010124,UTW Pro Heated Glove Blk XS,-- Unbranded --,,,Tech Gear 5.7 Inc (TECGE),,,,,,,,,,,,,,,,,,,,,,,,,,,,,,,,,,,,,,,,,,,,,,,,,,,,,,,,,,,,,,,,,,,,,,,,,,,,,,,,,,,,,,,,,,,,,,,,,,,,,,,,,,,,,,,,,,,,,,,,,,,,,,,,,,,,,,,,,,,,,,,,,,,,,,,,,,,,,,,,,,,,,,,,,,,,,,,,,,,,,,,,,,,,,,,,,,,,,,,,,,,,,,,,,,,,,,,,,,,,,,,,,,,,,,,,,,,
,,,,,,MWUG42010224,,,,MWUG42010224,MWUG42010224,UTW Pro Heated Glove Blk SM,-- Unbranded --,,,Tech Gear 5.7 Inc (TECGE),,,,,,,,,,,,,,,,,,,,,,,,,,,,,,,,,,,,,,,,,,,,,,,,,,,,,,,,,,,,,,,,,,,,,,,,,,,,,,,,,,,,,,,,,,,,,,,,,,,,,,,,,,,,,,,,,,,,,,,,,,,,,,,,,,,,,,,,,,,,,,,,,,,,,,,,,,,,,,,,,,,,,,,,,,,,,,,,,,,,,,,,,,,,,,,,,,,,,,,,,,,,,,,,,,,,,,,,,,,,,,,,,,,,,,,,,,,
,,,,,,MWUG42010324,,,,MWUG42010324,MWUG42010324,UTW Pro Heated Glove Blk MD,-- Unbranded --,,,Tech Gear 5.7 Inc (TECGE),,,,,,,,,,,,,,,,,,,,,,,,,,,,,,,,,,,,,,,,,,,,,,,,,,,,,,,,,,,,,,,,,,,,,,,,,,,,,,,,,,,,,,,,,,,,,,,,,,,,,,,,,,,,,,,,,,,,,,,,,,,,,,,,,,,,,,,,,,,,,,,,,,,,,,,,,,,,,,,,,,,,,,,,,,,,,,,,,,,,,,,,,,,,,,,,,,,,,,,,,,,,,,,,,,,,,,,,,,,,,,,,,,,,,,,,,,,
,,,,,,MWUG42010424,,,,MWUG42010424,MWUG42010424,UTW Pro Heated Glove Blk LG,-- Unbranded --,,,Tech Gear 5.7 Inc (TECGE),,,,,,,,,,,,,,,,,,,,,,,,,,,,,,,,,,,,,,,,,,,,,,,,,,,,,,,,,,,,,,,,,,,,,,,,,,,,,,,,,,,,,,,,,,,,,,,,,,,,,,,,,,,,,,,,,,,,,,,,,,,,,,,,,,,,,,,,,,,,,,,,,,,,,,,,,,,,,,,,,,,,,,,,,,,,,,,,,,,,,,,,,,,,,,,,,,,,,,,,,,,,,,,,,,,,,,,,,,,,,,,,,,,,,,,,,,,
,,,,,,MWUG42010524,,,,MWUG42010524,MWUG42010524,UTW Pro Heated Glove Blk XL,-- Unbranded --,,,Tech Gear 5.7 Inc (TECGE),,,,,,,,,,,,,,,,,,,,,,,,,,,,,,,,,,,,,,,,,,,,,,,,,,,,,,,,,,,,,,,,,,,,,,,,,,,,,,,,,,,,,,,,,,,,,,,,,,,,,,,,,,,,,,,,,,,,,,,,,,,,,,,,,,,,,,,,,,,,,,,,,,,,,,,,,,,,,,,,,,,,,,,,,,,,,,,,,,,,,,,,,,,,,,,,,,,,,,,,,,,,,,,,,,,,,,,,,,,,,,,,,,,,,,,,,,,
,,,,,,MWUG42010624,,,,MWUG42010624,MWUG42010624,UTW Pro Heated Glove Blk 2X,-- Unbranded --,,,Tech Gear 5.7 Inc (TECGE),,,,,,,,,,,,,,,,,,,,,,,,,,,,,,,,,,,,,,,,,,,,,,,,,,,,,,,,,,,,,,,,,,,,,,,,,,,,,,,,,,,,,,,,,,,,,,,,,,,,,,,,,,,,,,,,,,,,,,,,,,,,,,,,,,,,,,,,,,,,,,,,,,,,,,,,,,,,,,,,,,,,,,,,,,,,,,,,,,,,,,,,,,,,,,,,,,,,,,,,,,,,,,,,,,,,,,,,,,,,,,,,,,,,,,,,,,,
,,,,,,MWUG36010225,,,,MWUG36010225,MWUG36010225,MWUG36010225 BLK SM Aerial Snow Heated Glove,-- Unbranded --,,,Tech Gear 5.7 Inc (TECGE),,,,,,,,,,,,,,,,,,,,,,,,,,,,,,,,,,,,,,,,,,,,,,,,,,,,,,,,,,,,,,,,,,,,,,,,,,,,,,,,,,,,,,,,,,,,,,,,,,,,,,,,,,,,,,,,,,,,,,,,,,,,,,,,,,,,,,,,,,,,,,,,,,,,,,,,,,,,,,,,,,,,,,,,,,,,,,,,,,,,,,,,,,,,,,,,,,,,,,,,,,,,,,,,,,,,,,,,,,,,,,,,,,,,,,,,,,,
,,,,,,MWUG36010325,,,,MWUG36010325,MWUG36010325,MWUG36010325 BLK MD Aerial Snow Heated Glove,-- Unbranded --,,,Tech Gear 5.7 Inc (TECGE),,,,,,,,,,,,,,,,,,,,,,,,,,,,,,,,,,,,,,,,,,,,,,,,,,,,,,,,,,,,,,,,,,,,,,,,,,,,,,,,,,,,,,,,,,,,,,,,,,,,,,,,,,,,,,,,,,,,,,,,,,,,,,,,,,,,,,,,,,,,,,,,,,,,,,,,,,,,,,,,,,,,,,,,,,,,,,,,,,,,,,,,,,,,,,,,,,,,,,,,,,,,,,,,,,,,,,,,,,,,,,,,,,,,,,,,,,,
,,,,,,MWUG36010425,,,,MWUG36010425,MWUG36010425,MWUG36010425 BLK LG Aerial Snow Heated Glove,-- Unbranded --,,,Tech Gear 5.7 Inc (TECGE),,,,,,,,,,,,,,,,,,,,,,,,,,,,,,,,,,,,,,,,,,,,,,,,,,,,,,,,,,,,,,,,,,,,,,,,,,,,,,,,,,,,,,,,,,,,,,,,,,,,,,,,,,,,,,,,,,,,,,,,,,,,,,,,,,,,,,,,,,,,,,,,,,,,,,,,,,,,,,,,,,,,,,,,,,,,,,,,,,,,,,,,,,,,,,,,,,,,,,,,,,,,,,,,,,,,,,,,,,,,,,,,,,,,,,,,,,,
,,,,,,MWUG36010525,,,,MWUG36010525,MWUG36010525,MWUG36010525 BLK XL Aerial Snow Heated Glove,-- Unbranded --,,,Tech Gear 5.7 Inc (TECGE),,,,,,,,,,,,,,,,,,,,,,,,,,,,,,,,,,,,,,,,,,,,,,,,,,,,,,,,,,,,,,,,,,,,,,,,,,,,,,,,,,,,,,,,,,,,,,,,,,,,,,,,,,,,,,,,,,,,,,,,,,,,,,,,,,,,,,,,,,,,,,,,,,,,,,,,,,,,,,,,,,,,,,,,,,,,,,,,,,,,,,,,,,,,,,,,,,,,,,,,,,,,,,,,,,,,,,,,,,,,,,,,,,,,,,,,,,,
,,,,,,MWUG36010625,,,,MWUG36010625,MWUG36010625,MWUG36010625 BLK 2X Aerial Snow Heated Glove,-- Unbranded --,,,Tech Gear 5.7 Inc (TECGE),,,,,,,,,,,,,,,,,,,,,,,,,,,,,,,,,,,,,,,,,,,,,,,,,,,,,,,,,,,,,,,,,,,,,,,,,,,,,,,,,,,,,,,,,,,,,,,,,,,,,,,,,,,,,,,,,,,,,,,,,,,,,,,,,,,,,,,,,,,,,,,,,,,,,,,,,,,,,,,,,,,,,,,,,,,,,,,,,,,,,,,,,,,,,,,,,,,,,,,,,,,,,,,,,,,,,,,,,,,,,,,,,,,,,,,,,,,
,,,,,,DPG15,,,,DPG15,DPG15,DPG15 Dewalt AM/FM Hearing Protector,-- Unbranded --,,,Radians (7363),,,,,,,,,,,,,,,,,,,,,,,,,,,,,,,,,,,,,,,,,,,,,,,,,,,,,,,,,,,,,,,,,,,,,,,,,,,,,,,,,,,,,,,,,,,,,,,,,,,,,,,,,,,,,,,,,,,,,,,,,,,,,,,,,,,,,,,,,,,,,,,,,,,,,,,,,,,,,,,,,,,,,,,,,,,,,,,,,,,,,,,,,,,,,,,,,,,,,,,,,,,,,,,,,,,,,,,,,,,,,,,,,,,,,,,,,,,
https://www.milwaukeetool.com/products/details/m12-women-s-heated-hoodie-black-l/f200b-21l,,,,,,F200B-21L,,,,F200B-21L,F200B-21L,F200B-21L Milw M12 Womens - BLK Heated Hoodie Kit L,-- Unbranded --,,,Milwaukee Accessory (4031),Milwaukee Tool,Milwaukee,,,,,"MILWAUKEE® M12™ Women's Heated Hoodie (Black, L) featuring HEXON HEAT",MILWAUKEE M12 WOMEN'S HEATED HOODIE BLK,"MILWAUKEE® M12™ Women's Heated Hoodie in Black, Size L, featuring HEXON HEAT TECHNOLOGY™ for fast heat and all-day comfort.",Stay warm with the MILWAUKEE® M12™ Heated Hoodie featuring HEXON HEAT TECHNOLOGY™ for fast heat and all-day comfort in any condition. This M12™ Women's Heated Hoodie comes in black and size large.,"Stay warm in any condition with the MILWAUKEE® M12™ Women's Heated Hoodie. Featuring HEXON HEAT TECHNOLOGY™, this black hoodie in size L delivers fast heat and all-day comfort.",Stay warm with the MILWAUKEE® M12™ Heated Hoodie featuring HEXON HEAT TECHNOLOGY™ for fast heat and all-day comfort in any condition.,HEXON HEAT TECHNOLOGY™ for fast heat,All-day comfort in any condition,Color: Black,Size: L,Target gender: Women's,,,,,,,,,,,,,,,,,,,,,M12 Women's Heated Hoodie - Black L,Product Name,M12 Women's Heated Hoodie - Black L,,Color,Black,,Size,L,,Target Gender,Women's,,,,,,,,,,,,,,,,,,,,,,,,,,,,,,,,,,,,,,,,,,,,,,,,,,,,,,,,,,,,,,,,,,,,,,,,,,,,,,,,,,,,,,,,,,,,,,,,,,,,,,,,,,,,,,,,,,,,,,,,,,,,,,,,,,,,,,,,,,,,,,,,,,,,,,,,,,,,,,,,,,,,,,,,,,,,,,,,,,,,,,,,,,
https://www.milwaukeetool.com/products/details/m12-women-s-heated-hoodie-black-m/f200b-21m,,,,,,F200B-21M,,,,F200B-21M,F200B-21M,F200B-21M Milw M12 Womens - BLK Heated Hoodie Kit M,-- Unbranded --,,,Milwaukee Accessory (4031),Milwaukee Tool,Milwaukee,,,,,Milwaukee M12 Women's Medium Black Heated Hoodie with Hexon Heat Technology.,MILW F200B-21 M M12 WMS BLK HEAT HOODIE,"Milwaukee M12 Women's Heated Hoodie in black, size medium, featuring Hexon Heat Technology.",Stay warm with the Milwaukee M12 Women's Heated Hoodie featuring Hexon Heat Technology for fast heat and all-day comfort in any condition. This black medium heated hoodie is part of the M12 battery platform.,"Stay warm with the Milwaukee M12 Women's Heated Hoodie. Designed with Hexon Heat Technology, this black medium hoodie delivers fast heat and all-day comfort in any condition.",Stay warm with the MILWAUKEE M12 Women's Heated Hoodie featuring Hexon Heat Technology for fast heat and all-day comfort in any condition.,Hexon Heat Technology for fast heat,All-day comfort in any condition,M12 battery platform,Women's medium size,Black color,,,,,,,,,,,,,,,,,,,,,M12 Women's Heated Hoodie,Product Type,Heated Hoodie,,Target Audience,Women's,,Color,Black,,Size,Medium,,Brand,Milwaukee,,Battery Platform,M12,,Technology,Hexon Heat Technology,,,,,,,,,,,,,,,,,,,,,,,,,,,,,,,,,,,,,,,,,,,,,,,,,,,,,,,,,,,,,,,,,,,,,,,,,,,,,,,,,,,,,,,,,,,,,,,,,,,,,,,,,,,,,,,,,,,,,,,,,,,,,,,,,,,,,,,,,,,,,,,,,,,,,,,,,,,,,,,,,,,,,,,,,,,,,,,,,
https://www.milwaukeetool.com/products/details/m12-heated-full-zip-hoodie/m200b-21l,https://www.milwaukeetool.com/m200b-21l?lid,,,,,M200B-21L,,,,M200B-21L,M200B-21L,M200B-21L Milw M12 BLK - Heated Hoodie Kit L,-- Unbranded --,,,Milwaukee Accessory (4031),Milwaukee Tool,Milwaukee,,,,,Milwaukee M12 Black Heated Hoodie in Size L with Hexon Heat Technology.,MILW M12 BLK - HEATED HOODIE KIT L,"MILWAUKEE M12 Heated Hoodie in Black, Size L, featuring Hexon Heat Technology.",Stay warm with the MILWAUKEE M12 Heated Hoodie featuring Hexon Heat Technology for fast heat and all-day comfort in any condition. This black heated hoodie is designed for the M12 cordless tool system in size L.,Stay warm with the MILWAUKEE M12 Heated Hoodie featuring Hexon Heat Technology for fast heat and all-day comfort in any condition.,Stay warm with the MILWAUKEE M12 Heated Hoodie featuring Hexon Heat Technology for fast heat and all-day comfort in any condition.,Features Hexon Heat Technology for fast heat and all-day comfort in any condition,M12 cordless tool system compatibility,Color: Black,Size: L,,,,,,,,,,,,,,,,,,,,,,M12 Heated Hoodie,Product Type,Heated Hoodie,,Color,Black,,Size,L,,Brand,Milwaukee,,Cordless Tool System,M12,,Technology,Hexon Heat Technology,,,,,,,,,,,,,,,,,,,,,,,,,,,,,,,,,,,,,,,,,,,,,,,,,,,,,,,,,,,,,,,,,,,,,,,,,,,,,,,,,,,,,,,,,,,,,,,,,,,,,,,,,,,,,,,,,,,,,,,,,,,,,,,,,,,,,,,,,,,,,,,,,,,,,,,,,,,,,,,,,,,,,,,,,,,,,,,,,,,,
https://www.milwaukeetool.com/products/details/m12-heated-full-zip-hoodie/m200b-21m,,,,,,M200B-21M,,,,M200B-21M,M200B-21M,M200B-21M Milw M12 BLK - Heated Hoodie Kit M,-- Unbranded --,,,Milwaukee Accessory (4031),Milwaukee Tool,Milwaukee,,,,,Milwaukee M12 Heated Hoodie - Black M with HEXON HEAT TECHNOLOGY for fast heat,M200B-21 M MILW M12 BLK - HEATED HOODIE,"Milwaukee M12 Heated Hoodie in Black, Size M, featuring HEXON HEAT TECHNOLOGY.",Stay warm with the MILWAUKEE M12 Heated Hoodie featuring HEXON HEAT TECHNOLOGY for fast heat and all-day comfort in any condition. This black heated hoodie is available in size M.,"Stay warm in any condition with the Milwaukee M12 Heated Hoodie. Featuring HEXON HEAT TECHNOLOGY, it delivers fast heat and all-day comfort. Color: Black. Size: M.",Stay warm with the MILWAUKEE M12 Heated Hoodie featuring HEXON HEAT TECHNOLOGY for fast heat and all-day comfort in any condition.,Features HEXON HEAT TECHNOLOGY for fast heat,Provides all-day comfort in any condition,Color: Black,Size: M,,,,,,,,,,,,,,,,,,,,,,M12 Heated Hoodie,Product Name,M12 Heated Hoodie,,Color,Black,,Size,M,,,,,,,,,,,,,,,,,,,,,,,,,,,,,,,,,,,,,,,,,,,,,,,,,,,,,,,,,,,,,,,,,,,,,,,,,,,,,,,,,,,,,,,,,,,,,,,,,,,,,,,,,,,,,,,,,,,,,,,,,,,,,,,,,,,,,,,,,,,,,,,,,,,,,,,,,,,,,,,,,,,,,,,,,,,,,,,,,,,,,,,,,,,,,
https://www.milwaukeetool.com/products/details/m12-heated-full-zip-hoodie/m200b-21xl,,,,,,M200B-21XL,,,,M200B-21XL,M200B-21XL,M200B-21XL Milw M12 BLK - Heated Hoodie Kit XL,-- Unbranded --,,,Milwaukee Accessory (4031),Milwaukee Tool,Milwaukee,,,,,Milwaukee M12 Black Heated Hoodie XL with HEXON HEAT TECHNOLOGY.,MILWAUKEE M200B-21XL M12 BLK - HEATED,"Milwaukee M12 Heated Hoodie Kit in Black, Size XL, featuring HEXON HEAT TECHNOLOGY for fast heat and all-day comfort.",Stay warm with the MILWAUKEE M12 Heated Hoodie featuring HEXON HEAT TECHNOLOGY for fast heat and all-day comfort in any condition. This black heated hoodie comes in size XL and operates on the M12 cordless system.,"Stay warm in any condition with the Milwaukee M12 Heated Hoodie. Featuring HEXON HEAT TECHNOLOGY, this black XL hoodie delivers fast heat and all-day comfort.",Stay warm with the MILWAUKEE M12 Heated Hoodie featuring HEXON HEAT TECHNOLOGY for fast heat and all-day comfort in any condition.,HEXON HEAT TECHNOLOGY for fast heat and all-day comfort,M12 cordless system compatibility,Color: Black,Size: XL,,,,,,,,,,,,,,,,,,,,,,M12 Heated Hoodie,Product Type,Heated Hoodie,,Color,Black,,Size,XL,,Brand,Milwaukee,,Technology,HEXON HEAT TECHNOLOGY,,Cordless System,M12,,,,,,,,,,,,,,,,,,,,,,,,,,,,,,,,,,,,,,,,,,,,,,,,,,,,,,,,,,,,,,,,,,,,,,,,,,,,,,,,,,,,,,,,,,,,,,,,,,,,,,,,,,,,,,,,,,,,,,,,,,,,,,,,,,,,,,,,,,,,,,,,,,,,,,,,,,,,,,,,,,,,,,,,,,,,,,,,,,,,
https://www.milwaukeetool.com/products/details/m12-heated-full-zip-hoodie/m200g-21l,,,,,,M200G-21L,,,,M200G-21L,M200G-21L,M200G-21L Milw M12 Gray - Heated Hoodie Kit L,-- Unbranded --,,,Milwaukee Accessory (4031),Milwaukee Tool,Milwaukee,,,,,"MILWAUKEE M12 Gray Heated Hoodie, Size L, with HEXON HEAT TECHNOLOGY for fast",M200G-21L MILW M12 GRAY - HEATED HOODIE,MILWAUKEE M12 Gray Heated Hoodie in size L featuring HEXON HEAT TECHNOLOGY for fast heat and all-day comfort.,Stay warm with the MILWAUKEE M12 Heated Hoodie featuring HEXON HEAT TECHNOLOGY for fast heat and all-day comfort in any condition. This gray cordless tool system heated hoodie is available in size L.,"Stay warm in any condition with the Milwaukee M12 Heated Hoodie. Designed in gray in size L, it features HEXON HEAT TECHNOLOGY for fast heat and all-day comfort.",Stay warm with the MILWAUKEE M12 Heated Hoodie featuring HEXON HEAT TECHNOLOGY for fast heat and all-day comfort in any condition.,Features HEXON HEAT TECHNOLOGY for fast heat,Provides all-day comfort in any condition,Cordless Tool System: M12,Color: Gray,Size: L,,,,,,,,,,,,,,,,,,,,,M12 Heated Hoodie - Gray L,Product Name,M12 Heated Hoodie - Gray L,,Color,Gray,,Size,L,,Cordless Tool System,M12,,Technology,HEXON HEAT TECHNOLOGY,,,,,,,,,,,,,,,,,,,,,,,,,,,,,,,,,,,,,,,,,,,,,,,,,,,,,,,,,,,,,,,,,,,,,,,,,,,,,,,,,,,,,,,,,,,,,,,,,,,,,,,,,,,,,,,,,,,,,,,,,,,,,,,,,,,,,,,,,,,,,,,,,,,,,,,,,,,,,,,,,,,,,,,,,,,,,,,,,,,,,,,
https://www.milwaukeetool.com/products/details/m12-heated-full-zip-hoodie/m200g-21m,,,,,,M200G-21M,,,,M200G-21M,M200G-21M,M200G-21M Milw M12 Gray - Heated Hoodie Kit M,-- Unbranded --,,,Milwaukee Accessory (4031),Milwaukee Tool,Milwaukee,,,,,"Milwaukee M12™ Heated Hoodie in Gray, Size M with HEXON HEAT TECHNOLOGY™.",MILWAUKEE M200G-21 M M12 GRAY HEATED,Milwaukee M12™ Gray Heated Hoodie in size M featuring HEXON HEAT TECHNOLOGY™.,Stay warm with the MILWAUKEE® M12™ Heated Hoodie featuring HEXON HEAT TECHNOLOGY™ for fast heat and all-day comfort in any condition. This gray size M heated hoodie is manufactured by Milwaukee Tool.,"Stay warm in any condition with the Milwaukee M12™ Heated Hoodie. Designed in gray, size M, it features HEXON HEAT TECHNOLOGY™ for fast heat and all-day comfort.",Stay warm with the MILWAUKEE® M12™ Heated Hoodie featuring HEXON HEAT TECHNOLOGY™ for fast heat and all-day comfort in any condition.,HEXON HEAT TECHNOLOGY™ for fast heat,All-day comfort in any condition,Color: Gray,Size: M,,,,,,,,,,,,,,,,,,,,,,M12™ Heated Hoodie - Gray M,Product Name,M12™ Heated Hoodie - Gray M,,Color,Gray,,Size,M,,Brand,Milwaukee,,Technology,HEXON HEAT TECHNOLOGY™,,,,,,,,,,,,,,,,,,,,,,,,,,,,,,,,,,,,,,,,,,,,,,,,,,,,,,,,,,,,,,,,,,,,,,,,,,,,,,,,,,,,,,,,,,,,,,,,,,,,,,,,,,,,,,,,,,,,,,,,,,,,,,,,,,,,,,,,,,,,,,,,,,,,,,,,,,,,,,,,,,,,,,,,,,,,,,,,,,,,,,,
https://www.milwaukeetool.com/products/details/m12-heated-full-zip-hoodie/m200g-21xl,,,,,,M200G-21XL,,,,M200G-21XL,M200G-21XL,M200G-21XL Milw M12 Gray - Heated Hoodie Kit XL,-- Unbranded --,,,Milwaukee Accessory (4031),Milwaukee Tool,Milwaukee,,,,,Gray XL Milwaukee M12 Heated Hoodie Kit with HEXON HEAT TECHNOLOGY.,M200G-21XL - M12 GRAY HEATED HOODIE KIT,Milwaukee M12 Gray Heated Hoodie Kit in XL featuring HEXON HEAT TECHNOLOGY.,Stay warm with the Milwaukee M12 Heated Hoodie featuring HEXON HEAT TECHNOLOGY for fast heat and all-day comfort in any condition. This Gray XL heated hoodie kit operates on the M12 cordless tool system.,"Stay warm in any condition with the Milwaukee M12 Heated Hoodie. Featuring HEXON HEAT TECHNOLOGY, this gray XL hoodie delivers fast heat and all-day comfort.",Stay warm with the MILWAUKEE M12 Heated Hoodie featuring HEXON HEAT TECHNOLOGY for fast heat and all-day comfort in any condition.,HEXON HEAT TECHNOLOGY for fast heat and all-day comfort,M12 cordless tool system,Gray color,Size XL,,,,,,,,,,,,,,,,,,,,,,M12 Heated Hoodie,Color,Gray,,Size,XL,,Product Type,Heated Hoodie,,Technology,HEXON HEAT TECHNOLOGY,,Cordless Tool System,M12,,,,,,,,,,,,,,,,,,,,,,,,,,,,,,,,,,,,,,,,,,,,,,,,,,,,,,,,,,,,,,,,,,,,,,,,,,,,,,,,,,,,,,,,,,,,,,,,,,,,,,,,,,,,,,,,,,,,,,,,,,,,,,,,,,,,,,,,,,,,,,,,,,,,,,,,,,,,,,,,,,,,,,,,,,,,,,,,,,,,,,,
https://www.milwaukeetool.com/products/details/heated-gear-power-source-w-app-control/48-11-2330,,,,,,48-11-2330,,,,48-11-2330,48-11-2330,48-11-2330 Milw Heated Gear Power Source,-- Unbranded --,,,Milwaukee Accessory (4031),Milwaukee Tool,Milwaukee,,,,,Milwaukee 12V Heated Gear Power Source with app control for tailored comfort and,MILW HEATED GEAR POWER SOURCE 12V,MILWAUKEE® Heated Gear Power Source featuring 12V voltage and app control for personalized heat settings.,Control your warmth with the MILWAUKEE® Heated Gear Power Source. This 12V Heated Gear Power Source allows you to personalize heat settings via app for tailored comfort and long run-time.,Control your warmth with the MILWAUKEE® Heated Gear Power Source. Personalize your heat settings via app for tailored comfort and long run-time.,Control your warmth with the MILWAUKEE® Heated Gear Power Source—personalize heat settings via app for tailored comfort and long run-time.,App control for personalized heat settings,12V voltage,,,,,,,,,,,,,,,,,,,,,,,,Heated Gear Power Source,Voltage,12,V,,,,,,,,,,,,,,,,,,,,,,,,,,,,,,,,,,,,,,,,,,,,,,,,,,,,,,,,,,,,,,,,,,,,,,,,,,,,,,,,,,,,,,,,,,,,,,,,,,,,,,,,,,,,,,,,,,,,,,,,,,,,,,,,,,,,,,,,,,,,,,,,,,,,,,,,,,,,,,,,,,,,,,,,,,,,,,,,,,,,,,,,,,,,,,,,,,
,,,,,,DCBP250C,,,,DCBP250C,DCBP250C,DCBP520C Dewalt Starter Kit,-- Unbranded --,,,Black & Decker/dewlt (2585),,,,,,,,,,,,,,,,,,,,,,,,,,,,,,,,,,,,,,,,,,,,,,,,,,,,,,,,,,,,,,,,,,,,,,,,,,,,,,,,,,,,,,,,,,,,,,,,,,,,,,,,,,,,,,,,,,,,,,,,,,,,,,,,,,,,,,,,,,,,,,,,,,,,,,,,,,,,,,,,,,,,,,,,,,,,,,,,,,,,,,,,,,,,,,,,,,,,,,,,,,,,,,,,,,,,,,,,,,,,,,,,,,,,,,,,,,,
,,,,,,5328,,,,5328,5328,5328 Lg. Leather Phone Holster - Clip-on,-- Unbranded --,,,-,,,,,,,,,,,,,,,,,,,,,,,,,,,,,,,,,,,,,,,,,,,,,,,,,,,,,,,,,,,,,,,,,,,,,,,,,,,,,,,,,,,,,,,,,,,,,,,,,,,,,,,,,,,,,,,,,,,,,,,,,,,,,,,,,,,,,,,,,,,,,,,,,,,,,,,,,,,,,,,,,,,,,,,,,,,,,,,,,,,,,,,,,,,,,,,,,,,,,,,,,,,,,,,,,,,,,,,,,,,,,,,,,,,,,,,,,,,
https://www.milwaukeetool.com/products/details/voltage-detector/3200-20,,,,,,3200-20,,,,3200-20,3200-20,3200-20 Milw Voltage Detector,-- Unbranded --,,,Milwaukee Accessory (4031),Milwaukee Tool,Milwaukee,,,,,Milwaukee Tool 3200-20 Voltage Detector detects AC voltage from 50V to 1000V,MILWAUKEE 3200-20 VOLTAGE DETECTOR,Milwaukee Tool 3200-20 Voltage Detector for AC voltage.,The Milwaukee Tool 3200-20 is a durable Voltage Detector featuring visual and audible voltage indicators. It safely detects AC voltage from 50V to 1000V.,Detect AC voltage from 50V to 1000V safely with Milwaukee's durable Voltage Detector featuring visual and audible voltage indicators.,Detect AC voltage from 50V to 1000V safely with Milwaukee's durable Voltage Detector featuring visual and audible voltage indicators reliable Voltage Detector.,Detects AC voltage from 50V to 1000V safely,Durable design,Visual and audible voltage indicators,,,,,,,,,,,,,,,,,,,,,,,3200-20 Milw Voltage Detector,Detected Voltage Type,AC,,,,,,,,,,,,,,,,,,,,,,,,,,,,,,,,,,,,,,,,,,,,,,,,,,,,,,,,,,,,,,,,,,,,,,,,,,,,,,,,,,,,,,,,,,,,,,,,,,,,,,,,,,,,,,,,,,,,,,,,,,,,,,,,,,,,,,,,,,,,,,,,,,,,,,,,,,,,,,,,,,,,,,,,,,,,,,,,,,,,,,,,,,,,,,,,,,,
https://www.milwaukeetool.com/products/details/voltage-detector-w-led/3202-20,,,,,,3202-20,,,,3202-20,3202-20,3202-20 Milw Voltage Detector w/ LED,-- Unbranded --,,,Milwaukee Accessory (4031),Milwaukee Tool,Milwaukee,,,,,Durable Milwaukee Voltage Detector with LED detects AC voltage from 50V to 1000V,MILWAUKEE 3202-20 VOLTAGE DETECTOR W/,Milwaukee Voltage Detector with LED and built-in work light to detect AC voltage from 50V to 1000V.,Detect AC voltage from 50V to 1000V with Milwaukee's durable Voltage Detector w/ LED and built-in work light for enhanced safety. Reliable Voltage Detector w/ LED.,Enhance safety with Milwaukee's durable Voltage Detector w/ LED. This reliable tool features a built-in work light and detects AC voltage from 50V to 1000V.,Detect AC voltage from 50V to 1000V with Milwaukee's durable Voltage Detector w/ LED and built-in work light for enhanced safety. Experience a reliable Voltage Detector w/ LED.,Detects AC voltage from 50V to 1000V,Built-in work light for enhanced safety,Durable design,,,,,,,,,,,,,,,,,,,,,,,Voltage Detector with LED,product type,Voltage Detector with LED,,,,,,,,,,,,,,,,,,,,,,,,,,,,,,,,,,,,,,,,,,,,,,,,,,,,,,,,,,,,,,,,,,,,,,,,,,,,,,,,,,,,,,,,,,,,,,,,,,,,,,,,,,,,,,,,,,,,,,,,,,,,,,,,,,,,,,,,,,,,,,,,,,,,,,,,,,,,,,,,,,,,,,,,,,,,,,,,,,,,,,,,,,,,,,,,,,,
https://www.milwaukeetool.com/products/details/dual-range-voltage-detector-w-led/3203-20,,,,,,3203-20,,,,3203-20,3203-20,3203-20 Milw Dual Range Voltage Detector w/ LED,-- Unbranded --,,,Milwaukee Accessory (4031),Milwaukee Tool,Milwaukee,,,,,Detect voltage from 12-1000V with this Milwaukee Dual Range Non-Contact Voltage,MILWAUKEE 3203-20 DUAL RANGE VOLTAGE,Milwaukee Dual Range Non-Contact Voltage Detector with LED work light.,The Milwaukee 3203-20 is a Dual Range Non-Contact Voltage Detector designed to detect voltage from 12-1000V. It features an integrated LED work light for enhanced safety.,Detect voltage from 12-1000V safely and efficiently with Milwaukee's Dual Range Non-Contact Voltage Detector. This tool features a built-in LED work light for enhanced safety during use.,Detect voltage from 12-1000V with Milwaukee's Dual Range Non-Contact Voltage Detector featuring an LED work light for enhanced safety.,Detects voltage from 12-1000V,Dual Range Non-Contact Voltage Detector,Features an LED work light for enhanced safety,,,,,,,,,,,,,,,,,,,,,,,3203-20 Milw Dual Range Voltage Detector w/ LED,Product Type,Dual Range Non-Contact Voltage Detector,,,,,,,,,,,,,,,,,,,,,,,,,,,,,,,,,,,,,,,,,,,,,,,,,,,,,,,,,,,,,,,,,,,,,,,,,,,,,,,,,,,,,,,,,,,,,,,,,,,,,,,,,,,,,,,,,,,,,,,,,,,,,,,,,,,,,,,,,,,,,,,,,,,,,,,,,,,,,,,,,,,,,,,,,,,,,,,,,,,,,,,,,,,,,,,,,,,
,,,,,,BC-12300,,,,BC-12300,BC-12300,BC-12300 BigCal 12 /300mm,-- Unbranded --,,,Woodpeckers Inc (WOODP),,,,,,,,,,,,,,,,,,,,,,,,,,,,,,,,,,,,,,,,,,,,,,,,,,,,,,,,,,,,,,,,,,,,,,,,,,,,,,,,,,,,,,,,,,,,,,,,,,,,,,,,,,,,,,,,,,,,,,,,,,,,,,,,,,,,,,,,,,,,,,,,,,,,,,,,,,,,,,,,,,,,,,,,,,,,,,,,,,,,,,,,,,,,,,,,,,,,,,,,,,,,,,,,,,,,,,,,,,,,,,,,,,,,,,,,,,,
,,,,,,BC-24600,,,,BC-24600,BC-24600,BC-24600 BigCal 24 /600mm,-- Unbranded --,,,Woodpeckers Inc (WOODP),,,,,,,,,,,,,,,,,,,,,,,,,,,,,,,,,,,,,,,,,,,,,,,,,,,,,,,,,,,,,,,,,,,,,,,,,,,,,,,,,,,,,,,,,,,,,,,,,,,,,,,,,,,,,,,,,,,,,,,,,,,,,,,,,,,,,,,,,,,,,,,,,,,,,,,,,,,,,,,,,,,,,,,,,,,,,,,,,,,,,,,,,,,,,,,,,,,,,,,,,,,,,,,,,,,,,,,,,,,,,,,,,,,,,,,,,,,
,,,,,,DW08302CG,,,,DW08302CG,DW08302CG,DW08302CG Dewalt Laser - Green 3 Spot,-- Unbranded --,,,Black & Decker/dewlt (2585),,,,,,,,,,,,,,,,,,,,,,,,,,,,,,,,,,,,,,,,,,,,,,,,,,,,,,,,,,,,,,,,,,,,,,,,,,,,,,,,,,,,,,,,,,,,,,,,,,,,,,,,,,,,,,,,,,,,,,,,,,,,,,,,,,,,,,,,,,,,,,,,,,,,,,,,,,,,,,,,,,,,,,,,,,,,,,,,,,,,,,,,,,,,,,,,,,,,,,,,,,,,,,,,,,,,,,,,,,,,,,,,,,,,,,,,,,,
,,,,,,GCL165-42GL,,,,GCL165-42GL,GCL165-42GL,GCL165--42GL Cross Line Laser,-- Unbranded --,,,Robt Bosch Tool Corp (6564),,,,,,,,,,,,,,,,,,,,,,,,,,,,,,,,,,,,,,,,,,,,,,,,,,,,,,,,,,,,,,,,,,,,,,,,,,,,,,,,,,,,,,,,,,,,,,,,,,,,,,,,,,,,,,,,,,,,,,,,,,,,,,,,,,,,,,,,,,,,,,,,,,,,,,,,,,,,,,,,,,,,,,,,,,,,,,,,,,,,,,,,,,,,,,,,,,,,,,,,,,,,,,,,,,,,,,,,,,,,,,,,,,,,,,,,,,,
,,,,,,DW08802CG,,,,DW08802CG,DW08802CG,DW08802CG Dewalt Laser Green - Self-Level Cross Line,-- Unbranded --,,,Black & Decker/dewlt (2585),,,,,,,,,,,,,,,,,,,,,,,,,,,,,,,,,,,,,,,,,,,,,,,,,,,,,,,,,,,,,,,,,,,,,,,,,,,,,,,,,,,,,,,,,,,,,,,,,,,,,,,,,,,,,,,,,,,,,,,,,,,,,,,,,,,,,,,,,,,,,,,,,,,,,,,,,,,,,,,,,,,,,,,,,,,,,,,,,,,,,,,,,,,,,,,,,,,,,,,,,,,,,,,,,,,,,,,,,,,,,,,,,,,,,,,,,,,
,,,,,,DW088CG,,,,DW088CG,DW088CG,DW088CG Dewalt Laser - Green Cross Line,-- Unbranded --,,,Black & Decker/dewlt (2585),,,,,,,,,,,,,,,,,,,,,,,,,,,,,,,,,,,,,,,,,,,,,,,,,,,,,,,,,,,,,,,,,,,,,,,,,,,,,,,,,,,,,,,,,,,,,,,,,,,,,,,,,,,,,,,,,,,,,,,,,,,,,,,,,,,,,,,,,,,,,,,,,,,,,,,,,,,,,,,,,,,,,,,,,,,,,,,,,,,,,,,,,,,,,,,,,,,,,,,,,,,,,,,,,,,,,,,,,,,,,,,,,,,,,,,,,,,
,,,,,,DW089CG,,,,DW089CG,DW089CG,DW089CG Dewalt Laser Level - 3 Line 30ft Range,-- Unbranded --,,,Black & Decker/dewlt (2585),,,,,,,,,,,,,,,,,,,,,,,,,,,,,,,,,,,,,,,,,,,,,,,,,,,,,,,,,,,,,,,,,,,,,,,,,,,,,,,,,,,,,,,,,,,,,,,,,,,,,,,,,,,,,,,,,,,,,,,,,,,,,,,,,,,,,,,,,,,,,,,,,,,,,,,,,,,,,,,,,,,,,,,,,,,,,,,,,,,,,,,,,,,,,,,,,,,,,,,,,,,,,,,,,,,,,,,,,,,,,,,,,,,,,,,,,,,
,,,,,,DCLE34520GB,,,,DCLE34520GB,DCLE34520GB,DCLE34520GB Dewalt Laser 20V - Cross Line 5 Spot (Bare),-- Unbranded --,,,Black & Decker/dewlt (2585),,,,,,,,,,,,,,,,,,,,,,,,,,,,,,,,,,,,,,,,,,,,,,,,,,,,,,,,,,,,,,,,,,,,,,,,,,,,,,,,,,,,,,,,,,,,,,,,,,,,,,,,,,,,,,,,,,,,,,,,,,,,,,,,,,,,,,,,,,,,,,,,,,,,,,,,,,,,,,,,,,,,,,,,,,,,,,,,,,,,,,,,,,,,,,,,,,,,,,,,,,,,,,,,,,,,,,,,,,,,,,,,,,,,,,,,,,,
,,,,,,DCLE34031B,,,,DCLE34031B,DCLE34031B,DCLE34031B Dewalt Line Laser - 20V Self-Leveling (Bare),-- Unbranded --,,,Black & Decker/dewlt (2585),,,,,,,,,,,,,,,,,,,,,,,,,,,,,,,,,,,,,,,,,,,,,,,,,,,,,,,,,,,,,,,,,,,,,,,,,,,,,,,,,,,,,,,,,,,,,,,,,,,,,,,,,,,,,,,,,,,,,,,,,,,,,,,,,,,,,,,,,,,,,,,,,,,,,,,,,,,,,,,,,,,,,,,,,,,,,,,,,,,,,,,,,,,,,,,,,,,,,,,,,,,,,,,,,,,,,,,,,,,,,,,,,,,,,,,,,,,
,,,,,,DW0822CG,,,,DW0822CG,DW0822CG,DW0822CG Dewalt Cross Line - Plumb Spots Laser-Green,-- Unbranded --,,,Black & Decker/dewlt (2585),,,,,,,,,,,,,,,,,,,,,,,,,,,,,,,,,,,,,,,,,,,,,,,,,,,,,,,,,,,,,,,,,,,,,,,,,,,,,,,,,,,,,,,,,,,,,,,,,,,,,,,,,,,,,,,,,,,,,,,,,,,,,,,,,,,,,,,,,,,,,,,,,,,,,,,,,,,,,,,,,,,,,,,,,,,,,,,,,,,,,,,,,,,,,,,,,,,,,,,,,,,,,,,,,,,,,,,,,,,,,,,,,,,,,,,,,,,
,,,,,,25459,,,,25459,25459,25459 Mason Line Brd Orange - 500',-- Unbranded --,,,U S Tape Company (6694),,,,,,,,,,,,,,,,,,,,,,,,,,,,,,,,,,,,,,,,,,,,,,,,,,,,,,,,,,,,,,,,,,,,,,,,,,,,,,,,,,,,,,,,,,,,,,,,,,,,,,,,,,,,,,,,,,,,,,,,,,,,,,,,,,,,,,,,,,,,,,,,,,,,,,,,,,,,,,,,,,,,,,,,,,,,,,,,,,,,,,,,,,,,,,,,,,,,,,,,,,,,,,,,,,,,,,,,,,,,,,,,,,,,,,,,,,,
,,,,,,35459,,,,35459,35459,35459 Mason Line Brd Orange - 500' Replacement,-- Unbranded --,,,U S Tape Company (6694),,,,,,,,,,,,,,,,,,,,,,,,,,,,,,,,,,,,,,,,,,,,,,,,,,,,,,,,,,,,,,,,,,,,,,,,,,,,,,,,,,,,,,,,,,,,,,,,,,,,,,,,,,,,,,,,,,,,,,,,,,,,,,,,,,,,,,,,,,,,,,,,,,,,,,,,,,,,,,,,,,,,,,,,,,,,,,,,,,,,,,,,,,,,,,,,,,,,,,,,,,,,,,,,,,,,,,,,,,,,,,,,,,,,,,,,,,,
,,,,,,25759,,,,25759,25759,25759 Mason Line Brd Orange - 1000',-- Unbranded --,,,U S Tape Company (6694),,,,,,,,,,,,,,,,,,,,,,,,,,,,,,,,,,,,,,,,,,,,,,,,,,,,,,,,,,,,,,,,,,,,,,,,,,,,,,,,,,,,,,,,,,,,,,,,,,,,,,,,,,,,,,,,,,,,,,,,,,,,,,,,,,,,,,,,,,,,,,,,,,,,,,,,,,,,,,,,,,,,,,,,,,,,,,,,,,,,,,,,,,,,,,,,,,,,,,,,,,,,,,,,,,,,,,,,,,,,,,,,,,,,,,,,,,,
,,,,,,35112,,,,35112,35112,35112 Mason Line Twist Yellow - 270',-- Unbranded --,,,U S Tape Company (6694),,,,,,,,,,,,,,,,,,,,,,,,,,,,,,,,,,,,,,,,,,,,,,,,,,,,,,,,,,,,,,,,,,,,,,,,,,,,,,,,,,,,,,,,,,,,,,,,,,,,,,,,,,,,,,,,,,,,,,,,,,,,,,,,,,,,,,,,,,,,,,,,,,,,,,,,,,,,,,,,,,,,,,,,,,,,,,,,,,,,,,,,,,,,,,,,,,,,,,,,,,,,,,,,,,,,,,,,,,,,,,,,,,,,,,,,,,,
,,,,,,35115,,,,35115,35115,35115 Mason Line Twist Green - 270',-- Unbranded --,,,U S Tape Company (6694),,,,,,,,,,,,,,,,,,,,,,,,,,,,,,,,,,,,,,,,,,,,,,,,,,,,,,,,,,,,,,,,,,,,,,,,,,,,,,,,,,,,,,,,,,,,,,,,,,,,,,,,,,,,,,,,,,,,,,,,,,,,,,,,,,,,,,,,,,,,,,,,,,,,,,,,,,,,,,,,,,,,,,,,,,,,,,,,,,,,,,,,,,,,,,,,,,,,,,,,,,,,,,,,,,,,,,,,,,,,,,,,,,,,,,,,,,,
,,,,,,25168,,,,25168,25168,25168 Mason Line Brd Green - 250',CENTURY COMPONENTS,,,U S Tape Company (6694),,,,,,,,,,,,,,,,,,,,,,,,,,,,,,,,,,,,,,,,,,,,,,,,,,,,,,,,,,,,,,,,,,,,,,,,,,,,,,,,,,,,,,,,,,,,,,,,,,,,,,,,,,,,,,,,,,,,,,,,,,,,,,,,,,,,,,,,,,,,,,,,,,,,,,,,,,,,,,,,,,,,,,,,,,,,,,,,,,,,,,,,,,,,,,,,,,,,,,,,,,,,,,,,,,,,,,,,,,,,,,,,,,,,,,,,,,,
,,,,,,35468,,,,35468,35468,35468 Mason Line Brd Green - 500' Replacement,-- Unbranded --,,,U S Tape Company (6694),,,,,,,,,,,,,,,,,,,,,,,,,,,,,,,,,,,,,,,,,,,,,,,,,,,,,,,,,,,,,,,,,,,,,,,,,,,,,,,,,,,,,,,,,,,,,,,,,,,,,,,,,,,,,,,,,,,,,,,,,,,,,,,,,,,,,,,,,,,,,,,,,,,,,,,,,,,,,,,,,,,,,,,,,,,,,,,,,,,,,,,,,,,,,,,,,,,,,,,,,,,,,,,,,,,,,,,,,,,,,,,,,,,,,,,,,,,
,,,,,,35494,,,,35494,35494,35494 Mason Line Brd Blk/Yellw - 500' Replacement,-- Unbranded --,,,U S Tape Company (6694),,,,,,,,,,,,,,,,,,,,,,,,,,,,,,,,,,,,,,,,,,,,,,,,,,,,,,,,,,,,,,,,,,,,,,,,,,,,,,,,,,,,,,,,,,,,,,,,,,,,,,,,,,,,,,,,,,,,,,,,,,,,,,,,,,,,,,,,,,,,,,,,,,,,,,,,,,,,,,,,,,,,,,,,,,,,,,,,,,,,,,,,,,,,,,,,,,,,,,,,,,,,,,,,,,,,,,,,,,,,,,,,,,,,,,,,,,,
https://www.milwaukeetool.com/products/details/12-rafter-square/mlsq0120,,,,,,MLSQ0120,,,,MLSQ0120,MLSQ0120,MLSQ0120 Milw 12  RafterSquare,-- Unbranded --,,,Milwaukee Accessory (4031),Milwaukee Tool,Milwaukee,,,,,"Milwaukee 12 IN. Rafter Square with durable frame, wider heel for grip, 1/8 IN.",MILWAUKEE MLSQ0120 12 IN. RAFTER SQUARE,"Milwaukee 12-inch Rafter Square featuring a durable frame, wider heel, 1/8 in scribe notches, and high-visibility etched markings.","The Milwaukee 12"" Rafter Square offers a durable frame, a wider heel for better material grip, 1/8"" scribe notches, and high-visibility etched markings.","Get the Milwaukee 12"" Rafter Square for your measuring needs. This tool is built with a durable frame, a wider heel for better material grip, 1/8"" scribe notches, and high-visibility etched markings.","Designed for performance, the Milwaukee 12"" Rafter Square features a durable frame and a wider heel for better material grip. It also includes 1/8"" scribe notches and high-visibility etched markings.",Durable frame,Wider heel for better material grip,1/8 in scribe notches,High-visibility etched markings,,,,,,,,,,,,,,,,,,,,,,Rafter Square,Product Type,Rafter Square,,Size,12,in,Frame,durable frame,,Heel,wider heel for better material grip,,Scribe notches,1/8,in,Markings,high-visibility etched markings,,,,,,,,,,,,,,,,,,,,,,,,,,,,,,,,,,,,,,,,,,,,,,,,,,,,,,,,,,,,,,,,,,,,,,,,,,,,,,,,,,,,,,,,,,,,,,,,,,,,,,,,,,,,,,,,,,,,,,,,,,,,,,,,,,,,,,,,,,,,,,,,,,,,,,,,,,,,,,,,,,,,,,,,,,,,,,,,,,,,
https://www.milwaukeetool.com/products/details/300mm-rafter-square/mlsq1120,,,,,,MLSQ1120,,,,MLSQ1120,MLSQ1120,MLSQ1120 Milw 300mm Rafter - Square (Metric),-- Unbranded --,,,Milwaukee Accessory (4031),Milwaukee Tool,Milwaukee,,,,,"Milwaukee 300 MM Rafter Square features 3 MM scribe notches, a durable frame,",MILW MLSQ1120 300 MM RAFTER SQUARE,"Milwaukee 300mm Rafter Square with a durable frame, wider heel, 3mm scribe notches, and high-visibility etched markings.","The Milwaukee 300mm Rafter Square offers a durable frame, wider heel for better material grip, 3mm scribe notches, and high-visibility etched markings.","Get the Milwaukee 300mm Rafter Square, designed with a durable frame, wider heel for better material grip, 3mm scribe notches, and high-visibility etched markings.","The MILWAUKEE® 300mm Rafter Square offers a durable frame, wider heel for better material grip, 3mm scribe notches, and high-visibility etched markings.",Durable frame,Wider heel for better material grip,3mm scribe notches,High-visibility etched markings,,,,,,,,,,,,,,,,,,,,,,300mm Rafter - Square (Metric),Brand,Milwaukee,,Scribe Notches,3,mm,,,,,,,,,,,,,,,,,,,,,,,,,,,,,,,,,,,,,,,,,,,,,,,,,,,,,,,,,,,,,,,,,,,,,,,,,,,,,,,,,,,,,,,,,,,,,,,,,,,,,,,,,,,,,,,,,,,,,,,,,,,,,,,,,,,,,,,,,,,,,,,,,,,,,,,,,,,,,,,,,,,,,,,,,,,,,,,,,,,,,,,,,,,,,,,
,,,,,,55227,,,,55227,55227,55227 Amana Countersink/Stop 1/8  Drill TB,-- Unbranded --,,,Amana Tool Corp (AMATO),,,,,,,,,,,,,,,,,,,,,,,,,,,,,,,,,,,,,,,,,,,,,,,,,,,,,,,,,,,,,,,,,,,,,,,,,,,,,,,,,,,,,,,,,,,,,,,,,,,,,,,,,,,,,,,,,,,,,,,,,,,,,,,,,,,,,,,,,,,,,,,,,,,,,,,,,,,,,,,,,,,,,,,,,,,,,,,,,,,,,,,,,,,,,,,,,,,,,,,,,,,,,,,,,,,,,,,,,,,,,,,,,,,,,,,,,,,
,,,,,,37300952,,,,37300952,37300952,095842 Fisch Plug Cutter 3/8 ,-- Unbranded --,,,-,,,,,,,,,,,,,,,,,,,,,,,,,,,,,,,,,,,,,,,,,,,,,,,,,,,,,,,,,,,,,,,,,,,,,,,,,,,,,,,,,,,,,,,,,,,,,,,,,,,,,,,,,,,,,,,,,,,,,,,,,,,,,,,,,,,,,,,,,,,,,,,,,,,,,,,,,,,,,,,,,,,,,,,,,,,,,,,,,,,,,,,,,,,,,,,,,,,,,,,,,,,,,,,,,,,,,,,,,,,,,,,,,,,,,,,,,,,
,,,,,,6008,,,,6008,6008,6008 Whiteside Router Bit,-- Unbranded --,,,Whiteside Machine & Repair Co (WHIMA),,,,,,,,,,,,,,,,,,,,,,,,,,,,,,,,,,,,,,,,,,,,,,,,,,,,,,,,,,,,,,,,,,,,,,,,,,,,,,,,,,,,,,,,,,,,,,,,,,,,,,,,,,,,,,,,,,,,,,,,,,,,,,,,,,,,,,,,,,,,,,,,,,,,,,,,,,,,,,,,,,,,,,,,,,,,,,,,,,,,,,,,,,,,,,,,,,,,,,,,,,,,,,,,,,,,,,,,,,,,,,,,,,,,,,,,,,,
,,,,,,6009,,,,6009,6009,6009 Whiteside Router Bit,-- Unbranded --,,,Whiteside Machine & Repair Co (WHIMA),,,,,,,,,,,,,,,,,,,,,,,,,,,,,,,,,,,,,,,,,,,,,,,,,,,,,,,,,,,,,,,,,,,,,,,,,,,,,,,,,,,,,,,,,,,,,,,,,,,,,,,,,,,,,,,,,,,,,,,,,,,,,,,,,,,,,,,,,,,,,,,,,,,,,,,,,,,,,,,,,,,,,,,,,,,,,,,,,,,,,,,,,,,,,,,,,,,,,,,,,,,,,,,,,,,,,,,,,,,,,,,,,,,,,,,,,,,
,,,,,,3000A,,,,3000A,3000A,3000A Whiteside Router Bit,-- Unbranded --,,,Whiteside Machine & Repair Co (WHIMA),,,,,,,,,,,,,,,,,,,,,,,,,,,,,,,,,,,,,,,,,,,,,,,,,,,,,,,,,,,,,,,,,,,,,,,,,,,,,,,,,,,,,,,,,,,,,,,,,,,,,,,,,,,,,,,,,,,,,,,,,,,,,,,,,,,,,,,,,,,,,,,,,,,,,,,,,,,,,,,,,,,,,,,,,,,,,,,,,,,,,,,,,,,,,,,,,,,,,,,,,,,,,,,,,,,,,,,,,,,,,,,,,,,,,,,,,,,
,,,,,,MID6630201US,,,,MID6630201US,MID6630201US,MID6630201US Deos663XCV Sander,-- Unbranded --,,,Mirka Abrasives Inc (MIRUS),,,,,,,,,,,,,,,,,,,,,,,,,,,,,,,,,,,,,,,,,,,,,,,,,,,,,,,,,,,,,,,,,,,,,,,,,,,,,,,,,,,,,,,,,,,,,,,,,,,,,,,,,,,,,,,,,,,,,,,,,,,,,,,,,,,,,,,,,,,,,,,,,,,,,,,,,,,,,,,,,,,,,,,,,,,,,,,,,,,,,,,,,,,,,,,,,,,,,,,,,,,,,,,,,,,,,,,,,,,,,,,,,,,,,,,,,,,
,,,,,,DCF6202,,,,DCF6202,DCF6202,DCF6202 Dewalt Collated Attach,-- Unbranded --,,,Black & Decker/dewlt (2585),,,,,,,,,,,,,,,,,,,,,,,,,,,,,,,,,,,,,,,,,,,,,,,,,,,,,,,,,,,,,,,,,,,,,,,,,,,,,,,,,,,,,,,,,,,,,,,,,,,,,,,,,,,,,,,,,,,,,,,,,,,,,,,,,,,,,,,,,,,,,,,,,,,,,,,,,,,,,,,,,,,,,,,,,,,,,,,,,,,,,,,,,,,,,,,,,,,,,,,,,,,,,,,,,,,,,,,,,,,,,,,,,,,,,,,,,,,
,,,,,,25468,,,,25468,25468,25468 Mason Line Brd Green - 500',-- Unbranded --,,,U S Tape Company (6694),,,,,,,,,,,,,,,,,,,,,,,,,,,,,,,,,,,,,,,,,,,,,,,,,,,,,,,,,,,,,,,,,,,,,,,,,,,,,,,,,,,,,,,,,,,,,,,,,,,,,,,,,,,,,,,,,,,,,,,,,,,,,,,,,,,,,,,,,,,,,,,,,,,,,,,,,,,,,,,,,,,,,,,,,,,,,,,,,,,,,,,,,,,,,,,,,,,,,,,,,,,,,,,,,,,,,,,,,,,,,,,,,,,,,,,,,,,
,,,,,,25762,,,,25762,25762,25762 Mason Line Brd Pink - 1000',-- Unbranded --,,,U S Tape Company (6694),,,,,,,,,,,,,,,,,,,,,,,,,,,,,,,,,,,,,,,,,,,,,,,,,,,,,,,,,,,,,,,,,,,,,,,,,,,,,,,,,,,,,,,,,,,,,,,,,,,,,,,,,,,,,,,,,,,,,,,,,,,,,,,,,,,,,,,,,,,,,,,,,,,,,,,,,,,,,,,,,,,,,,,,,,,,,,,,,,,,,,,,,,,,,,,,,,,,,,,,,,,,,,,,,,,,,,,,,,,,,,,,,,,,,,,,,,,
,,,,,,21839NN,,,,21839NN,21839NN,21839NN File Bstd Mill 10 ,-- Unbranded --,,,-,,,,,,,,,,,,,,,,,,,,,,,,,,,,,,,,,,,,,,,,,,,,,,,,,,,,,,,,,,,,,,,,,,,,,,,,,,,,,,,,,,,,,,,,,,,,,,,,,,,,,,,,,,,,,,,,,,,,,,,,,,,,,,,,,,,,,,,,,,,,,,,,,,,,,,,,,,,,,,,,,,,,,,,,,,,,,,,,,,,,,,,,,,,,,,,,,,,,,,,,,,,,,,,,,,,,,,,,,,,,,,,,,,,,,,,,,,,
,,,,,,VN56920,,,,VN56920,VN56920,VN56920 10 1/2  Saw Blade,-- Unbranded --,,,Marshalltown Trowel (5155),,,,,,,,,,,,,,,,,,,,,,,,,,,,,,,,,,,,,,,,,,,,,,,,,,,,,,,,,,,,,,,,,,,,,,,,,,,,,,,,,,,,,,,,,,,,,,,,,,,,,,,,,,,,,,,,,,,,,,,,,,,,,,,,,,,,,,,,,,,,,,,,,,,,,,,,,,,,,,,,,,,,,,,,,,,,,,,,,,,,,,,,,,,,,,,,,,,,,,,,,,,,,,,,,,,,,,,,,,,,,,,,,,,,,,,,,,,
,,,,,,133164,,,,133164,133164,133164 950/9 Hex Plus Spks - Multicolor,-- Unbranded --,,,Wera Tools NA Inc (WERTO),,,,,,,,,,,,,,,,,,,,,,,,,,,,,,,,,,,,,,,,,,,,,,,,,,,,,,,,,,,,,,,,,,,,,,,,,,,,,,,,,,,,,,,,,,,,,,,,,,,,,,,,,,,,,,,,,,,,,,,,,,,,,,,,,,,,,,,,,,,,,,,,,,,,,,,,,,,,,,,,,,,,,,,,,,,,,,,,,,,,,,,,,,,,,,,,,,,,,,,,,,,,,,,,,,,,,,,,,,,,,,,,,,,,,,,,,,,
,,,,,,DWHT10993,,,,DWHT10993,DWHT10993,DWHT10993 Folding Knife,-- Unbranded --,,,Black & Decker/dewlt (2585),,,,,,,,,,,,,,,,,,,,,,,,,,,,,,,,,,,,,,,,,,,,,,,,,,,,,,,,,,,,,,,,,,,,,,,,,,,,,,,,,,,,,,,,,,,,,,,,,,,,,,,,,,,,,,,,,,,,,,,,,,,,,,,,,,,,,,,,,,,,,,,,,,,,,,,,,,,,,,,,,,,,,,,,,,,,,,,,,,,,,,,,,,,,,,,,,,,,,,,,,,,,,,,,,,,,,,,,,,,,,,,,,,,,,,,,,,,
,,,,,,DWHT10994,,,,DWHT10994,DWHT10994,DWHT10994 Folding Knife,-- Unbranded --,,,Black & Decker/dewlt (2585),,,,,,,,,,,,,,,,,,,,,,,,,,,,,,,,,,,,,,,,,,,,,,,,,,,,,,,,,,,,,,,,,,,,,,,,,,,,,,,,,,,,,,,,,,,,,,,,,,,,,,,,,,,,,,,,,,,,,,,,,,,,,,,,,,,,,,,,,,,,,,,,,,,,,,,,,,,,,,,,,,,,,,,,,,,,,,,,,,,,,,,,,,,,,,,,,,,,,,,,,,,,,,,,,,,,,,,,,,,,,,,,,,,,,,,,,,,
,,,,,,QB22RU,,,,QB22RU,QB22RU,QB22RU Vessel Carrying Bit Holder (Red),-- Unbranded --,,,Vessel Tools USA Inc (VESTO),,,,,,,,,,,,,,,,,,,,,,,,,,,,,,,,,,,,,,,,,,,,,,,,,,,,,,,,,,,,,,,,,,,,,,,,,,,,,,,,,,,,,,,,,,,,,,,,,,,,,,,,,,,,,,,,,,,,,,,,,,,,,,,,,,,,,,,,,,,,,,,,,,,,,,,,,,,,,,,,,,,,,,,,,,,,,,,,,,,,,,,,,,,,,,,,,,,,,,,,,,,,,,,,,,,,,,,,,,,,,,,,,,,,,,,,,,,
,,,,,,QB22KU,,,,QB22KU,QB22KU,QB22KU Vessel Carrying Bit Holder (Black),-- Unbranded --,,,Vessel Tools USA Inc (VESTO),,,,,,,,,,,,,,,,,,,,,,,,,,,,,,,,,,,,,,,,,,,,,,,,,,,,,,,,,,,,,,,,,,,,,,,,,,,,,,,,,,,,,,,,,,,,,,,,,,,,,,,,,,,,,,,,,,,,,,,,,,,,,,,,,,,,,,,,,,,,,,,,,,,,,,,,,,,,,,,,,,,,,,,,,,,,,,,,,,,,,,,,,,,,,,,,,,,,,,,,,,,,,,,,,,,,,,,,,,,,,,,,,,,,,,,,,,,
,https://www.malcotools.com/product/offset-cut-avs-mini-snip-left-cut-avm6-ev/,,,,,AVM6EV,,,,AVM6EV,AVM6EV,AVM6 EV Mini Snip Red,-- Unbranded --,,,Malco Prod (2370),Malco Products,Malco,,,,,"Malco Products AVM6EV AVs Mini Snip Red features a left cut direction, offset",MALCO AVM6EV AVS MINI SNIP RED,Malco Products AVM6EV AVs Mini Snip with a left cutting offset design for 24-gauge cold rolled steel and 5-inch diameter circle cutting capacity.,"The Malco Products model AVM6EV AVs Mini Snip features a left cutting offset design that provides superior material flow in 24-gauge cold rolled steel for making sharp square cuts, tight 5-inch diameter circles, and straight-line cuts, even on curved surfaces.",Get precision cuts with the Malco Products AVM6EV AVs Mini Snip Red. This tool offers a left cutting offset design built for 24-gauge cold rolled steel and a 5-inch diameter circle cutting capacity.,"The AVsMini AVM6EV left cutting offset design provides superior material flow in 24-gauge cold rolled steel for making sharp square cuts, tight 5-inch diameter circles and straight-line cuts, even on curved surfaces.",Circle Cutting Capacity Diameter: 5 in,Cut Direction: Left,Cut Type: Offset,Maximum Capacity - Cold Rolled Steel: 24 gauge,Model: AVM6EV,Product Line: AVs Mini Snip,,,,,,,,,,,,,,,,,,"Making sharp square cuts, tight 5-inch diameter circles and straight-line cuts, even on curved surfaces in 24-gauge cold rolled steel.",,AVM6 EV Mini Snip Red,Cut Type,Offset,,Product Line,AVs Mini Snip,,Cut Direction,Left,,Model,AVM6EV,,Maximum Capacity - Cold Rolled Steel,24,gauge,Circle Cutting Capacity Diameter,5,in,,,,,,,,,,,,,,,,,,,,,,,,,,,,,,,,,,,,,,,,,,,,,,,,,,,,,,,,,,,,,,,,,,,,,,,,,,,,,,,,,,,,,,,,,,,,,,,,,,,,,,,,,,,,,,,,,,,,,,,,,,,,,,,,,,,,,,,,,,,,,,,,,,,,,,,,,,,,,,,,,,,,,,,,,,,,,,,,,,,
,https://www.malcotools.com/product/offset-cut-avs-mini-snip-left-cut-avm6-ev/,,,,,AVM6EV,,,,AVM6EV,AVM6EV,AVM7 EV Mini Snip Green,-- Unbranded --,,,Malco Prod (2370),Malco Products,Malco,,,,,Malco Products AVM6EV left cutting Offset Cut AVs® Mini Snip for 24-gauge cold,AVM6EV OFFSET CUT AVS MINI SNIP,Left cutting offset design Offset Cut AVs® Mini Snip for 24-gauge cold rolled and galvanized steel.,"The Malco Products AVM6EV Offset Cut AVs® Mini Snip features a left cutting offset design that provides superior material flow in 24-gauge (0.61 mm) cold rolled and (0.71 mm) galvanized steel. It is designed for making sharp square cuts, tight 5-inch (125 mm) diameter circles, and straight-line cuts, even on curved surfaces.","Get superior material flow in 24-gauge cold rolled and galvanized steel with the Malco Products AVM6EV Offset Cut AVs® Mini Snip. This left cutting offset design makes sharp square cuts, tight 5-inch (125 mm) diameter circles, and straight-line cuts, even on curved surfaces.","The Malco Products AVM6EV Offset Cut AVs® Mini Snip utilizes a left cutting offset design to deliver superior material flow in 24-gauge (0.61 mm) cold rolled and (0.71 mm) galvanized steel. Perfect for making sharp square cuts, tight 5-inch (125 mm) diameter circles, and straight-line cuts, even on curved surfaces.",Left cutting offset design,Provides superior material flow in 24-gauge (0.61 mm) cold rolled and (0.71 mm) galvanized steel,Makes sharp square cuts,Makes tight 5-inch (125 mm) diameter circles,"Makes straight-line cuts, even on curved surfaces",,,,,,,,,,,,,,,,,,,"Making sharp square cuts, tight 5-inch (125 mm) diameter circles and straight-line cuts, even on curved surfaces, in 24-gauge (0.61 mm) cold rolled and (0.71 mm) galvanized steel",,Offset Cut AVs® Mini Snip,product type,Offset Cut AVs® Mini Snip,,cutting direction,Left Cut,,model number,AVM6EV,,,,,,,,,,,,,,,,,,,,,,,,,,,,,,,,,,,,,,,,,,,,,,,,,,,,,,,,,,,,,,,,,,,,,,,,,,,,,,,,,,,,,,,,,,,,,,,,,,,,,,,,,,,,,,,,,,,,,,,,,,,,,,,,,,,,,,,,,,,,,,,,,,,,,,,,,,,,,,,,,,,,,,,,,,,,,,,,,,,,,,,,,,,,,
,,,,,,DSA0250B,,,,DSA0250B,DSA0250B,DSA0250B 1/4  Square x1/4  Hex - Socket Adapter,-- Unbranded --,,,Freud Inc (2435),Freud,Freud,,,,,,,,,,,,,,,,,,,,,,,,,,,,,,,,,,,,,,,,,,,,,,,,,,,,,,,,,,,,,,,,,,,,,,,,,,,,,,,,,,,,,,,,,,,,,,,,,,,,,,,,,,,,,,,,,,,,,,,,,,,,,,,,,,,,,,,,,,,,,,,,,,,,,,,,,,,,,,,,,,,,,,,,,,,,,,,,,,,,,,,,,,,,,,,,,,,,,,,,,,,,,,,,,,,,,,,,,,,,,,,,,,,,,,,,,
,,,,,,DSA0375B,,,,DSA0375B,DSA0375B,DSA0375B 3/8  Square x1/4  Hex - Socket Adapter,-- Unbranded --,,,Freud Inc (2435),Freud,Freud,,,,,,,,,,,,,,,,,,,,,,,,,,,,,,,,,,,,,,,,,,,,,,,,,,,,,,,,,,,,,,,,,,,,,,,,,,,,,,,,,,,,,,,,,,,,,,,,,,,,,,,,,,,,,,,,,,,,,,,,,,,,,,,,,,,,,,,,,,,,,,,,,,,,,,,,,,,,,,,,,,,,,,,,,,,,,,,,,,,,,,,,,,,,,,,,,,,,,,,,,,,,,,,,,,,,,,,,,,,,,,,,,,,,,,,,,
,,,,,,DSA0500B,,,,DSA0500B,DSA0500B,DSA0500B 1/2  Square x1/4  Hex - Socket Adapter,-- Unbranded --,,,Freud Inc (2435),Freud,Freud,,,,,,,,,,,,,,,,,,,,,,,,,,,,,,,,,,,,,,,,,,,,,,,,,,,,,,,,,,,,,,,,,,,,,,,,,,,,,,,,,,,,,,,,,,,,,,,,,,,,,,,,,,,,,,,,,,,,,,,,,,,,,,,,,,,,,,,,,,,,,,,,,,,,,,,,,,,,,,,,,,,,,,,,,,,,,,,,,,,,,,,,,,,,,,,,,,,,,,,,,,,,,,,,,,,,,,,,,,,,,,,,,,,,,,,,,
https://www.milwaukeetool.com/products/details/3-8-drive-universal-joint/42-04-9107,,,,,,42-04-9107,,,,42-04-9107,42-04-9107,42-04-9107 Milw 3/8  Drive Universal Joint,-- Unbranded --,,,Milwaukee Accessory (4031),Milwaukee Tool,Milwaukee,,,,,Milwaukee 3/8 IN. Drive Universal Joint with rust-resistant chrome plating and,MILW 42-04-9107 3/8 IN. DRIVE UNIVERSAL,Milwaukee 3/8 in Drive Universal Joint featuring 11 degrees of movement and a lifetime guarantee.,The Milwaukee 3/8 in Drive Universal Joint offers 11 degrees of movement for fixed or wobble use. It features a rust-resistant chrome plating and is backed by a lifetime guarantee.,"Get versatility and durability with the Milwaukee 3/8 in Drive Universal Joint. This universal joint provides 11 degrees of movement and allows for fixed or wobble use. Built with rust-resistant chrome plating, it is protected by a lifetime guarantee.","The MILWAUKEE® 3/8"" Drive Universal Joint offers 11 degrees of movement, fixed or wobble use, rust-resistant chrome plating, and a lifetime guarantee.",3/8 in drive size,11 degrees of movement,Fixed or wobble use,Rust-resistant chrome plating,Lifetime guarantee,,,,,,,,,,,,,,,,,,,fixed or wobble use,,"3/8"" Drive Universal Joint",Drive Size,3/8,in,Product Type,Universal Joint,,Movement,11,degrees,Usage,fixed or wobble,,Finish,chrome plating,,Warranty,lifetime,,,,,,,,,,,,,,,,,,,,,,,,,,,,,,,,,,,,,,,,,,,,,,,,,,,,,,,,,,,,,,,,,,,,,,,,,,,,,,,,,,,,,,,,,,,,,,,,,,,,,,,,,,,,,,,,,,,,,,,,,,,,,,,,,,,,,,,,,,,,,,,,,,,,,,,,,,,,,,,,,,,,,,,,,,,,,,,,,,,,
https://www.milwaukeetool.com/products/details/242pc-1-4-3-8-1-2-drive-metric-sae-ratchet-socket-set-with-packout-4-drawer-tool-box/48-22-9491,,,,,,48-22-9491,,,,48-22-9491,48-22-9491,48-22-9491 Milw 242pc Ratchet & Socket Set 4-Drawer Tool Box,-- Unbranded --,,,Milwaukee Accessory (4031),Milwaukee Tool,Milwaukee,,,,,"242pc Ratchet & Socket Set featuring 90-tooth ratchets, 6-point sockets, FOUR",MILW 48-22-9491 242PC RATCHET SOCKET SET,"242pc 1/4"", 3/8"", & 1/2"" Drive Metric & SAE Ratchet & Socket Set with 90-tooth ratchets and PACKOUT™ storage.","The Milwaukee Tool 48-22-9491 is a 242-piece 1/4"", 3/8"", and 1/2"" drive metric and SAE ratchet and socket set. This set includes 90-tooth ratchets designed for tight spaces, 6-point sockets featuring FOUR FLAT™ Sides, impact-duty sockets, and PACKOUT™ storage.","Get the Milwaukee Tool 242pc 1/4"", 3/8"", & 1/2"" Drive Metric & SAE Ratchet & Socket Set. It features 90-tooth ratchets for tight spaces, 6-point sockets with FOUR FLAT™ Sides, impact-duty sockets, and PACKOUT™ storage.","Featuring 90-tooth ratchets for tight spaces, the Milwaukee Tool 48-22-9491 242pc ratchet & socket set includes 6-point sockets with FOUR FLAT™ Sides, impact-duty sockets, and PACKOUT™ storage.","242pc. 1/4”, 3/8”, & 1/2” Drive Metric & SAE Ratchet & Socket Set",90-tooth ratchets for tight spaces,6-point sockets with FOUR FLAT™ Sides,Impact-duty sockets,PACKOUT™ storage,,,,,,,,,,,,,,,,PACKOUT™ storage,,,,"242pc. 1/4”, 3/8”, & 1/2” Drive Metric & SAE Ratchet & Socket Set, 6-point sockets, FOUR FLAT™ Sides, 90-tooth ratchets, impact-duty sockets, PACKOUT™ storage",242pc Ratchet & Socket Set 4-Drawer Tool Box,ratchet tooth count,90,tooth,,,,,,,,,,,,,,,,,,,,,,,,,,,,,,,,,,,,,,,,,,,,,,,,,,,,,,,,,,,,,,,,,,,,,,,,,,,,,,,,,,,,,,,,,,,,,,,,,,,,,,,,,,,,,,,,,,,,,,,,,,,,,,,,,,,,,,,,,,,,,,,,,,,,,,,,,,,,,,,,,,,,,,,,,,,,,,,,,,,,,,,,,,,,,,,,,,
,,,,,,DWMT45422,,,,DWMT45422,DWMT45422,DWMT45422 Dewalt 1/4  Drive - 50pc Mechanics Set,-- Unbranded --,,,Black & Decker/dewlt (2585),,,,,,,,,,,,,,,,,,,,,,,,,,,,,,,,,,,,,,,,,,,,,,,,,,,,,,,,,,,,,,,,,,,,,,,,,,,,,,,,,,,,,,,,,,,,,,,,,,,,,,,,,,,,,,,,,,,,,,,,,,,,,,,,,,,,,,,,,,,,,,,,,,,,,,,,,,,,,,,,,,,,,,,,,,,,,,,,,,,,,,,,,,,,,,,,,,,,,,,,,,,,,,,,,,,,,,,,,,,,,,,,,,,,,,,,,,,
,,,,,,DWMT45424,,,,DWMT45424,DWMT45424,DWMT45424 Dewalt 3/8  Drive - 84pc Mechanics Set,-- Unbranded --,,,Black & Decker/dewlt (2585),,,,,,,,,,,,,,,,,,,,,,,,,,,,,,,,,,,,,,,,,,,,,,,,,,,,,,,,,,,,,,,,,,,,,,,,,,,,,,,,,,,,,,,,,,,,,,,,,,,,,,,,,,,,,,,,,,,,,,,,,,,,,,,,,,,,,,,,,,,,,,,,,,,,,,,,,,,,,,,,,,,,,,,,,,,,,,,,,,,,,,,,,,,,,,,,,,,,,,,,,,,,,,,,,,,,,,,,,,,,,,,,,,,,,,,,,,,
https://www.milwaukeetool.com/products/details/15pc-metric-combination-wrench-set-with-packout-compact-organizer/48-22-9483,,,,,,48-22-9483,,,,48-22-9483,48-22-9483,48-22-9483 Milw Packout 15pc - Metric Wrench Set,-- Unbranded --,,,Milwaukee Accessory (4031),Milwaukee Tool,Milwaukee,,,,,Milwaukee 15pc metric combination wrench set in a PACKOUT case.,MILW 48-22-9483 15PC METRIC COMBINATION,Milwaukee 15-piece metric combination wrench set designed for high torque applications.,,,,Designed for high torque applications,Includes 15 pieces,Metric measurement system,Organized in a durable PACKOUT case,,,,,,,,,,,,,,,,,,,,High torque applications,,15pc Metric Combination Wrench Set,Number of pieces,15,pc,Measurement system,Metric,,Product type,Combination Wrench Set,,Brand,Milwaukee,,,,,,,,,,,,,,,,,,,,,,,,,,,,,,,,,,,,,,,,,,,,,,,,,,,,,,,,,,,,,,,,,,,,,,,,,,,,,,,,,,,,,,,,,,,,,,,,,,,,,,,,,,,,,,,,,,,,,,,,,,,,,,,,,,,,,,,,,,,,,,,,,,,,,,,,,,,,,,,,,,,,,,,,,,,,,,,,,,,,,,,,,,
https://www.milwaukeetool.com/products/details/15pc-sae-combination-wrench-set-with-packout-compact-organizer/48-22-9484,,,,,,48-22-9484,,,,48-22-9484,48-22-9484,48-22-9484 Milw Packout 15pc - SAE Wrench Set,-- Unbranded --,,,Milwaukee Accessory (4031),Milwaukee Tool,Milwaukee,,,,,,MILW 48-22-9484 15PC SAE WRENCH SET,"15-piece SAE combination wrench set designed for high torque applications, organized in a durable PACKOUT case.",,,,Designed for high torque applications,Organized in a durable PACKOUT case,,,,,,,,,,,,,,,,,,,PACKOUT Compact Organizer,,,High torque applications,"15-piece SAE combination wrench set, PACKOUT Compact Organizer",15pc - SAE Wrench Set,Piece Count,15,pieces,Measurement System,SAE,,Product Type,Combination Wrench Set with PACKOUT Compact Organizer,,,,,,,,,,,,,,,,,,,,,,,,,,,,,,,,,,,,,,,,,,,,,,,,,,,,,,,,,,,,,,,,,,,,,,,,,,,,,,,,,,,,,,,,,,,,,,,,,,,,,,,,,,,,,,,,,,,,,,,,,,,,,,,,,,,,,,,,,,,,,,,,,,,,,,,,,,,,,,,,,,,,,,,,,,,,,,,,,,,,,,,,,,,,,
https://www.milwaukeetool.com/products/details/30pc-metric-sae-combination-wrench-set-with-packout-organizer/48-22-9485,,,,,,48-22-9485,,,,48-22-9485,48-22-9485,48-22-9485 Milw Packout 30pc - Metric & SAE Wrench Set,-- Unbranded --,,,Milwaukee Accessory (4031),Milwaukee Tool,Milwaukee,,,,,,MILWAUKEE 48-22-9485 PACKOUT 30PC METRIC,Milwaukee 30-piece Metric & SAE Combination Wrench Set with PACKOUT Organizer designed for high torque applications.,,,,30-piece metric and SAE combination wrench set,Designed for high torque applications,Organized in a durable PACKOUT case,,,,,,,,,,,,,,,,,,,,,High torque applications,,PACKOUT 30pc - Metric & SAE Wrench Set,Number of Pieces,30,pc,Wrench Type,Metric & SAE Combination Wrench Set,,Storage Type,PACKOUT™ Organizer,,,,,,,,,,,,,,,,,,,,,,,,,,,,,,,,,,,,,,,,,,,,,,,,,,,,,,,,,,,,,,,,,,,,,,,,,,,,,,,,,,,,,,,,,,,,,,,,,,,,,,,,,,,,,,,,,,,,,,,,,,,,,,,,,,,,,,,,,,,,,,,,,,,,,,,,,,,,,,,,,,,,,,,,,,,,,,,,,,,,,,,,,,,,,
https://www.milwaukeetool.com/products/details/m18-brushless-telescoping-pole-pruning-shears-cutting-blade/48-44-2770,,,,,,48-44-2770,,,,48-44-2770,48-44-2770,48-44-2770 Milw Pole Pruning - Shears Replacement Blade,-- Unbranded --,,,Milwaukee Accessory (4031),Milwaukee Tool,Milwaukee,,,,,Replacement cutting blade for M18 Brushless Telescoping Pole Pruning Shears.,MILWAUKEE 48-44-2770 REPLACEMENT BLADE,Replacement cutting blade designed for the M18 Brushless Telescoping Pole Pruning Shears.,"Maintain optimal pruning with the MILWAUKEE M18 Replacement Blade, designed for seamless integration with your M18 Pole Pruning Shears. This cutting blade is built for the M18 Brushless Telescoping Pole Pruning Shears.","Maintain optimal pruning with the Milwaukee Replacement Blade. Designed for seamless integration with your M18 Pole Pruning Shears, this cutting blade is made for the M18 Brushless Telescoping Pole Pruning Shears.",Maintain optimal pruning with the MILWAUKEE Replacement Blade—designed for seamless integration with your M18 Pole Pruning Shears.,Designed for seamless integration with M18 Pole Pruning Shears,Compatible with M18 Brushless Telescoping Pole Pruning Shears,,,,,,,,,,,,,,,,,,,,,,Pruning,,Replacement Blade,product type,Cutting Blade,,model number,48-44-2770,,compatible tool type,M18 Brushless Telescoping Pole Pruning Shears,,,,,,,,,,,,,,,,,,,,,,,,,,,,,,,,,,,,,,,,,,,,,,,,,,,,,,,,,,,,,,,,,,,,,,,,,,,,,,,,,,,,,,,,,,,,,,,,,,,,,,,,,,,,,,,,,,,,,,,,,,,,,,,,,,,,,,,,,,,,,,,,,,,,,,,,,,,,,,,,,,,,,,,,,,,,,,,,,,,,,,,,,,,,,
,,,,,,IWHT48441RC,,,,IWHT48441RC,IWHT48441RC,IWHT48441RC Irwin 100ft - Red Chalk & Reel Set,-- Unbranded --,,,Irwin Industrial Tools (5863),,,,,,,,,,,,,,,,,,,,,,,,,,,,,,,,,,,,,,,,,,,,,,,,,,,,,,,,,,,,,,,,,,,,,,,,,,,,,,,,,,,,,,,,,,,,,,,,,,,,,,,,,,,,,,,,,,,,,,,,,,,,,,,,,,,,,,,,,,,,,,,,,,,,,,,,,,,,,,,,,,,,,,,,,,,,,,,,,,,,,,,,,,,,,,,,,,,,,,,,,,,,,,,,,,,,,,,,,,,,,,,,,,,,,,,,,,,
https://makitatools.com/products/details/XRU23SM1,,,,,,XRU23SM1,,,,XRU23SM1,XRU23SM1,XRU23SM1 Makita 18V 13  - String Trimmer Kit,-- Unbranded --,,,Makita Usa Inc (5142),Makita Usa Inc,Makita,,,,,18V LXT Cordless 13 IN. String Trimmer Kit featuring a brushless motor and 4.0Ah,MAKITA USA INC XRU23SM1 18V 13 IN.,"Makita Usa Inc 18V LXT Lithium-Ion Brushless Cordless 13"" String Trimmer Kit with 4.0Ah battery.","The Makita Usa Inc XRU23SM1 is an 18V LXT Lithium-Ion Brushless Cordless 13"" String Trimmer Kit powered by a 4.0Ah battery. This cordless string trimmer kit utilizes a brushless motor and a 13-inch cutting width for your trimming applications.","Get the Makita Usa Inc XRU23SM1 18V LXT Lithium-Ion Brushless Cordless 13"" String Trimmer Kit. This 18V cordless tool features a brushless motor, a 13-inch cutting width, and includes a 4.0Ah Lithium-Ion battery.","Discover the Makita Usa Inc XRU23SM1 18V LXT Lithium-Ion Brushless Cordless 13"" String Trimmer Kit (4.0Ah). Engineered with a brushless motor and an 18V LXT Lithium-Ion platform, this cordless string trimmer kit delivers a 13"" cutting width for efficient performance.",18V LXT platform voltage,Lithium-Ion battery chemistry with 4.0 Ah capacity,Brushless motor type,Cordless power type,13 in cutting width,,,,,,,,,,,,,,,,,,,,,XRU23SM1,Voltage,18,V,Battery Chemistry,Lithium-Ion,,Motor Type,Brushless,,Power Type,Cordless,,Cutting Width,13,in,Product Type,String Trimmer Kit,,Battery Capacity,4.0,Ah,Battery Platform,LXT,,,,,,,,,,,,,,,,,,,,,,,,,,,,,,,,,,,,,,,,,,,,,,,,,,,,,,,,,,,,,,,,,,,,,,,,,,,,,,,,,,,,,,,,,,,,,,,,,,,,,,,,,,,,,,,,,,,,,,,,,,,,,,,,,,,,,,,,,,,,,,,,,,,,,,,,,,,,,,,,,,,,,,,,,,,,,,
https://makitatools.com/products/details/XRU15PT1,https://makitatools.com/products/details/XRU15PT,,,,,XRU15PT1,,,,XRU15PT1,XRU15PT1,XRU15PT1 Makita String Trimmer,-- Unbranded --,,,Makita Usa Inc (5142),Makita Usa Inc,Makita,,,,,,,,,,,,,,,,,,,,,,,,,,,,,,,,,,,,,,,,,,,,,,,,,,,,,,,,,,,,,,,,,,,,,,,,,,,,,,,,,,,,,,,,,,,,,,,,,,,,,,,,,,,,,,,,,,,,,,,,,,,,,,,,,,,,,,,,,,,,,,,,,,,,,,,,,,,,,,,,,,,,,,,,,,,,,,,,,,,,,,,,,,,,,,,,,,,,,,,,,,,,,,,,,,,,,,,,,,,,,,,,,,,,,,,,,
https://makitatools.com/products/details/XRU23Z,,,,,,XRU23Z,,,,XRU23Z,XRU23Z,XRU23Z Makita 18V Trimmer Tool - Only,-- Unbranded --,,,Makita Usa Inc (5142),Makita Usa Inc,Makita,,,,,"18V LXT Lithium-Ion Brushless Cordless 13 IN. String Trimmer, Tool Only",MAKITA USA INC XRU23Z 18V STRING TRIMMER,"Makita Usa Inc 18V LXT Lithium-Ion Brushless Cordless 13"" String Trimmer, Tool Only","The Makita Usa Inc XRU23Z is an 18V LXT Lithium-Ion Brushless Cordless 13"" String Trimmer, Tool Only.","Get the Makita Usa Inc XRU23Z 18V LXT Lithium-Ion Brushless Cordless 13"" String Trimmer, Tool Only for your trimming needs.","Discover the 18V LXT® Lithium-Ion Brushless Cordless 13"" String Trimmer, Tool Only from Makita Usa Inc.",18V voltage,LXT battery platform,Lithium-Ion battery technology,13 in cutting capacity / width,Brushless motor type,Cordless power type,String trimmer product type,Tool only package contents,,,,,,,,,,,,,,,,,Tool Only,XRU23Z Makita 18V Trimmer Tool - Only,Voltage,18,V,Battery Technology,Lithium-Ion,,Motor Type,Brushless,,Power Type,Cordless,,Cutting Capacity / Width,13,in,Product Type,String Trimmer,,Package Contents,Tool Only,,Battery Platform,LXT,,,,,,,,,,,,,,,,,,,,,,,,,,,,,,,,,,,,,,,,,,,,,,,,,,,,,,,,,,,,,,,,,,,,,,,,,,,,,,,,,,,,,,,,,,,,,,,,,,,,,,,,,,,,,,,,,,,,,,,,,,,,,,,,,,,,,,,,,,,,,,,,,,,,,,,,,,,,,,,,,,,,,,,,,,,,,,
https://www.milwaukeetool.com/products/details/m18-brushless-precision-blower/0887-20,,,,,,0887-20,,,,0887-20,0887-20,0887-20 Milw M18 Brushless Precision Blower,-- Unbranded --,,,Milwaukee Accessory (4031),Milwaukee Tool,Milwaukee,,,,,"Milwaukee M18™ Brushless Precision Blower featuring 570 MPH air speed, 39 CFM",MILW M18 BRUSHLESS PRECISION BLOWER,"M18™ Brushless Precision Blower delivering 570 MPH and 39 CFM with a compact, ergonomic design.","The Milwaukee M18™ Brushless Precision Blower delivers 570 MPH, 39 CFM, and 30+ min run-time. It features a compact, ergonomic design with an LED light and interchangeable nozzles.","Get reliable performance with the Milwaukee M18™ Brushless Precision Blower. It delivers 570 MPH, 39 CFM, and 30+ min run-time. Designed to be compact and ergonomic, it includes an LED light and interchangeable nozzles.","The M18™ Brushless Precision Blower delivers 570 MPH, 39 CFM, and 30+ min run-time. Built with a compact, ergonomic design, it features an LED light & interchangeable nozzles.",570 MPH air speed,39 CFM air volume,30+ min run-time,Compact and ergonomic design,Equipped with an LED light,Interchangeable nozzles,,,,,,,,,,,,,,,,,,,,M18™ Brushless Precision Blower,product name,M18™ Brushless Precision Blower,,air speed,570,MPH,air volume,39,CFM,run-time,30+,min,design features,"Compact, ergonomic, with LED light & interchangeable nozzles",,,,,,,,,,,,,,,,,,,,,,,,,,,,,,,,,,,,,,,,,,,,,,,,,,,,,,,,,,,,,,,,,,,,,,,,,,,,,,,,,,,,,,,,,,,,,,,,,,,,,,,,,,,,,,,,,,,,,,,,,,,,,,,,,,,,,,,,,,,,,,,,,,,,,,,,,,,,,,,,,,,,,,,,,,,,,,,,,,,,,,,
,,,,,,DCBL724B,,,,DCBL724B,DCBL724B,DCBL724B Dewalt 20V Max XR Blower (Bare),-- Unbranded --,,,Black & Decker/dewlt (2585),,,,,,,,,,,,,,,,,,,,,,,,,,,,,,,,,,,,,,,,,,,,,,,,,,,,,,,,,,,,,,,,,,,,,,,,,,,,,,,,,,,,,,,,,,,,,,,,,,,,,,,,,,,,,,,,,,,,,,,,,,,,,,,,,,,,,,,,,,,,,,,,,,,,,,,,,,,,,,,,,,,,,,,,,,,,,,,,,,,,,,,,,,,,,,,,,,,,,,,,,,,,,,,,,,,,,,,,,,,,,,,,,,,,,,,,,,,
https://www.milwaukeetool.com/products/details/m18-bluetooth-jobsite-speaker/2954-20,,,,,,2954-20,,,,2954-20,2954-20,2954-20 Milw M18 Bluetooth Jobsite Speaker,-- Unbranded --,,,Milwaukee Accessory (4031),Milwaukee Tool,Milwaukee,,,,,Cordless M18 Bluetooth jobsite speaker featuring full-range sound and 200-foot,MILWAUKEE 2954-20 M18 BLUETOOTH JOBSITE,"Durable, cordless M18 Bluetooth jobsite speaker with 200 feet of wireless range.","The Milwaukee M18™ Bluetooth® Jobsite Speaker delivers durable, cordless, full-range sound that is versatile for any job. Enjoy wireless freedom up to 200 feet.","Experience durable, cordless, full-range sound on any job with the Milwaukee M18™ Bluetooth® Jobsite Speaker. This versatile speaker provides wireless freedom up to 200 feet.","Get durable, cordless, full-range sound with the Milwaukee M18™ Bluetooth® Jobsite Speaker. Versatile for any job, it offers wireless freedom up to 200 feet.",Battery system: M18,Connectivity: Bluetooth,Power source: cordless,Wireless range up to 200 feet,"Durable, full-range sound",,,,,,,,,,,,,,,,,,,any job,,M18™ Bluetooth® Jobsite Speaker,Product Name,M18™ Bluetooth® Jobsite Speaker,,Battery System,M18,,Connectivity,Bluetooth,,Wireless Range,200,feet,Power Source,cordless,,,,,,,,,,,,,,,,,,,,,,,,,,,,,,,,,,,,,,,,,,,,,,,,,,,,,,,,,,,,,,,,,,,,,,,,,,,,,,,,,,,,,,,,,,,,,,,,,,,,,,,,,,,,,,,,,,,,,,,,,,,,,,,,,,,,,,,,,,,,,,,,,,,,,,,,,,,,,,,,,,,,,,,,,,,,,,,,,,,,,,,
https://www.milwaukeetool.com/products/details/m12-bluetooth-jobsite-speaker-w-packout-compatibility/2955-20,,,,,,2955-20,,,,2955-20,2955-20,2955-20 Milw M12 Bluetooth - Jobsite Speaker w/Packout,-- Unbranded --,,,Milwaukee Accessory (4031),Milwaukee Tool,Milwaukee,,,,,Milwaukee M12 Bluetooth Jobsite Speaker featuring PACKOUT compatibility and,MILWAUKEE 2955-20 M12 BLUETOOTH JOBSITE,"Milwaukee M12 Bluetooth Jobsite Speaker with PACKOUT Compatibility offering clear, portable sound and secure storage.","The Milwaukee M12 Bluetooth Jobsite Speaker w/ PACKOUT Compatibility offers clear, portable sound, jobsite versatility, and secure storage.","Get clear, portable sound on the jobsite with the Milwaukee M12 Bluetooth Jobsite Speaker with PACKOUT Compatibility, designed for jobsite versatility and secure storage.","The MILWAUKEE M12 Bluetooth Jobsite Speaker w/ PACKOUT Compatibility offers clear, portable sound, jobsite versatility, and secure storage.","Clear, portable sound",Jobsite versatility,Secure storage,PACKOUT compatibility,Bluetooth connectivity,M12 battery system,,,,,,,,,,,,,,,,,,,,M12 Bluetooth Jobsite Speaker with PACKOUT Compatibility,Product Name,M12 Bluetooth Jobsite Speaker with PACKOUT Compatibility,,Brand,Milwaukee,,Battery System,M12,,Connectivity,Bluetooth,,Storage Compatibility,PACKOUT Compatibility,,,,,,,,,,,,,,,,,,,,,,,,,,,,,,,,,,,,,,,,,,,,,,,,,,,,,,,,,,,,,,,,,,,,,,,,,,,,,,,,,,,,,,,,,,,,,,,,,,,,,,,,,,,,,,,,,,,,,,,,,,,,,,,,,,,,,,,,,,,,,,,,,,,,,,,,,,,,,,,,,,,,,,,,,,,,,,,,,,,,,,,
,,,,,,9A-219-180,,,,9A-219-180,9A-219-180,9A-219-180 Abranet 4x6x6,-- Unbranded --,,,Mirka Abrasives Inc (MIRUS),,,,,,,,,,,,,,,,,,,,,,,,,,,,,,,,,,,,,,,,,,,,,,,,,,,,,,,,,,,,,,,,,,,,,,,,,,,,,,,,,,,,,,,,,,,,,,,,,,,,,,,,,,,,,,,,,,,,,,,,,,,,,,,,,,,,,,,,,,,,,,,,,,,,,,,,,,,,,,,,,,,,,,,,,,,,,,,,,,,,,,,,,,,,,,,,,,,,,,,,,,,,,,,,,,,,,,,,,,,,,,,,,,,,,,,,,,,
,,,,,,9A-219-120RP,,,,9A-219-120RP,9A-219-120RP,9A-219-120RP Abranet 4x6x6,-- Unbranded --,,,Mirka Abrasives Inc (MIRUS),,,,,,,,,,,,,,,,,,,,,,,,,,,,,,,,,,,,,,,,,,,,,,,,,,,,,,,,,,,,,,,,,,,,,,,,,,,,,,,,,,,,,,,,,,,,,,,,,,,,,,,,,,,,,,,,,,,,,,,,,,,,,,,,,,,,,,,,,,,,,,,,,,,,,,,,,,,,,,,,,,,,,,,,,,,,,,,,,,,,,,,,,,,,,,,,,,,,,,,,,,,,,,,,,,,,,,,,,,,,,,,,,,,,,,,,,,,
https://www.milwaukeetool.com/products/details/m18-fuel-24-hedge-trimmer/3033-20,,,,,,3033-20,,,,3033-20,3033-20,3033-20 Milw M18 24  - Hedge Trimmer,-- Unbranded --,,,Milwaukee Accessory (4031),Milwaukee Tool,Milwaukee,,,,,Milwaukee M18 FUEL 24-inch hedge trimmer with 1.25-inch branch cutting capacity.,MILWAUKEE 3033-20 M18 24 IN. HEDGE,"The Milwaukee M18 FUEL 24"" Hedge Trimmer delivers power to cut 1-1/4"" branches with control, durability, and faster trimming for landscape professionals.","The Milwaukee M18 FUEL 24"" Hedge Trimmer operates on the M18 FUEL battery platform. It is designed to deliver power to cut 1-1/4"" branches with control, durability, and faster trimming for landscape professionals.","Get the power to cut 1-1/4"" branches with control, durability, and faster trimming for landscape professionals using the Milwaukee M18 FUEL 24"" Hedge Trimmer.","The MILWAUKEE M18 FUEL 24"" Hedge Trimmer delivers power to cut 1-1/4” branches with control, durability, and faster trimming for landscape professionals.",M18 FUEL battery platform,24 in blade length,1.25 in branch cutting capacity,"Delivers power to cut 1-1/4 in branches with control, durability, and faster trimming for landscape professionals",,,,,,,,,,,,,,,,,,,,Landscaping,,Hedge Trimmer,Blade Length,24,in,Branch Cutting Capacity,1.25,in,Product Type,Hedge Trimmer,,Battery Platform,M18 FUEL,,Manufacturer,Milwaukee,,,,,,,,,,,,,,,,,,,,,,,,,,,,,,,,,,,,,,,,,,,,,,,,,,,,,,,,,,,,,,,,,,,,,,,,,,,,,,,,,,,,,,,,,,,,,,,,,,,,,,,,,,,,,,,,,,,,,,,,,,,,,,,,,,,,,,,,,,,,,,,,,,,,,,,,,,,,,,,,,,,,,,,,,,,,,,,,,,,,,,,
https://www.milwaukeetool.com/products/details/m18-fuel-24-hedge-trimmer-kit/3033-21,,,,,,3033-21,,,,3033-21,3033-21,3033-21 Milw M18 24  - Hedge Trimmer Kit,-- Unbranded --,,,Milwaukee Accessory (4031),Milwaukee Tool,Milwaukee,,,,,M18 FUEL 24-inch Hedge Trimmer Kit with 1-1/4 IN. cutting capacity.,M18 FUEL 24 IN. HEDGE TRIMMER KIT,"M18 FUEL 24"" Hedge Trimmer Kit designed to deliver power to cut 1-1/4"" branches.","The Milwaukee M18 FUEL 24"" Hedge Trimmer Kit delivers power to cut 1-1/4"" branches with control, durability, and faster trimming for landscape professionals.","Get faster trimming, control, and durability with the Milwaukee M18 FUEL 24"" Hedge Trimmer Kit, engineered to cut through 1-1/4"" branches.","The MILWAUKEE M18 FUEL 24"" Hedge Trimmer Kit delivers power to cut 1-1/4"" branches with control, durability, and faster trimming for landscape professionals.",24 in blade length,1-1/4 in cutting capacity,,,,,,,,,,,,,,,,,,,,,,Landscape professionals,,"M18 FUEL 24"" Hedge Trimmer Kit",Blade Length,24,in,Cutting Capacity,1-1/4,in,Product Type,Hedge Trimmer Kit,,,,,,,,,,,,,,,,,,,,,,,,,,,,,,,,,,,,,,,,,,,,,,,,,,,,,,,,,,,,,,,,,,,,,,,,,,,,,,,,,,,,,,,,,,,,,,,,,,,,,,,,,,,,,,,,,,,,,,,,,,,,,,,,,,,,,,,,,,,,,,,,,,,,,,,,,,,,,,,,,,,,,,,,,,,,,,,,,,,,,,,,,,,,,
https://www.milwaukeetool.com/products/details/m18-fuel-30-hedge-trimmer/3034-20,,,,,,3034-20,,,,3034-20,3034-20,3034-20 Milw M18 30  - Hedge Trimmer,-- Unbranded --,,,Milwaukee Accessory (4031),Milwaukee Tool,Milwaukee,,,,,M18 FUEL 30 IN. Hedge Trimmer with 1.25 IN. branch cut capacity for professional,MILWAUKEE 3034-20 M18 FUEL 30 IN. HEDGE,M18 FUEL 30 in Hedge Trimmer designed for professional landscapers.,"The Milwaukee Tool M18 FUEL 30 in Hedge Trimmer, model 3034-20, is designed for professional landscapers. It delivers power to cut 1-1/4 in branches with faster trimming and control.","Designed for professional landscapers, the Milwaukee Tool M18 FUEL 30 in Hedge Trimmer delivers power to cut 1-1/4 in branches with faster trimming and control.","The MILWAUKEE M18 FUEL 30 in Hedge Trimmer delivers power to cut 1-1/4 in branches with faster trimming and control, designed for professional landscapers.",Branch cut capacity: 1.25 in,Designed for professional landscapers,Faster trimming and control,,,,,,,,,,,,,,,,,,,,,Hedge trimming,,30 in,Product Name,30,in,Branch Cut Capacity,1.25,in,Tool Type,Hedge Trimmer,,Product Line,M18 FUEL,,Target Audience,professional landscapers,,Model Number,3034-20,,,,,,,,,,,,,,,,,,,,,,,,,,,,,,,,,,,,,,,,,,,,,,,,,,,,,,,,,,,,,,,,,,,,,,,,,,,,,,,,,,,,,,,,,,,,,,,,,,,,,,,,,,,,,,,,,,,,,,,,,,,,,,,,,,,,,,,,,,,,,,,,,,,,,,,,,,,,,,,,,,,,,,,,,,,,,,,,,,,,
,,,,,,D25333K,,,,D25333K,D25333K,D25333K Dewalt Hammer Drill,-- Unbranded --,,,Black & Decker/dewlt (2585),,,,,,,,,,,,,,,,,,,,,,,,,,,,,,,,,,,,,,,,,,,,,,,,,,,,,,,,,,,,,,,,,,,,,,,,,,,,,,,,,,,,,,,,,,,,,,,,,,,,,,,,,,,,,,,,,,,,,,,,,,,,,,,,,,,,,,,,,,,,,,,,,,,,,,,,,,,,,,,,,,,,,,,,,,,,,,,,,,,,,,,,,,,,,,,,,,,,,,,,,,,,,,,,,,,,,,,,,,,,,,,,,,,,,,,,,,,
,,,,,,DCD803B,,,,DCD803B,DCD803B,DCD803B Dewalt Multi-Head Drill Driver,-- Unbranded --,,,Black & Decker/dewlt (2585),,,,,,,,,,,,,,,,,,,,,,,,,,,,,,,,,,,,,,,,,,,,,,,,,,,,,,,,,,,,,,,,,,,,,,,,,,,,,,,,,,,,,,,,,,,,,,,,,,,,,,,,,,,,,,,,,,,,,,,,,,,,,,,,,,,,,,,,,,,,,,,,,,,,,,,,,,,,,,,,,,,,,,,,,,,,,,,,,,,,,,,,,,,,,,,,,,,,,,,,,,,,,,,,,,,,,,,,,,,,,,,,,,,,,,,,,,,
,,,,,,DCF860B,,,,DCF860B,DCF860B,DCF860B Dewalt 20V Impact - Driver Drill,-- Unbranded --,,,Black & Decker/dewlt (2585),,,,,,,,,,,,,,,,,,,,,,,,,,,,,,,,,,,,,,,,,,,,,,,,,,,,,,,,,,,,,,,,,,,,,,,,,,,,,,,,,,,,,,,,,,,,,,,,,,,,,,,,,,,,,,,,,,,,,,,,,,,,,,,,,,,,,,,,,,,,,,,,,,,,,,,,,,,,,,,,,,,,,,,,,,,,,,,,,,,,,,,,,,,,,,,,,,,,,,,,,,,,,,,,,,,,,,,,,,,,,,,,,,,,,,,,,,,
https://www.milwaukeetool.com/products/details/m12-subcompact-brushless-3-8-drill-driver/3401-20,,,,,,3401-20,,,,3401-20,3401-20,3401-20 Milw M12 Drill Driver - Brushless Compact (Bare),-- Unbranded --,,,Milwaukee Accessory (4031),Milwaukee Tool,Milwaukee,,,,,"Milwaukee M12 Subcompact Brushless 3/8 IN. Drill/Driver with 350 IN.-lbs torque,",MILW M12 DRILL DRIVER - BRUSHLESS,"Milwaukee M12 Subcompact Brushless 3/8"" Drill/Driver featuring a 3/8 in chuck size, 350 in-lbs torque, and 1550 RPM.","The Milwaukee M12 Subcompact Brushless 3/8"" Drill/Driver (Manufacturer part number: 3401-20) is lightweight at under 2 lbs with a 5.4 in length. It delivers 350 in-lbs of torque and 1,550 RPM for various applications, utilizing a 3/8 in chuck size.","Get the Milwaukee M12 Subcompact Brushless 3/8"" Drill/Driver for various applications. Weighing under 2 lbs and measuring 5.4 in in length, this tool provides 350 in-lbs of torque and 1,550 RPM with a 3/8 in chuck size.","The M12 Subcompact 3/8"" Drill/Driver is lightweight (under 2 lbs, 5.4"" length), offering 350 in-lbs torque and 1,550 RPM for various applications.",Chuck Size: 3/8 in,Length: 5.4 in,Speed: 1550 RPM,Torque: 350 in-lbs,Weight: 2 lbs,,,,,,,,,,,,,,,,,,,various applications,,"M12 Subcompact Brushless 3/8"" Drill/Driver",Product Name,"M12 Subcompact Brushless 3/8"" Drill/Driver",,Chuck Size,3/8,in,Weight,2,lbs,Length,5.4,in,Torque,350,in-lbs,Speed,1550,RPM,,,,,,,,,,,,,,,,,,,,,,,,,,,,,,,,,,,,,,,,,,,,,,,,,,,,,,,,,,,,,,,,,,,,,,,,,,,,,,,,,,,,,,,,,,,,,,,,,,,,,,,,,,,,,,,,,,,,,,,,,,,,,,,,,,,,,,,,,,,,,,,,,,,,,,,,,,,,,,,,,,,,,,,,,,,,,,,,,,,
,,,,,,KPTDR050A,,,,KPTDR050A,KPTDR050A,KPTDR050A Kreg 20V Ionic Compact Drill,-- Unbranded --,,,Kreg Tool Company (KRETO),,,,,,,,,,,,,,,,,,,,,,,,,,,,,,,,,,,,,,,,,,,,,,,,,,,,,,,,,,,,,,,,,,,,,,,,,,,,,,,,,,,,,,,,,,,,,,,,,,,,,,,,,,,,,,,,,,,,,,,,,,,,,,,,,,,,,,,,,,,,,,,,,,,,,,,,,,,,,,,,,,,,,,,,,,,,,,,,,,,,,,,,,,,,,,,,,,,,,,,,,,,,,,,,,,,,,,,,,,,,,,,,,,,,,,,,,,,
,,,,,,DCD1007B,,,,DCD1007B,DCD1007B,DCD1007B Dewalt 20V Cordless - 1/2  Hammer Drill (Bare),-- Unbranded --,,,Black & Decker/dewlt (2585),,,,,,,,,,,,,,,,,,,,,,,,,,,,,,,,,,,,,,,,,,,,,,,,,,,,,,,,,,,,,,,,,,,,,,,,,,,,,,,,,,,,,,,,,,,,,,,,,,,,,,,,,,,,,,,,,,,,,,,,,,,,,,,,,,,,,,,,,,,,,,,,,,,,,,,,,,,,,,,,,,,,,,,,,,,,,,,,,,,,,,,,,,,,,,,,,,,,,,,,,,,,,,,,,,,,,,,,,,,,,,,,,,,,,,,,,,,
,,,,,,DCD799B,,,,DCD799B,DCD799B,DCD799B Dewalt Drill,-- Unbranded --,,,Black & Decker/dewlt (2585),,,,,,,,,,,,,,,,,,,,,,,,,,,,,,,,,,,,,,,,,,,,,,,,,,,,,,,,,,,,,,,,,,,,,,,,,,,,,,,,,,,,,,,,,,,,,,,,,,,,,,,,,,,,,,,,,,,,,,,,,,,,,,,,,,,,,,,,,,,,,,,,,,,,,,,,,,,,,,,,,,,,,,,,,,,,,,,,,,,,,,,,,,,,,,,,,,,,,,,,,,,,,,,,,,,,,,,,,,,,,,,,,,,,,,,,,,,
,,,,,,58006,,,,58006,58006,58006 Voyager Drill Press,-- Unbranded --,,,King Canada Inc (KINCA),,,,,,,,,,,,,,,,,,,,,,,,,,,,,,,,,,,,,,,,,,,,,,,,,,,,,,,,,,,,,,,,,,,,,,,,,,,,,,,,,,,,,,,,,,,,,,,,,,,,,,,,,,,,,,,,,,,,,,,,,,,,,,,,,,,,,,,,,,,,,,,,,,,,,,,,,,,,,,,,,,,,,,,,,,,,,,,,,,,,,,,,,,,,,,,,,,,,,,,,,,,,,,,,,,,,,,,,,,,,,,,,,,,,,,,,,,,
https://www.milwaukeetool.com/products/details/m18-fuel-coil-roofing-nailer/2909-20,,,,,,2909-20,,,,2909-20,2909-20,2909-20 Milw Roofing Nailer - M18,-- Unbranded --,,,Milwaukee Accessory (4031),Milwaukee Tool,Milwaukee,,,,,Cordless M18 FUEL Coil Roofing Nailer for roofing and siding jobs.,MILWAUKEE 2909-20 M18 FUEL COIL ROOFING,Milwaukee M18 FUEL Coil Roofing Nailer powered by the M18 battery platform.,"Introducing the MILWAUKEE M18 FUEL Coil Roofing Nailer: cordless innovation for roofing and siding jobs. This tool delivers best-in-class runtime and versatile performance, powered by the M18 power source and battery platform.","Experience cordless innovation for roofing and siding jobs with the Milwaukee M18 FUEL Coil Roofing Nailer. Designed with best-in-class runtime and versatile performance, this tool operates on the M18 system.",Introducing the MILWAUKEE M18 FUEL Coil Roofing Nailer: cordless innovation for roofing and siding jobs. Features best-in-class runtime and versatile performance.,Cordless innovation for roofing and siding jobs,Best-in-class runtime,Versatile performance,Powered by the M18 platform,,,,,,,,,,,,,,,,,,,,Roofing and siding jobs,,M18 FUEL Coil Roofing Nailer,product name,M18 FUEL Coil Roofing Nailer,,brand,Milwaukee,,power source / battery platform,M18,,product type,Coil Roofing Nailer,,,,,,,,,,,,,,,,,,,,,,,,,,,,,,,,,,,,,,,,,,,,,,,,,,,,,,,,,,,,,,,,,,,,,,,,,,,,,,,,,,,,,,,,,,,,,,,,,,,,,,,,,,,,,,,,,,,,,,,,,,,,,,,,,,,,,,,,,,,,,,,,,,,,,,,,,,,,,,,,,,,,,,,,,,,,,,,,,,,,,,,,,,
https://www.milwaukeetool.com/products/details/m18-fuel-coil-roofing-nailer-kit/2909-21,,,,,,2909-21,,,,2909-21,2909-21,2909-21 Milw M18 Coil Roofing - Nailer Kit,-- Unbranded --,,,Milwaukee Accessory (4031),Milwaukee Tool,Milwaukee,,,,,Milwaukee M18 FUEL Coil Roofing Nailer Kit with best-in-class runtime and,MILWAUKEE 2909-21 M18 FUEL COIL ROOFING,Milwaukee M18 FUEL Coil Roofing Nailer Kit providing cordless innovation for roofing and siding jobs.,Introducing the Milwaukee M18 FUEL Coil Roofing Nailer: cordless innovation for roofing and siding jobs. This Coil Roofing Nailer Kit delivers best-in-class runtime and versatile performance.,"Discover the Milwaukee M18 FUEL Coil Roofing Nailer Kit, featuring cordless innovation designed for roofing and siding applications. Enjoy best-in-class runtime and versatile performance.",Introducing the MILWAUKEE M18 FUEL Coil Roofing Nailer: cordless innovation for roofing and siding jobs. Engineered for best-in-class runtime and versatile performance.,Cordless innovation for roofing and siding jobs,Best-in-class runtime,Versatile performance,,,,,,,,,,,,,,,,,,,,,Roofing and siding jobs,,M18 FUEL Coil Roofing Nailer Kit,Product Name,M18 FUEL Coil Roofing Nailer Kit,,Brand,Milwaukee,,Model Number,2909-21,,Product Type,Coil Roofing Nailer,,,,,,,,,,,,,,,,,,,,,,,,,,,,,,,,,,,,,,,,,,,,,,,,,,,,,,,,,,,,,,,,,,,,,,,,,,,,,,,,,,,,,,,,,,,,,,,,,,,,,,,,,,,,,,,,,,,,,,,,,,,,,,,,,,,,,,,,,,,,,,,,,,,,,,,,,,,,,,,,,,,,,,,,,,,,,,,,,,,,,,,,,,
,,,,,,918200,,,,918200,918200,918200 Paslode CT200S24 18Ga ST Brad Nailer,-- Unbranded --,,,National Nail Corp (7439),,,,,,,,,,,,,,,,,,,,,,,,,,,,,,,,,,,,,,,,,,,,,,,,,,,,,,,,,,,,,,,,,,,,,,,,,,,,,,,,,,,,,,,,,,,,,,,,,,,,,,,,,,,,,,,,,,,,,,,,,,,,,,,,,,,,,,,,,,,,,,,,,,,,,,,,,,,,,,,,,,,,,,,,,,,,,,,,,,,,,,,,,,,,,,,,,,,,,,,,,,,,,,,,,,,,,,,,,,,,,,,,,,,,,,,,,,,
https://www.milwaukeetool.com/products/details/m12-fuel-18-gauge-compact-brad-nailer/2541-20,,,,,,2541-20,,,,2541-20,2541-20,2541-20 Milw M12 - Compact Brad Nailer (Bare),-- Unbranded --,,,Milwaukee Accessory (4031),Milwaukee Tool,Milwaukee,,,,,Milwaukee 2541-20 M12 FUEL 18 Gauge Compact Brad Nailer for the M12 cordless,MILWAUKEE 2541-20 M12 FUEL 18 GAUGE,Milwaukee M12 FUEL 18 Gauge Compact Brad Nailer operating on the M12 cordless tool system.,"The Milwaukee M12 FUEL 18 Gauge Compact Brad Nailer is part of the M12 cordless tool system. Manufactured by Milwaukee Tool, manufacturer part number 2541-20, this tool delivers an 18 gauge brad nailer designed for the M12 system.","Get the Milwaukee M12 FUEL 18 Gauge Compact Brad Nailer, designed for the M12 cordless tool system. This 18 gauge compact brad nailer is manufactured by Milwaukee Tool (part number 2541-20).","Discover the Milwaukee M12 FUEL 18 Gauge Compact Brad Nailer. Built for the M12 cordless tool system, this 18 gauge brad nailer delivers Milwaukee quality.",M12 FUEL technology,18 Gauge capacity,Compact brad nailer design,M12 Cordless Tool System compatibility,,,,,,,,,,,,,,,,,,,,,,M12 FUEL™ 18 Gauge Compact Brad Nailer,Product Name,M12 FUEL™ 18 Gauge Compact Brad Nailer,,Gauge,18,,Cordless Tool System,M12,,,,,,,,,,,,,,,,,,,,,,,,,,,,,,,,,,,,,,,,,,,,,,,,,,,,,,,,,,,,,,,,,,,,,,,,,,,,,,,,,,,,,,,,,,,,,,,,,,,,,,,,,,,,,,,,,,,,,,,,,,,,,,,,,,,,,,,,,,,,,,,,,,,,,,,,,,,,,,,,,,,,,,,,,,,,,,,,,,,,,,,,,,,,,
,,,,,,DPH31B,,,,DPH31B,DPH31B,DPH31B 1  #3 Phillips Drive - Bit,-- Unbranded --,,,Freud Inc (2435),Freud,Freud,,,,,,,,,,,,,,,,,,,,,,,,,,,,,,,,,,,,,,,,,,,,,,,,,,,,,,,,,,,,,,,,,,,,,,,,,,,,,,,,,,,,,,,,,,,,,,,,,,,,,,,,,,,,,,,,,,,,,,,,,,,,,,,,,,,,,,,,,,,,,,,,,,,,,,,,,,,,,,,,,,,,,,,,,,,,,,,,,,,,,,,,,,,,,,,,,,,,,,,,,,,,,,,,,,,,,,,,,,,,,,,,,,,,,,,,,
,,,,,,DPH32B,,,,DPH32B,DPH32B,DPH32B 2  #3 Phillips Drive - Bit,-- Unbranded --,,,Freud Inc (2435),Freud,Freud,,,,,,,,,,,,,,,,,,,,,,,,,,,,,,,,,,,,,,,,,,,,,,,,,,,,,,,,,,,,,,,,,,,,,,,,,,,,,,,,,,,,,,,,,,,,,,,,,,,,,,,,,,,,,,,,,,,,,,,,,,,,,,,,,,,,,,,,,,,,,,,,,,,,,,,,,,,,,,,,,,,,,,,,,,,,,,,,,,,,,,,,,,,,,,,,,,,,,,,,,,,,,,,,,,,,,,,,,,,,,,,,,,,,,,,,,
,,,,,,DPH335B,,,,DPH335B,DPH335B,DPH335B 3-1/2  #3 Phillips - Drive Bit,-- Unbranded --,,,Freud Inc (2435),Freud,Freud,,,,,,,,,,,,,,,,,,,,,,,,,,,,,,,,,,,,,,,,,,,,,,,,,,,,,,,,,,,,,,,,,,,,,,,,,,,,,,,,,,,,,,,,,,,,,,,,,,,,,,,,,,,,,,,,,,,,,,,,,,,,,,,,,,,,,,,,,,,,,,,,,,,,,,,,,,,,,,,,,,,,,,,,,,,,,,,,,,,,,,,,,,,,,,,,,,,,,,,,,,,,,,,,,,,,,,,,,,,,,,,,,,,,,,,,,
,,,,,,DSQ12B,,,,DSQ12B,DSQ12B,DSQ12B 2  #1 Square Drive Bit,-- Unbranded --,,,Freud Inc (2435),Freud,Freud,,,,,,,,,,,,,,,,,,,,,,,,,,,,,,,,,,,,,,,,,,,,,,,,,,,,,,,,,,,,,,,,,,,,,,,,,,,,,,,,,,,,,,,,,,,,,,,,,,,,,,,,,,,,,,,,,,,,,,,,,,,,,,,,,,,,,,,,,,,,,,,,,,,,,,,,,,,,,,,,,,,,,,,,,,,,,,,,,,,,,,,,,,,,,,,,,,,,,,,,,,,,,,,,,,,,,,,,,,,,,,,,,,,,,,,,,
,,,,,,DSQ22B,,,,DSQ22B,DSQ22B,DSQ22B 2  #2 Square Drive Bit,-- Unbranded --,,,Freud Inc (2435),Freud,Freud,,,,,,,,,,,,,,,,,,,,,,,,,,,,,,,,,,,,,,,,,,,,,,,,,,,,,,,,,,,,,,,,,,,,,,,,,,,,,,,,,,,,,,,,,,,,,,,,,,,,,,,,,,,,,,,,,,,,,,,,,,,,,,,,,,,,,,,,,,,,,,,,,,,,,,,,,,,,,,,,,,,,,,,,,,,,,,,,,,,,,,,,,,,,,,,,,,,,,,,,,,,,,,,,,,,,,,,,,,,,,,,,,,,,,,,,,
,,,,,,DSQ26B,,,,DSQ26B,DSQ26B,DSQ26B 6  #2 Square Drive Bit,-- Unbranded --,,,Freud Inc (2435),Freud,Freud,,,,,,,,,,,,,,,,,,,,,,,,,,,,,,,,,,,,,,,,,,,,,,,,,,,,,,,,,,,,,,,,,,,,,,,,,,,,,,,,,,,,,,,,,,,,,,,,,,,,,,,,,,,,,,,,,,,,,,,,,,,,,,,,,,,,,,,,,,,,,,,,,,,,,,,,,,,,,,,,,,,,,,,,,,,,,,,,,,,,,,,,,,,,,,,,,,,,,,,,,,,,,,,,,,,,,,,,,,,,,,,,,,,,,,,,,
,,,,,,DSQ32B,,,,DSQ32B,DSQ32B,DSQ32B 2  #3 Square Drive Bit,-- Unbranded --,,,Freud Inc (2435),Freud,Freud,,,,,,,,,,,,,,,,,,,,,,,,,,,,,,,,,,,,,,,,,,,,,,,,,,,,,,,,,,,,,,,,,,,,,,,,,,,,,,,,,,,,,,,,,,,,,,,,,,,,,,,,,,,,,,,,,,,,,,,,,,,,,,,,,,,,,,,,,,,,,,,,,,,,,,,,,,,,,,,,,,,,,,,,,,,,,,,,,,,,,,,,,,,,,,,,,,,,,,,,,,,,,,,,,,,,,,,,,,,,,,,,,,,,,,,,,
,,,,,,DT102B,,,,DT102B,DT102B,DT102B 2  #10 Torx Drive Bit,-- Unbranded --,,,Freud Inc (2435),Freud,Freud,,,,,,,,,,,,,,,,,,,,,,,,,,,,,,,,,,,,,,,,,,,,,,,,,,,,,,,,,,,,,,,,,,,,,,,,,,,,,,,,,,,,,,,,,,,,,,,,,,,,,,,,,,,,,,,,,,,,,,,,,,,,,,,,,,,,,,,,,,,,,,,,,,,,,,,,,,,,,,,,,,,,,,,,,,,,,,,,,,,,,,,,,,,,,,,,,,,,,,,,,,,,,,,,,,,,,,,,,,,,,,,,,,,,,,,,,
,,,,,,DT152B,,,,DT152B,DT152B,DT152B 2  #15 Torx Drive Bit,-- Unbranded --,,,Freud Inc (2435),Freud,Freud,,,,,,,,,,,,,,,,,,,,,,,,,,,,,,,,,,,,,,,,,,,,,,,,,,,,,,,,,,,,,,,,,,,,,,,,,,,,,,,,,,,,,,,,,,,,,,,,,,,,,,,,,,,,,,,,,,,,,,,,,,,,,,,,,,,,,,,,,,,,,,,,,,,,,,,,,,,,,,,,,,,,,,,,,,,,,,,,,,,,,,,,,,,,,,,,,,,,,,,,,,,,,,,,,,,,,,,,,,,,,,,,,,,,,,,,,
,,,,,,DT1535B,,,,DT1535B,DT1535B,DT1535B 3-1/2  #15 Torx Drive - Bit,-- Unbranded --,,,Freud Inc (2435),Freud,Freud,,,,,,,,,,,,,,,,,,,,,,,,,,,,,,,,,,,,,,,,,,,,,,,,,,,,,,,,,,,,,,,,,,,,,,,,,,,,,,,,,,,,,,,,,,,,,,,,,,,,,,,,,,,,,,,,,,,,,,,,,,,,,,,,,,,,,,,,,,,,,,,,,,,,,,,,,,,,,,,,,,,,,,,,,,,,,,,,,,,,,,,,,,,,,,,,,,,,,,,,,,,,,,,,,,,,,,,,,,,,,,,,,,,,,,,,,
,,,,,,DT202B,,,,DT202B,DT202B,DT202B 2  #20 Torx Drive Bit,-- Unbranded --,,,Freud Inc (2435),Freud,Freud,,,,,,,,,,,,,,,,,,,,,,,,,,,,,,,,,,,,,,,,,,,,,,,,,,,,,,,,,,,,,,,,,,,,,,,,,,,,,,,,,,,,,,,,,,,,,,,,,,,,,,,,,,,,,,,,,,,,,,,,,,,,,,,,,,,,,,,,,,,,,,,,,,,,,,,,,,,,,,,,,,,,,,,,,,,,,,,,,,,,,,,,,,,,,,,,,,,,,,,,,,,,,,,,,,,,,,,,,,,,,,,,,,,,,,,,,
,,,,,,DT2035B,,,,DT2035B,DT2035B,DT2035B 3-1/2  #20 Torx Drive - Bit,-- Unbranded --,,,Freud Inc (2435),Freud,Freud,,,,,,,,,,,,,,,,,,,,,,,,,,,,,,,,,,,,,,,,,,,,,,,,,,,,,,,,,,,,,,,,,,,,,,,,,,,,,,,,,,,,,,,,,,,,,,,,,,,,,,,,,,,,,,,,,,,,,,,,,,,,,,,,,,,,,,,,,,,,,,,,,,,,,,,,,,,,,,,,,,,,,,,,,,,,,,,,,,,,,,,,,,,,,,,,,,,,,,,,,,,,,,,,,,,,,,,,,,,,,,,,,,,,,,,,,
,,,,,,DT206B,,,,DT206B,DT206B,DT206B 6  #20 Torx Drive Bit,-- Unbranded --,,,Freud Inc (2435),Freud,Freud,,,,,,,,,,,,,,,,,,,,,,,,,,,,,,,,,,,,,,,,,,,,,,,,,,,,,,,,,,,,,,,,,,,,,,,,,,,,,,,,,,,,,,,,,,,,,,,,,,,,,,,,,,,,,,,,,,,,,,,,,,,,,,,,,,,,,,,,,,,,,,,,,,,,,,,,,,,,,,,,,,,,,,,,,,,,,,,,,,,,,,,,,,,,,,,,,,,,,,,,,,,,,,,,,,,,,,,,,,,,,,,,,,,,,,,,,
,,,,,,DT252B,,,,DT252B,DT252B,DT252B 2  #25 Trox Drive Bit,-- Unbranded --,,,Freud Inc (2435),Freud,Freud,,,,,,,,,,,,,,,,,,,,,,,,,,,,,,,,,,,,,,,,,,,,,,,,,,,,,,,,,,,,,,,,,,,,,,,,,,,,,,,,,,,,,,,,,,,,,,,,,,,,,,,,,,,,,,,,,,,,,,,,,,,,,,,,,,,,,,,,,,,,,,,,,,,,,,,,,,,,,,,,,,,,,,,,,,,,,,,,,,,,,,,,,,,,,,,,,,,,,,,,,,,,,,,,,,,,,,,,,,,,,,,,,,,,,,,,,
,,,,,,DT2535B,,,,DT2535B,DT2535B,DT2535B 3-1/4  #25 Torx Drive - Bit,-- Unbranded --,,,Freud Inc (2435),Freud,Freud,,,,,,,,,,,,,,,,,,,,,,,,,,,,,,,,,,,,,,,,,,,,,,,,,,,,,,,,,,,,,,,,,,,,,,,,,,,,,,,,,,,,,,,,,,,,,,,,,,,,,,,,,,,,,,,,,,,,,,,,,,,,,,,,,,,,,,,,,,,,,,,,,,,,,,,,,,,,,,,,,,,,,,,,,,,,,,,,,,,,,,,,,,,,,,,,,,,,,,,,,,,,,,,,,,,,,,,,,,,,,,,,,,,,,,,,,
,,,,,,DT256B,,,,DT256B,DT256B,DT256B 6  #25 Torx Drive Bit,-- Unbranded --,,,Freud Inc (2435),Freud,Freud,,,,,,,,,,,,,,,,,,,,,,,,,,,,,,,,,,,,,,,,,,,,,,,,,,,,,,,,,,,,,,,,,,,,,,,,,,,,,,,,,,,,,,,,,,,,,,,,,,,,,,,,,,,,,,,,,,,,,,,,,,,,,,,,,,,,,,,,,,,,,,,,,,,,,,,,,,,,,,,,,,,,,,,,,,,,,,,,,,,,,,,,,,,,,,,,,,,,,,,,,,,,,,,,,,,,,,,,,,,,,,,,,,,,,,,,,
,,,,,,DT302B,,,,DT302B,DT302B,DT302B 2  #30 Torx Drive Bit,-- Unbranded --,,,Freud Inc (2435),Freud,Freud,,,,,,,,,,,,,,,,,,,,,,,,,,,,,,,,,,,,,,,,,,,,,,,,,,,,,,,,,,,,,,,,,,,,,,,,,,,,,,,,,,,,,,,,,,,,,,,,,,,,,,,,,,,,,,,,,,,,,,,,,,,,,,,,,,,,,,,,,,,,,,,,,,,,,,,,,,,,,,,,,,,,,,,,,,,,,,,,,,,,,,,,,,,,,,,,,,,,,,,,,,,,,,,,,,,,,,,,,,,,,,,,,,,,,,,,,
,,,,,,DT402B,,,,DT402B,DT402B,DT402B 2  #40 Torx Drive Bit,-- Unbranded --,,,Freud Inc (2435),Freud,Freud,,,,,,,,,,,,,,,,,,,,,,,,,,,,,,,,,,,,,,,,,,,,,,,,,,,,,,,,,,,,,,,,,,,,,,,,,,,,,,,,,,,,,,,,,,,,,,,,,,,,,,,,,,,,,,,,,,,,,,,,,,,,,,,,,,,,,,,,,,,,,,,,,,,,,,,,,,,,,,,,,,,,,,,,,,,,,,,,,,,,,,,,,,,,,,,,,,,,,,,,,,,,,,,,,,,,,,,,,,,,,,,,,,,,,,,,,
,,,,,,DDWSSB,,,,DDWSSB,DDWSSB,DDWSSB #2 Drywall Screw Setter,-- Unbranded --,,,Freud Inc (2435),Freud,Freud,,,,,,,,,,,,,,,,,,,,,,,,,,,,,,,,,,,,,,,,,,,,,,,,,,,,,,,,,,,,,,,,,,,,,,,,,,,,,,,,,,,,,,,,,,,,,,,,,,,,,,,,,,,,,,,,,,,,,,,,,,,,,,,,,,,,,,,,,,,,,,,,,,,,,,,,,,,,,,,,,,,,,,,,,,,,,,,,,,,,,,,,,,,,,,,,,,,,,,,,,,,,,,,,,,,,,,,,,,,,,,,,,,,,,,,,,
https://makitatools.com/products/details/191V02-0,,,,,,191V02-0,,,,191V02-0,191V02-0,191V02-0 Makita #2 Phillips Bit 5pk,-- Unbranded --,,,Makita Usa Inc (5142),Makita Usa Inc,Makita,,,,,,,,,,,,,,,,,,,,,,,,,,,,,,,,,,,,,,,,,,,,,,,,,,,,,,,,,,,,,,,,,,,,,,,,,,,,,,,,,,,,,,,,,,,,,,,,,,,,,,,,,,,,,,,,,,,,,,,,,,,,,,,,,,,,,,,,,,,,,,,,,,,,,,,,,,,,,,,,,,,,,,,,,,,,,,,,,,,,,,,,,,,,,,,,,,,,,,,,,,,,,,,,,,,,,,,,,,,,,,,,,,,,,,,,,
https://makitatools.com/products/details/XVP01Z,,,,,,XVP01Z,,,,XVP01Z,XVP01Z,XVP01Z Makita 18V 3  Polisher/ 2  Sander,-- Unbranded --,,,Makita Usa Inc (5142),Makita Usa Inc,Makita,,,,,,,,,,,,,,,,,,,,,,,,,,,,,,,,,,,,,,,,,,,,,,,,,,,,,,,,,,,,,,,,,,,,,,,,,,,,,,,,,,,,,,,,,,,,,,,,,,,,,,,,,,,,,,,,,,,,,,,,,,,,,,,,,,,,,,,,,,,,,,,,,,,,,,,,,,,,,,,,,,,,,,,,,,,,,,,,,,,,,,,,,,,,,,,,,,,,,,,,,,,,,,,,,,,,,,,,,,,,,,,,,,,,,,,,,
,,,,,,DCM200B,,,,DCM200B,DCM200B,DCM200B Dewalt 1/2in x 18in - Band File,-- Unbranded --,,,Black & Decker/dewlt (2585),,,,,,,,,,,,,,,,,,,,,,,,,,,,,,,,,,,,,,,,,,,,,,,,,,,,,,,,,,,,,,,,,,,,,,,,,,,,,,,,,,,,,,,,,,,,,,,,,,,,,,,,,,,,,,,,,,,,,,,,,,,,,,,,,,,,,,,,,,,,,,,,,,,,,,,,,,,,,,,,,,,,,,,,,,,,,,,,,,,,,,,,,,,,,,,,,,,,,,,,,,,,,,,,,,,,,,,,,,,,,,,,,,,,,,,,,,,
,,,,,,DCG410B,,,,DCG410B,DCG410B,DCG410B Dewalt 20V 4-1/2 -5  - Angle Grinder (Bare),-- Unbranded --,,,Black & Decker/dewlt (2585),,,,,,,,,,,,,,,,,,,,,,,,,,,,,,,,,,,,,,,,,,,,,,,,,,,,,,,,,,,,,,,,,,,,,,,,,,,,,,,,,,,,,,,,,,,,,,,,,,,,,,,,,,,,,,,,,,,,,,,,,,,,,,,,,,,,,,,,,,,,,,,,,,,,,,,,,,,,,,,,,,,,,,,,,,,,,,,,,,,,,,,,,,,,,,,,,,,,,,,,,,,,,,,,,,,,,,,,,,,,,,,,,,,,,,,,,,,
,,,,,,DCG460B,,,,DCG460B,DCG460B,DCG460B Dewalt 60V Grinder - 7-9 ,-- Unbranded --,,,Black & Decker/dewlt (2585),,,,,,,,,,,,,,,,,,,,,,,,,,,,,,,,,,,,,,,,,,,,,,,,,,,,,,,,,,,,,,,,,,,,,,,,,,,,,,,,,,,,,,,,,,,,,,,,,,,,,,,,,,,,,,,,,,,,,,,,,,,,,,,,,,,,,,,,,,,,,,,,,,,,,,,,,,,,,,,,,,,,,,,,,,,,,,,,,,,,,,,,,,,,,,,,,,,,,,,,,,,,,,,,,,,,,,,,,,,,,,,,,,,,,,,,,,,
,,,,,,DCG402B,,,,DCG402B,DCG402B,DCG402B Dewalt 20V 4.5  Angle Grinder (Bare),-- Unbranded --,,,Black & Decker/dewlt (2585),,,,,,,,,,,,,,,,,,,,,,,,,,,,,,,,,,,,,,,,,,,,,,,,,,,,,,,,,,,,,,,,,,,,,,,,,,,,,,,,,,,,,,,,,,,,,,,,,,,,,,,,,,,,,,,,,,,,,,,,,,,,,,,,,,,,,,,,,,,,,,,,,,,,,,,,,,,,,,,,,,,,,,,,,,,,,,,,,,,,,,,,,,,,,,,,,,,,,,,,,,,,,,,,,,,,,,,,,,,,,,,,,,,,,,,,,,,
https://www.milwaukeetool.com/products/details/m12-fuel-1-4-right-angle-die-grinder/3485-20,,,,,,3485-20,,,,3485-20,3485-20,3485-20 Milw M12 1/4  Right Angle Die Grinder,-- Unbranded --,,,Milwaukee Accessory (4031),Milwaukee Tool,Milwaukee,,,,,,,,,,,,,,,,,,,,,,,,,,,,,,,,,,,,,,,,,,,,,,,,,,,,,,,,,,,,,,,,,,,,,,,,,,,,,,,,,,,,,,,,,,,,,,,,,,,,,,,,,,,,,,,,,,,,,,,,,,,,,,,,,,,,,,,,,,,,,,,,,,,,,,,,,,,,,,,,,,,,,,,,,,,,,,,,,,,,,,,,,,,,,,,,,,,,,,,,,,,,,,,,,,,,,,,,,,,,,,,,,,,,,,,,,
,,,,,,DCG420B,,,,DCG420B,DCG420B,DCG420B Dewalt 20V Die Grinder (Bare),-- Unbranded --,,,Black & Decker/dewlt (2585),,,,,,,,,,,,,,,,,,,,,,,,,,,,,,,,,,,,,,,,,,,,,,,,,,,,,,,,,,,,,,,,,,,,,,,,,,,,,,,,,,,,,,,,,,,,,,,,,,,,,,,,,,,,,,,,,,,,,,,,,,,,,,,,,,,,,,,,,,,,,,,,,,,,,,,,,,,,,,,,,,,,,,,,,,,,,,,,,,,,,,,,,,,,,,,,,,,,,,,,,,,,,,,,,,,,,,,,,,,,,,,,,,,,,,,,,,,
,,,,,,DCG422B,,,,DCG422B,DCG422B,DCG422B Dewalt 20V Right Angle Die Grinder (Bare),-- Unbranded --,,,Black & Decker/dewlt (2585),,,,,,,,,,,,,,,,,,,,,,,,,,,,,,,,,,,,,,,,,,,,,,,,,,,,,,,,,,,,,,,,,,,,,,,,,,,,,,,,,,,,,,,,,,,,,,,,,,,,,,,,,,,,,,,,,,,,,,,,,,,,,,,,,,,,,,,,,,,,,,,,,,,,,,,,,,,,,,,,,,,,,,,,,,,,,,,,,,,,,,,,,,,,,,,,,,,,,,,,,,,,,,,,,,,,,,,,,,,,,,,,,,,,,,,,,,,
,,,,,,924422,,,,924422,924422,924422 Mafell Carpentry - Planing Machine ZH 320 Ec 120V,-- Unbranded --,,,-,,,,,,,,,,,,,,,,,,,,,,,,,,,,,,,,,,,,,,,,,,,,,,,,,,,,,,,,,,,,,,,,,,,,,,,,,,,,,,,,,,,,,,,,,,,,,,,,,,,,,,,,,,,,,,,,,,,,,,,,,,,,,,,,,,,,,,,,,,,,,,,,,,,,,,,,,,,,,,,,,,,,,,,,,,,,,,,,,,,,,,,,,,,,,,,,,,,,,,,,,,,,,,,,,,,,,,,,,,,,,,,,,,,,,,,,,,,
,,,,,,DCW620B,,,,DCW620B,DCW620B,DCW620B Dewalt 20V Plunge - Router,-- Unbranded --,,,Black & Decker/dewlt (2585),,,,,,,,,,,,,,,,,,,,,,,,,,,,,,,,,,,,,,,,,,,,,,,,,,,,,,,,,,,,,,,,,,,,,,,,,,,,,,,,,,,,,,,,,,,,,,,,,,,,,,,,,,,,,,,,,,,,,,,,,,,,,,,,,,,,,,,,,,,,,,,,,,,,,,,,,,,,,,,,,,,,,,,,,,,,,,,,,,,,,,,,,,,,,,,,,,,,,,,,,,,,,,,,,,,,,,,,,,,,,,,,,,,,,,,,,,,
,,,,,,,,,,,,,,,,,,,,,,,,,,,,,,,,,,,,,,,,,,,,,,,,,,,,,,,,,,,,,,,,,,,,,,,,,,,,,,,,,,,,,,,,,,,,,,,,,,,,,,,,,,,,,,,,,,,,,,,,,,,,,,,,,,,,,,,,,,,,,,,,,,,,,,,,,,,,,,,,,,,,,,,,,,,,,,,,,,,,,,,,,,,,,,,,,,,,,,,,,,,,,,,,,,,,,,,,,,,,,,,,,,,,,,,,,,,,,,,,,,,,,,,,,,,
https://www.milwaukeetool.com/products/details/m18-fuel-5-random-orbital-sander/2837-20,,,,,,2837-20,,,,2837-20,2837-20,2837-20 Milw M18 5  Sander - Orbital (Bare),-- Unbranded --,,,Milwaukee Accessory (4031),Milwaukee Tool,Milwaukee,,,,,,,,,,,,,,,,,,,,,,,,,,,,,,,,,,,,,,,,,,,,,,,,,,,,,,,,,,,,,,,,,,,,,,,,,,,,,,,,,,,,,,,,,,,,,,,,,,,,,,,,,,,,,,,,,,,,,,,,,,,,,,,,,,,,,,,,,,,,,,,,,,,,,,,,,,,,,,,,,,,,,,,,,,,,,,,,,,,,,,,,,,,,,,,,,,,,,,,,,,,,,,,,,,,,,,,,,,,,,,,,,,,,,,,,,
,,,,,,577728,,,,577728,577728,577728 Festool Cordless Sander - ETSC 2 150 I-Plus,-- Unbranded --,,,Festool USA (FESTO),,,,,,,,,,,,,,,,,,,,,,,,,,,,,,,,,,,,,,,,,,,,,,,,,,,,,,,,,,,,,,,,,,,,,,,,,,,,,,,,,,,,,,,,,,,,,,,,,,,,,,,,,,,,,,,,,,,,,,,,,,,,,,,,,,,,,,,,,,,,,,,,,,,,,,,,,,,,,,,,,,,,,,,,,,,,,,,,,,,,,,,,,,,,,,,,,,,,,,,,,,,,,,,,,,,,,,,,,,,,,,,,,,,,,,,,,,,
,,,,,,577738,,,,577738,577738,577738 Festool Cordless Sander - ETSC 2 125 I-Plus,-- Unbranded --,,,Festool USA (FESTO),,,,,,,,,,,,,,,,,,,,,,,,,,,,,,,,,,,,,,,,,,,,,,,,,,,,,,,,,,,,,,,,,,,,,,,,,,,,,,,,,,,,,,,,,,,,,,,,,,,,,,,,,,,,,,,,,,,,,,,,,,,,,,,,,,,,,,,,,,,,,,,,,,,,,,,,,,,,,,,,,,,,,,,,,,,,,,,,,,,,,,,,,,,,,,,,,,,,,,,,,,,,,,,,,,,,,,,,,,,,,,,,,,,,,,,,,,,
,,,,,,KPTRS500A,,,,KPTRS500A,KPTRS500A,KPTRS500A Kreg 20V Ionic 5  Random Orbit Sander,-- Unbranded --,,,Kreg Tool Company (KRETO),,,,,,,,,,,,,,,,,,,,,,,,,,,,,,,,,,,,,,,,,,,,,,,,,,,,,,,,,,,,,,,,,,,,,,,,,,,,,,,,,,,,,,,,,,,,,,,,,,,,,,,,,,,,,,,,,,,,,,,,,,,,,,,,,,,,,,,,,,,,,,,,,,,,,,,,,,,,,,,,,,,,,,,,,,,,,,,,,,,,,,,,,,,,,,,,,,,,,,,,,,,,,,,,,,,,,,,,,,,,,,,,,,,,,,,,,,,
,,,,,,24-35M-320,,,,24-35M-320,24-35M-320,24-35M-320 Iridium Grip - 3.2  x 5.2  Grip,-- Unbranded --,,,Mirka Abrasives Inc (MIRUS),,,,,,,,,,,,,,,,,,,,,,,,,,,,,,,,,,,,,,,,,,,,,,,,,,,,,,,,,,,,,,,,,,,,,,,,,,,,,,,,,,,,,,,,,,,,,,,,,,,,,,,,,,,,,,,,,,,,,,,,,,,,,,,,,,,,,,,,,,,,,,,,,,,,,,,,,,,,,,,,,,,,,,,,,,,,,,,,,,,,,,,,,,,,,,,,,,,,,,,,,,,,,,,,,,,,,,,,,,,,,,,,,,,,,,,,,,,
,,,,,,9A-129-120,,,,9A-129-120,9A-129-120,9A-129-120 Abranet 3x4 - 50 Sheets/Box,-- Unbranded --,,,Mirka Abrasives Inc (MIRUS),,,,,,,,,,,,,,,,,,,,,,,,,,,,,,,,,,,,,,,,,,,,,,,,,,,,,,,,,,,,,,,,,,,,,,,,,,,,,,,,,,,,,,,,,,,,,,,,,,,,,,,,,,,,,,,,,,,,,,,,,,,,,,,,,,,,,,,,,,,,,,,,,,,,,,,,,,,,,,,,,,,,,,,,,,,,,,,,,,,,,,,,,,,,,,,,,,,,,,,,,,,,,,,,,,,,,,,,,,,,,,,,,,,,,,,,,,,
,,,,,,578800,,,,578800,578800,578800 Festool 80x133 M GR PRO/10,-- Unbranded --,,,Festool USA (FESTO),,,,,,,,,,,,,,,,,,,,,,,,,,,,,,,,,,,,,,,,,,,,,,,,,,,,,,,,,,,,,,,,,,,,,,,,,,,,,,,,,,,,,,,,,,,,,,,,,,,,,,,,,,,,,,,,,,,,,,,,,,,,,,,,,,,,,,,,,,,,,,,,,,,,,,,,,,,,,,,,,,,,,,,,,,,,,,,,,,,,,,,,,,,,,,,,,,,,,,,,,,,,,,,,,,,,,,,,,,,,,,,,,,,,,,,,,,,
,,,,,,578801,,,,578801,578801,578801 Festool 80x133 F GR PRO/10,-- Unbranded --,,,Festool USA (FESTO),,,,,,,,,,,,,,,,,,,,,,,,,,,,,,,,,,,,,,,,,,,,,,,,,,,,,,,,,,,,,,,,,,,,,,,,,,,,,,,,,,,,,,,,,,,,,,,,,,,,,,,,,,,,,,,,,,,,,,,,,,,,,,,,,,,,,,,,,,,,,,,,,,,,,,,,,,,,,,,,,,,,,,,,,,,,,,,,,,,,,,,,,,,,,,,,,,,,,,,,,,,,,,,,,,,,,,,,,,,,,,,,,,,,,,,,,,,
,,,,,,578802,,,,578802,578802,578802 Festool 80x133 S GR PRO/10,-- Unbranded --,,,Festool USA (FESTO),,,,,,,,,,,,,,,,,,,,,,,,,,,,,,,,,,,,,,,,,,,,,,,,,,,,,,,,,,,,,,,,,,,,,,,,,,,,,,,,,,,,,,,,,,,,,,,,,,,,,,,,,,,,,,,,,,,,,,,,,,,,,,,,,,,,,,,,,,,,,,,,,,,,,,,,,,,,,,,,,,,,,,,,,,,,,,,,,,,,,,,,,,,,,,,,,,,,,,,,,,,,,,,,,,,,,,,,,,,,,,,,,,,,,,,,,,,